sim_t,pos,vel,state,cmd_exact,cmd_lo,cmd_hi
397.492000,0.030000,0.000000,unrailed,0.030000,,
397.493000,0.030000,-0.000000,unrailed,0.030000,,
397.494000,0.030000,0.000000,unrailed,0.030000,,
397.495000,0.030000,-0.000000,unrailed,0.030000,,
397.496000,0.030000,0.000000,unrailed,0.030000,,
397.497000,0.030000,-0.000000,unrailed,0.030000,,
397.498000,0.030000,0.000000,unrailed,0.030000,,
397.499000,0.030000,-0.000000,unrailed,0.030000,,
397.500000,0.030000,0.000000,unrailed,0.030000,,
397.501000,0.030000,-0.000000,unrailed,0.030000,,
397.502000,0.030000,0.000000,unrailed,0.030000,,
397.503000,0.030000,-0.000000,unrailed,0.030000,,
397.504000,0.030000,0.000000,unrailed,0.030000,,
397.505000,0.030000,-0.000000,unrailed,0.030000,,
397.506000,0.030000,0.000000,unrailed,0.030000,,
397.507000,0.030000,-0.000000,unrailed,0.030000,,
397.508000,0.030000,0.000000,unrailed,0.030000,,
397.509000,0.030000,-0.000000,unrailed,0.030000,,
397.510000,0.030000,0.000000,unrailed,0.030000,,
397.511000,0.030000,-0.000000,unrailed,0.030000,,
397.512000,0.030000,0.000000,unrailed,0.030000,,
397.513000,0.030000,-0.000000,unrailed,0.030000,,
397.514000,0.030000,0.000000,unrailed,0.030000,,
397.515000,0.030000,-0.000000,unrailed,0.030000,,
397.516000,0.030000,0.000000,unrailed,0.030000,,
397.517000,0.030000,-0.000000,unrailed,0.030000,,
397.518000,0.030000,0.000000,unrailed,0.030000,,
397.519000,0.030000,-0.000000,unrailed,0.030000,,
397.520000,0.030000,0.000000,unrailed,0.030000,,
397.521000,0.030000,-0.000000,unrailed,0.030000,,
397.522000,0.030000,0.000000,unrailed,0.030000,,
397.523000,0.030000,-0.000000,unrailed,0.030000,,
397.524000,0.030000,0.000000,unrailed,0.030000,,
397.525000,0.030000,-0.000000,unrailed,0.030000,,
397.526000,0.030000,0.000000,unrailed,0.030000,,
397.527000,0.030000,-0.000000,unrailed,0.030000,,
397.528000,0.030000,0.000000,unrailed,0.030000,,
397.529000,0.030000,-0.000000,unrailed,0.030000,,
397.530000,0.030000,0.000000,unrailed,0.030000,,
397.531000,0.030000,-0.000000,unrailed,0.030000,,
397.532000,0.030000,0.000000,unrailed,0.030000,,
397.533000,0.030000,-0.000000,unrailed,0.030000,,
397.534000,0.030000,0.000000,unrailed,0.030000,,
397.535000,0.030000,-0.000000,unrailed,0.030000,,
397.536000,0.030000,0.000000,unrailed,0.030000,,
397.537000,0.030000,-0.000000,unrailed,0.030000,,
397.538000,0.030000,0.000000,unrailed,0.030000,,
397.539000,0.030000,-0.000000,unrailed,0.030000,,
397.540000,0.030000,0.000000,unrailed,0.030000,,
397.541000,0.030000,-0.000000,unrailed,0.030000,,
397.542000,0.030000,0.000000,unrailed,0.030000,,
397.543000,0.030000,-0.000000,unrailed,0.030000,,
397.544000,0.030000,0.000000,unrailed,0.030000,,
397.545000,0.030000,-0.000000,unrailed,0.030000,,
397.546000,0.030000,0.000000,unrailed,0.030000,,
397.547000,0.030000,-0.000000,unrailed,0.030000,,
397.548000,0.030000,0.000000,unrailed,0.030000,,
397.549000,0.030000,-0.000000,unrailed,0.030000,,
397.550000,0.030000,0.000000,unrailed,0.030000,,
397.551000,0.030000,-0.000000,unrailed,0.030000,,
397.552000,0.030000,0.000000,unrailed,0.030000,,
397.553000,0.030000,-0.000000,unrailed,0.030000,,
397.554000,0.030000,0.000000,unrailed,0.030000,,
397.555000,0.030000,-0.000000,unrailed,0.030000,,
397.556000,0.030000,0.000000,unrailed,0.030000,,
397.557000,0.030000,-0.000000,unrailed,0.030000,,
397.558000,0.030000,0.000000,unrailed,0.030000,,
397.559000,0.030000,-0.000000,unrailed,0.030000,,
397.560000,0.030000,0.000000,unrailed,0.030000,,
397.561000,0.030000,-0.000000,unrailed,0.030000,,
397.562000,0.030000,0.000000,unrailed,0.030000,,
397.563000,0.030000,-0.000000,unrailed,0.030000,,
397.564000,0.030000,0.000000,unrailed,0.030000,,
397.565000,0.030000,-0.000000,unrailed,0.030000,,
397.566000,0.030000,0.000000,unrailed,0.030000,,
397.567000,0.030000,-0.000000,unrailed,0.030000,,
397.568000,0.030000,0.000000,unrailed,0.030000,,
397.569000,0.030000,-0.000000,unrailed,0.030000,,
397.570000,0.030000,0.000000,unrailed,0.030000,,
397.571000,0.030000,-0.000000,unrailed,0.030000,,
397.572000,0.030000,0.000000,unrailed,0.030000,,
397.573000,0.030000,-0.000000,unrailed,0.030000,,
397.574000,0.030000,0.000000,unrailed,0.030000,,
397.575000,0.030000,-0.000000,unrailed,0.030000,,
397.576000,0.030000,0.000000,unrailed,0.030000,,
397.577000,0.030000,-0.000000,unrailed,0.030000,,
397.578000,0.030000,0.000000,unrailed,0.030000,,
397.579000,0.030000,-0.000000,unrailed,0.030000,,
397.580000,0.030000,0.000000,unrailed,0.030000,,
397.581000,0.030000,-0.000000,unrailed,0.030000,,
397.582000,0.030000,0.000000,unrailed,0.030000,,
397.583000,0.030000,-0.000000,unrailed,0.030000,,
397.584000,0.030000,0.000000,unrailed,0.030000,,
397.585000,0.030000,-0.000000,unrailed,0.030000,,
397.586000,0.030000,0.000000,unrailed,0.030000,,
397.587000,0.030000,-0.000000,unrailed,0.030000,,
397.588000,0.030000,0.000000,unrailed,0.030000,,
397.589000,0.030000,-0.000000,unrailed,0.030000,,
397.590000,0.030000,0.000000,unrailed,0.030000,,
397.591000,0.030000,-0.000000,unrailed,0.030000,,
397.592000,0.030000,0.000000,unrailed,0.030000,,
397.593000,0.030000,-0.000000,unrailed,0.030000,,
397.594000,0.030000,0.000000,unrailed,0.030000,,
397.595000,0.030000,-0.000000,unrailed,0.030000,,
397.596000,0.030000,0.000000,unrailed,0.030000,,
397.597000,0.030000,-0.000000,unrailed,0.030000,,
397.598000,0.030000,0.000000,unrailed,0.030000,,
397.599000,0.030000,-0.000000,unrailed,0.030000,,
397.600000,0.030000,0.000000,unrailed,0.030000,,
397.601000,0.030000,-0.000000,unrailed,0.030000,,
397.602000,0.030000,0.000000,unrailed,0.030000,,
397.603000,0.030000,-0.000000,unrailed,0.030000,,
397.604000,0.030000,0.000000,unrailed,0.030000,,
397.605000,0.030000,-0.000000,unrailed,0.030000,,
397.606000,0.030000,0.000000,unrailed,0.030000,,
397.607000,0.030000,-0.000000,unrailed,0.030000,,
397.608000,0.030000,0.000000,unrailed,0.030000,,
397.609000,0.030000,-0.000000,unrailed,0.030000,,
397.610000,0.030000,0.000000,unrailed,0.030000,,
397.611000,0.030000,-0.000000,unrailed,0.030000,,
397.612000,0.030000,0.000000,unrailed,0.030000,,
397.613000,0.030000,-0.000000,unrailed,0.030000,,
397.614000,0.030000,0.000000,unrailed,0.030000,,
397.615000,0.030000,-0.000000,unrailed,0.030000,,
397.616000,0.030000,0.000000,unrailed,0.030000,,
397.617000,0.030000,-0.000000,unrailed,0.030000,,
397.618000,0.030000,0.000000,unrailed,0.030000,,
397.619000,0.030000,-0.000000,unrailed,0.030000,,
397.620000,0.030000,0.000000,unrailed,0.030000,,
397.621000,0.030000,-0.000000,unrailed,0.030000,,
397.622000,0.030000,0.000000,unrailed,0.030000,,
397.623000,0.030000,-0.000000,unrailed,0.030000,,
397.624000,0.030000,0.000000,unrailed,0.030000,,
397.625000,0.030000,-0.000000,unrailed,0.030000,,
397.626000,0.030000,0.000000,unrailed,0.030000,,
397.627000,0.030000,-0.000000,unrailed,0.030000,,
397.628000,0.030000,0.000000,unrailed,0.030000,,
397.629000,0.030000,-0.000000,unrailed,0.030000,,
397.630000,0.030000,0.000000,unrailed,0.030000,,
397.631000,0.030000,-0.000000,unrailed,0.030000,,
397.632000,0.030000,0.000000,unrailed,0.030000,,
397.633000,0.030000,-0.000000,unrailed,0.030000,,
397.634000,0.030000,0.000000,unrailed,0.030000,,
397.635000,0.030000,-0.000000,unrailed,0.030000,,
397.636000,0.030000,0.000000,unrailed,0.030000,,
397.637000,0.030000,-0.000000,unrailed,0.030000,,
397.638000,0.030000,0.000000,unrailed,0.030000,,
397.639000,0.030000,-0.000000,unrailed,0.030000,,
397.640000,0.030000,0.000000,unrailed,0.030000,,
397.641000,0.030000,-0.000000,unrailed,0.030000,,
397.642000,0.030000,0.000000,unrailed,0.030000,,
397.643000,0.030000,-0.000000,unrailed,0.030000,,
397.644000,0.030000,0.000000,unrailed,0.030000,,
397.645000,0.030000,-0.000000,unrailed,0.030000,,
397.646000,0.030000,0.000000,unrailed,0.030000,,
397.647000,0.030000,-0.000000,unrailed,0.030000,,
397.648000,0.030000,0.000000,unrailed,0.030000,,
397.649000,0.030000,-0.000000,unrailed,0.030000,,
397.650000,0.030000,0.000000,unrailed,0.030000,,
397.651000,0.030000,-0.000000,unrailed,0.030000,,
397.652000,0.030000,0.000000,unrailed,0.030000,,
397.653000,0.030000,-0.000000,unrailed,0.030000,,
397.654000,0.030000,0.000000,unrailed,0.030000,,
397.655000,0.030000,-0.000000,unrailed,0.030000,,
397.656000,0.030000,0.000000,unrailed,0.030000,,
397.657000,0.030000,-0.000000,unrailed,0.030000,,
397.658000,0.030000,0.000000,unrailed,0.030000,,
397.659000,0.030000,-0.000000,unrailed,0.030000,,
397.660000,0.030000,0.000000,unrailed,0.030000,,
397.661000,0.030000,-0.000000,unrailed,0.030000,,
397.662000,0.030000,0.000000,unrailed,0.030000,,
397.663000,0.030000,-0.000000,unrailed,0.030000,,
397.664000,0.030000,0.000000,unrailed,0.030000,,
397.665000,0.030000,-0.000000,unrailed,0.030000,,
397.666000,0.030000,0.000000,unrailed,0.030000,,
397.667000,0.030000,-0.000000,unrailed,0.030000,,
397.668000,0.030000,0.000000,unrailed,0.030000,,
397.669000,0.030000,-0.000000,unrailed,0.030000,,
397.670000,0.030000,0.000000,unrailed,0.030000,,
397.671000,0.030000,-0.000000,unrailed,0.030000,,
397.672000,0.030000,0.000000,unrailed,0.030000,,
397.673000,0.030000,-0.000000,unrailed,0.030000,,
397.674000,0.030000,0.000000,unrailed,0.030000,,
397.675000,0.030000,-0.000000,unrailed,0.030000,,
397.676000,0.030000,0.000000,unrailed,0.030000,,
397.677000,0.030000,-0.000000,unrailed,0.030000,,
397.678000,0.030000,0.000000,unrailed,0.030000,,
397.679000,0.030000,-0.000000,unrailed,0.030000,,
397.680000,0.030000,0.000000,unrailed,0.030000,,
397.681000,0.030000,-0.000000,unrailed,0.030000,,
397.682000,0.030000,0.000000,unrailed,0.030000,,
397.683000,0.030000,-0.000000,unrailed,0.030000,,
397.684000,0.030000,0.000000,unrailed,0.030000,,
397.685000,0.030000,-0.000000,unrailed,0.030000,,
397.686000,0.030000,0.000000,unrailed,0.030000,,
397.687000,0.030000,-0.000000,unrailed,0.030000,,
397.688000,0.030000,0.000000,unrailed,0.030000,,
397.689000,0.030000,-0.000000,unrailed,0.030000,,
397.690000,0.030000,0.000000,unrailed,0.030000,,
397.691000,0.030000,-0.000000,unrailed,0.030000,,
397.692000,0.030000,0.000000,unrailed,0.030000,,
397.693000,0.030000,-0.000000,unrailed,0.030000,,
397.694000,0.030000,0.000000,unrailed,0.030000,,
397.695000,0.030000,-0.000000,unrailed,0.030000,,
397.696000,0.030000,0.000000,unrailed,0.030000,,
397.697000,0.030000,-0.000000,unrailed,0.030000,,
397.698000,0.030000,0.000000,unrailed,0.030000,,
397.699000,0.030000,-0.000000,unrailed,0.030000,,
397.700000,0.030000,0.000000,unrailed,0.030000,,
397.701000,0.030000,-0.000000,unrailed,0.030000,,
397.702000,0.030000,0.000000,unrailed,0.030000,,
397.703000,0.030000,-0.000000,unrailed,0.030000,,
397.704000,0.030000,0.000000,unrailed,0.030000,,
397.705000,0.030000,-0.000000,unrailed,0.030000,,
397.706000,0.030000,0.000000,unrailed,0.030000,,
397.707000,0.030000,-0.000000,unrailed,0.030000,,
397.708000,0.030000,0.000000,unrailed,0.030000,,
397.709000,0.030000,-0.000000,unrailed,0.030000,,
397.710000,0.030000,0.000000,unrailed,0.030000,,
397.711000,0.030000,-0.000000,unrailed,0.030000,,
397.712000,0.030000,0.000000,unrailed,0.030000,,
397.713000,0.030000,-0.000000,unrailed,0.030000,,
397.714000,0.030000,0.000000,unrailed,0.030000,,
397.715000,0.030000,-0.000000,unrailed,0.030000,,
397.716000,0.030000,0.000000,unrailed,0.030000,,
397.717000,0.030000,-0.000000,unrailed,0.030000,,
397.718000,0.030000,0.000000,unrailed,0.030000,,
397.719000,0.030000,-0.000000,unrailed,0.030000,,
397.720000,0.030000,0.000000,unrailed,0.030000,,
397.721000,0.030000,-0.000000,unrailed,0.030000,,
397.722000,0.030000,0.000000,unrailed,0.030000,,
397.723000,0.030000,-0.000000,unrailed,0.030000,,
397.724000,0.030000,0.000000,unrailed,0.030000,,
397.725000,0.030000,-0.000000,unrailed,0.030000,,
397.726000,0.030000,0.000000,unrailed,0.030000,,
397.727000,0.030000,-0.000000,unrailed,0.030000,,
397.728000,0.030000,0.000000,unrailed,0.030000,,
397.729000,0.030000,-0.000000,unrailed,0.030000,,
397.730000,0.030000,0.000000,unrailed,0.030000,,
397.731000,0.030000,-0.000000,unrailed,0.030000,,
397.732000,0.030000,0.000000,unrailed,0.030000,,
397.733000,0.030000,-0.000000,unrailed,0.030000,,
397.734000,0.030000,0.000000,unrailed,0.030000,,
397.735000,0.030000,-0.000000,unrailed,0.030000,,
397.736000,0.030000,0.000000,unrailed,0.030000,,
397.737000,0.030000,-0.000000,unrailed,0.030000,,
397.738000,0.030000,0.000000,unrailed,0.030000,,
397.739000,0.030000,-0.000000,unrailed,0.030000,,
397.740000,0.030000,0.000000,unrailed,0.030000,,
397.741000,0.030000,-0.000000,unrailed,0.030000,,
397.742000,0.030000,0.000000,unrailed,0.030000,,
397.743000,0.030000,-0.000000,unrailed,0.030000,,
397.744000,0.030000,0.000000,unrailed,0.030000,,
397.745000,0.030000,-0.000000,unrailed,0.030000,,
397.746000,0.030000,0.000000,unrailed,0.030000,,
397.747000,0.030000,-0.000000,unrailed,0.030000,,
397.748000,0.030000,0.000000,unrailed,0.030000,,
397.749000,0.030000,-0.000000,unrailed,0.030000,,
397.750000,0.030000,0.000000,unrailed,0.030000,,
397.751000,0.030000,-0.000000,unrailed,0.030000,,
397.752000,0.030000,0.000000,unrailed,0.030000,,
397.753000,0.030000,-0.000000,unrailed,0.030000,,
397.754000,0.030000,0.000000,unrailed,0.030000,,
397.755000,0.030000,-0.000000,unrailed,0.030000,,
397.756000,0.030000,0.000000,unrailed,0.030000,,
397.757000,0.030000,-0.000000,unrailed,0.030000,,
397.758000,0.030000,0.000000,unrailed,0.030000,,
397.759000,0.030000,-0.000000,unrailed,0.030000,,
397.760000,0.030000,0.000000,unrailed,0.030000,,
397.761000,0.030000,-0.000000,unrailed,0.030000,,
397.762000,0.030000,0.000000,unrailed,0.030000,,
397.763000,0.030000,-0.000000,unrailed,0.030000,,
397.764000,0.030000,0.000000,unrailed,0.030000,,
397.765000,0.030000,-0.000000,unrailed,0.030000,,
397.766000,0.030000,0.000000,unrailed,0.030000,,
397.767000,0.030000,-0.000000,unrailed,0.030000,,
397.768000,0.030000,0.000000,unrailed,0.030000,,
397.769000,0.030000,-0.000000,unrailed,0.030000,,
397.770000,0.030000,0.000000,unrailed,0.030000,,
397.771000,0.030000,-0.000000,unrailed,0.030000,,
397.772000,0.030000,0.000000,unrailed,0.030000,,
397.773000,0.030000,-0.000000,unrailed,0.030000,,
397.774000,0.030000,0.000000,unrailed,0.030000,,
397.775000,0.030000,-0.000000,unrailed,0.030000,,
397.776000,0.030000,0.000000,unrailed,0.030000,,
397.777000,0.030000,-0.000000,unrailed,0.030000,,
397.778000,0.030000,0.000000,unrailed,0.030000,,
397.779000,0.030000,-0.000000,unrailed,0.030000,,
397.780000,0.030000,0.000000,unrailed,0.030000,,
397.781000,0.030000,-0.000000,unrailed,0.030000,,
397.782000,0.030000,0.000000,unrailed,0.030000,,
397.783000,0.030000,-0.000000,unrailed,0.030000,,
397.784000,0.030000,0.000000,unrailed,0.030000,,
397.785000,0.030000,-0.000000,unrailed,0.030000,,
397.786000,0.030000,0.000000,unrailed,0.030000,,
397.787000,0.030000,-0.000000,unrailed,0.030000,,
397.788000,0.030000,0.000000,unrailed,0.030000,,
397.789000,0.030000,-0.000000,unrailed,0.030000,,
397.790000,0.030000,0.000000,unrailed,0.030000,,
397.791000,0.030000,-0.000000,unrailed,0.030000,,
397.792000,0.030000,0.000000,unrailed,0.030000,,
397.793000,0.030000,-0.000000,unrailed,0.030000,,
397.794000,0.030000,0.000000,unrailed,0.030000,,
397.795000,0.030000,-0.000000,unrailed,0.030000,,
397.796000,0.030000,0.000000,unrailed,0.030000,,
397.797000,0.030000,-0.000000,unrailed,0.030000,,
397.798000,0.030000,0.000000,unrailed,0.030000,,
397.799000,0.030000,-0.000000,unrailed,0.030000,,
397.800000,0.030000,0.000000,unrailed,0.030000,,
397.801000,0.030000,-0.000000,unrailed,0.030000,,
397.802000,0.030000,0.000000,unrailed,0.030000,,
397.803000,0.030000,-0.000000,unrailed,0.030000,,
397.804000,0.030000,0.000000,unrailed,0.030000,,
397.805000,0.030000,-0.000000,unrailed,0.030000,,
397.806000,0.030000,0.000000,unrailed,0.030000,,
397.807000,0.030000,-0.000000,unrailed,0.030000,,
397.808000,0.030000,0.000000,unrailed,0.030000,,
397.809000,0.030000,-0.000000,unrailed,0.030000,,
397.810000,0.030000,0.000000,unrailed,0.030000,,
397.811000,0.030000,-0.000000,unrailed,0.030000,,
397.812000,0.030000,0.000000,unrailed,0.030000,,
397.813000,0.030000,-0.000000,unrailed,0.030000,,
397.814000,0.030000,0.000000,unrailed,0.030000,,
397.815000,0.030000,-0.000000,unrailed,0.030000,,
397.816000,0.030000,0.000000,unrailed,0.030000,,
397.817000,0.030000,-0.000000,unrailed,0.030000,,
397.818000,0.030000,0.000000,unrailed,0.030000,,
397.819000,0.030000,-0.000000,unrailed,0.030000,,
397.820000,0.030000,0.000000,unrailed,0.030000,,
397.821000,0.030000,-0.000000,unrailed,0.030000,,
397.822000,0.030000,0.000000,unrailed,0.030000,,
397.823000,0.030000,-0.000000,unrailed,0.030000,,
397.824000,0.030000,0.000000,unrailed,0.030000,,
397.825000,0.030000,-0.000000,unrailed,0.030000,,
397.826000,0.030000,0.000000,unrailed,0.030000,,
397.827000,0.030000,-0.000000,unrailed,0.030000,,
397.828000,0.030000,0.000000,unrailed,0.030000,,
397.829000,0.030000,-0.000000,unrailed,0.030000,,
397.830000,0.030000,0.000000,unrailed,0.030000,,
397.831000,0.030000,-0.000000,unrailed,0.030000,,
397.832000,0.030000,0.000000,unrailed,0.030000,,
397.833000,0.030000,-0.000000,unrailed,0.030000,,
397.834000,0.030000,0.000000,unrailed,0.030000,,
397.835000,0.030000,-0.000000,unrailed,0.030000,,
397.836000,0.030000,0.000000,unrailed,0.030000,,
397.837000,0.030000,-0.000000,unrailed,0.030000,,
397.838000,0.030000,0.000000,unrailed,0.030000,,
397.839000,0.030000,-0.000000,unrailed,0.030000,,
397.840000,0.030000,0.000000,unrailed,0.030000,,
397.841000,0.030000,-0.000000,unrailed,0.030000,,
397.842000,0.030000,0.000000,unrailed,0.030000,,
397.843000,0.030000,-0.000000,unrailed,0.030000,,
397.844000,0.030000,0.000000,unrailed,0.030000,,
397.845000,0.030000,-0.000000,unrailed,0.030000,,
397.846000,0.030000,0.000000,unrailed,0.030000,,
397.847000,0.030000,-0.000000,unrailed,0.030000,,
397.848000,0.030000,0.000000,unrailed,0.030000,,
397.849000,0.030000,-0.000000,unrailed,0.030000,,
397.850000,0.030000,0.000000,unrailed,0.030000,,
397.851000,0.030000,-0.000000,unrailed,0.030000,,
397.852000,0.030000,0.000000,unrailed,0.030000,,
397.853000,0.030000,-0.000000,unrailed,0.030000,,
397.854000,0.030000,0.000000,unrailed,0.030000,,
397.855000,0.030000,-0.000000,unrailed,0.030000,,
397.856000,0.030000,0.000000,unrailed,0.030000,,
397.857000,0.030000,-0.000000,unrailed,0.030000,,
397.858000,0.030000,0.000000,unrailed,0.030000,,
397.859000,0.030000,-0.000000,unrailed,0.030000,,
397.860000,0.030000,0.000000,unrailed,0.030000,,
397.861000,0.030000,-0.000000,unrailed,0.030000,,
397.862000,0.030000,0.000000,unrailed,0.030000,,
397.863000,0.030000,-0.000000,unrailed,0.030000,,
397.864000,0.030000,0.000000,unrailed,0.030000,,
397.865000,0.030000,-0.000000,unrailed,0.030000,,
397.866000,0.030000,0.000000,unrailed,0.030000,,
397.867000,0.030000,-0.000000,unrailed,0.030000,,
397.868000,0.030000,0.000000,unrailed,0.030000,,
397.869000,0.030000,-0.000000,unrailed,0.030000,,
397.870000,0.030000,0.000000,unrailed,0.030000,,
397.871000,0.030000,-0.000000,unrailed,0.030000,,
397.872000,0.030000,0.000000,unrailed,0.030000,,
397.873000,0.030000,-0.000000,unrailed,0.030000,,
397.874000,0.030000,0.000000,unrailed,0.030000,,
397.875000,0.030000,-0.000000,unrailed,0.030000,,
397.876000,0.030000,0.000000,unrailed,0.030000,,
397.877000,0.030000,-0.000000,unrailed,0.030000,,
397.878000,0.030000,0.000000,unrailed,0.030000,,
397.879000,0.030000,-0.000000,unrailed,0.030000,,
397.880000,0.030000,0.000000,unrailed,0.030000,,
397.881000,0.030000,-0.000000,unrailed,0.030000,,
397.882000,0.030000,0.000000,unrailed,0.030000,,
397.883000,0.030000,-0.000000,unrailed,0.030000,,
397.884000,0.030000,0.000000,unrailed,0.030000,,
397.885000,0.030000,-0.000000,unrailed,0.030000,,
397.886000,0.030000,0.000000,unrailed,0.030000,,
397.887000,0.030000,-0.000000,unrailed,0.030000,,
397.888000,0.030000,0.000000,unrailed,0.030000,,
397.889000,0.030000,-0.000000,unrailed,0.030000,,
397.890000,0.030000,0.000000,unrailed,0.030000,,
397.891000,0.030000,-0.000000,unrailed,0.030000,,
397.892000,0.030000,0.000000,unrailed,0.030000,,
397.893000,0.030000,-0.000000,unrailed,0.030000,,
397.894000,0.030000,0.000000,unrailed,0.030000,,
397.895000,0.030000,-0.000000,unrailed,0.030000,,
397.896000,0.030000,0.000000,unrailed,0.030000,,
397.897000,0.030000,-0.000000,unrailed,0.030000,,
397.898000,0.030000,0.000000,unrailed,0.030000,,
397.899000,0.030000,-0.000000,unrailed,0.030000,,
397.900000,0.030000,0.000000,unrailed,0.030000,,
397.901000,0.030000,-0.000000,unrailed,0.030000,,
397.902000,0.030000,0.000000,unrailed,0.030000,,
397.903000,0.030000,-0.000000,unrailed,0.030000,,
397.904000,0.030000,0.000000,unrailed,0.030000,,
397.905000,0.030000,-0.000000,unrailed,0.030000,,
397.906000,0.030000,0.000000,unrailed,0.030000,,
397.907000,0.030000,-0.000000,unrailed,0.030000,,
397.908000,0.030000,0.000000,unrailed,0.030000,,
397.909000,0.030000,-0.000000,unrailed,0.030000,,
397.910000,0.030000,0.000000,unrailed,0.030000,,
397.911000,0.030000,-0.000000,unrailed,0.030000,,
397.912000,0.030000,0.000000,unrailed,0.030000,,
397.913000,0.030000,-0.000000,unrailed,0.030000,,
397.914000,0.030000,0.000000,unrailed,0.030000,,
397.915000,0.030000,-0.000000,unrailed,0.030000,,
397.916000,0.030000,0.000000,unrailed,0.030000,,
397.917000,0.030000,-0.000000,unrailed,0.030000,,
397.918000,0.030000,0.000000,unrailed,0.030000,,
397.919000,0.030000,-0.000000,unrailed,0.030000,,
397.920000,0.030000,0.000000,unrailed,0.030000,,
397.921000,0.030000,-0.000000,unrailed,0.030000,,
397.922000,0.030000,0.000000,unrailed,0.030000,,
397.923000,0.030000,-0.000000,unrailed,0.030000,,
397.924000,0.030000,0.000000,unrailed,0.030000,,
397.925000,0.030000,-0.000000,unrailed,0.030000,,
397.926000,0.030000,0.000000,unrailed,0.030000,,
397.927000,0.030000,-0.000000,unrailed,0.030000,,
397.928000,0.030000,0.000000,unrailed,0.030000,,
397.929000,0.030000,-0.000000,unrailed,0.030000,,
397.930000,0.030000,0.000000,unrailed,0.030000,,
397.931000,0.030000,-0.000000,unrailed,0.030000,,
397.932000,0.030000,0.000000,unrailed,0.030000,,
397.933000,0.030000,-0.000000,unrailed,0.030000,,
397.934000,0.030000,0.000000,unrailed,0.030000,,
397.935000,0.030000,-0.000000,unrailed,0.030000,,
397.936000,0.030000,0.000000,unrailed,0.030000,,
397.937000,0.030000,-0.000000,unrailed,0.030000,,
397.938000,0.030000,0.000000,unrailed,0.030000,,
397.939000,0.030000,-0.000000,unrailed,0.030000,,
397.940000,0.030000,0.000000,unrailed,0.030000,,
397.941000,0.030000,-0.000000,unrailed,0.030000,,
397.942000,0.030000,0.000000,unrailed,0.030000,,
397.943000,0.030000,-0.000000,unrailed,0.030000,,
397.944000,0.030000,0.000000,unrailed,0.030000,,
397.945000,0.030000,-0.000000,unrailed,0.030000,,
397.946000,0.030000,0.000000,unrailed,0.030000,,
397.947000,0.030000,-0.000000,unrailed,0.030000,,
397.948000,0.030000,0.000000,unrailed,0.030000,,
397.949000,0.030000,-0.000000,unrailed,0.030000,,
397.950000,0.030000,0.000000,unrailed,0.030000,,
397.951000,0.030000,-0.000000,unrailed,0.030000,,
397.952000,0.030000,0.000000,unrailed,0.030000,,
397.953000,0.030000,-0.000000,unrailed,0.030000,,
397.954000,0.030000,0.000000,unrailed,0.030000,,
397.955000,0.030000,-0.000000,unrailed,0.030000,,
397.956000,0.030000,0.000000,unrailed,0.030000,,
397.957000,0.030000,-0.000000,unrailed,0.030000,,
397.958000,0.030000,0.000000,unrailed,0.030000,,
397.959000,0.030000,-0.000000,unrailed,0.030000,,
397.960000,0.030000,0.000000,unrailed,0.030000,,
397.961000,0.030000,-0.000000,unrailed,0.030000,,
397.962000,0.030000,0.000000,unrailed,0.030000,,
397.963000,0.030000,-0.000000,unrailed,0.030000,,
397.964000,0.030000,0.000000,unrailed,0.030000,,
397.965000,0.030000,-0.000000,unrailed,0.030000,,
397.966000,0.030000,0.000000,unrailed,0.030000,,
397.967000,0.030000,-0.000000,unrailed,0.030000,,
397.968000,0.030000,0.000000,unrailed,0.030000,,
397.969000,0.030000,-0.000000,unrailed,0.030000,,
397.970000,0.030000,0.000000,unrailed,0.030000,,
397.971000,0.030000,-0.000000,unrailed,0.030000,,
397.972000,0.030000,0.000000,unrailed,0.030000,,
397.973000,0.030000,-0.000000,unrailed,0.030000,,
397.974000,0.030000,0.000000,unrailed,0.030000,,
397.975000,0.030000,-0.000000,unrailed,0.030000,,
397.976000,0.030000,0.000000,unrailed,0.030000,,
397.977000,0.030000,-0.000000,unrailed,0.030000,,
397.978000,0.030000,0.000000,unrailed,0.030000,,
397.979000,0.030000,-0.000000,unrailed,0.030000,,
397.980000,0.030000,0.000000,unrailed,0.030000,,
397.981000,0.030000,-0.000000,unrailed,0.030000,,
397.982000,0.030000,0.000000,unrailed,0.030000,,
397.983000,0.030000,-0.000000,unrailed,0.030000,,
397.984000,0.030000,0.000000,unrailed,0.030000,,
397.985000,0.030000,-0.000000,unrailed,0.030000,,
397.986000,0.030000,0.000000,unrailed,0.030000,,
397.987000,0.030000,-0.000000,unrailed,0.030000,,
397.988000,0.030000,0.000000,unrailed,0.030000,,
397.989000,0.030000,-0.000000,unrailed,0.030000,,
397.990000,0.030000,0.000000,unrailed,0.030000,,
397.991000,0.030000,-0.000000,unrailed,0.030000,,
397.992000,0.030000,0.000000,unrailed,0.030000,,
397.993000,0.030000,-0.000000,unrailed,0.030000,,
397.994000,0.030000,0.000000,unrailed,0.030000,,
397.995000,0.030000,-0.000000,unrailed,0.030000,,
397.996000,0.030000,0.000000,unrailed,0.030000,,
397.997000,0.030000,-0.000000,unrailed,0.030000,,
397.998000,0.030000,0.000000,unrailed,0.030000,,
397.999000,0.030000,-0.000000,unrailed,0.030000,,
398.000000,0.030000,0.000000,unrailed,0.030000,,
398.001000,0.030000,-0.000000,unrailed,0.030000,,
398.002000,0.030000,0.000000,unrailed,0.030000,,
398.003000,0.030000,-0.000000,unrailed,0.030000,,
398.004000,0.030000,0.000000,unrailed,0.030000,,
398.005000,0.030000,-0.000000,unrailed,0.030000,,
398.006000,0.030000,0.000000,unrailed,0.030000,,
398.007000,0.030000,-0.000000,unrailed,0.030000,,
398.008000,0.030000,0.000000,unrailed,0.030000,,
398.009000,0.030000,-0.000000,unrailed,0.030000,,
398.010000,0.030000,0.000000,unrailed,0.030000,,
398.011000,0.030000,-0.000000,unrailed,0.030000,,
398.012000,0.030000,0.000000,unrailed,0.030000,,
398.013000,0.030000,-0.000000,unrailed,0.030000,,
398.014000,0.030000,0.000000,unrailed,0.030000,,
398.015000,0.030000,-0.000000,unrailed,0.030000,,
398.016000,0.030000,0.000000,unrailed,0.030000,,
398.017000,0.030000,-0.000000,unrailed,0.030000,,
398.018000,0.030000,0.000000,unrailed,0.030000,,
398.019000,0.030000,-0.000000,unrailed,0.030000,,
398.020000,0.030000,0.000000,unrailed,0.030000,,
398.021000,0.030000,-0.000000,unrailed,0.030000,,
398.022000,0.030000,0.000000,unrailed,0.030000,,
398.023000,0.030000,-0.000000,unrailed,0.030000,,
398.024000,0.030000,0.000000,unrailed,0.030000,,
398.025000,0.030000,-0.000000,unrailed,0.030000,,
398.026000,0.030000,0.000000,unrailed,0.030000,,
398.027000,0.030000,-0.000000,unrailed,0.030000,,
398.028000,0.030000,0.000000,unrailed,0.030000,,
398.029000,0.030000,-0.000000,unrailed,0.030000,,
398.030000,0.030000,0.000000,unrailed,0.030000,,
398.031000,0.030000,-0.000000,unrailed,0.030000,,
398.032000,0.030000,0.000000,unrailed,0.030000,,
398.033000,0.030000,-0.000000,unrailed,0.030000,,
398.034000,0.030000,0.000000,unrailed,0.030000,,
398.035000,0.030000,-0.000000,unrailed,0.030000,,
398.036000,0.030000,0.000000,unrailed,0.030000,,
398.037000,0.030000,-0.000000,unrailed,0.030000,,
398.038000,0.030000,0.000000,unrailed,0.030000,,
398.039000,0.030000,-0.000000,unrailed,0.030000,,
398.040000,0.030000,0.000000,unrailed,0.030000,,
398.041000,0.030000,-0.000000,unrailed,0.030000,,
398.042000,0.030000,0.000000,unrailed,0.030000,,
398.043000,0.030000,-0.000000,unrailed,0.030000,,
398.044000,0.030000,0.000000,unrailed,0.030000,,
398.045000,0.030000,-0.000000,unrailed,0.030000,,
398.046000,0.030000,0.000000,unrailed,0.030000,,
398.047000,0.030000,-0.000000,unrailed,0.030000,,
398.048000,0.030000,0.000000,unrailed,0.030000,,
398.049000,0.030000,-0.000000,unrailed,0.030000,,
398.050000,0.030000,0.000000,unrailed,0.030000,,
398.051000,0.030000,-0.000000,unrailed,0.030000,,
398.052000,0.030000,0.000000,unrailed,0.030000,,
398.053000,0.030000,-0.000000,unrailed,0.030000,,
398.054000,0.030000,0.000000,unrailed,0.030000,,
398.055000,0.030000,-0.000000,unrailed,0.030000,,
398.056000,0.030000,0.000000,unrailed,0.030000,,
398.057000,0.030000,-0.000000,unrailed,0.030000,,
398.058000,0.030000,0.000000,unrailed,0.030000,,
398.059000,0.030000,-0.000000,unrailed,0.030000,,
398.060000,0.030000,0.000000,unrailed,0.030000,,
398.061000,0.030000,-0.000000,unrailed,0.030000,,
398.062000,0.030000,0.000000,unrailed,0.030000,,
398.063000,0.030000,-0.000000,unrailed,0.030000,,
398.064000,0.030000,0.000000,unrailed,0.030000,,
398.065000,0.030000,-0.000000,unrailed,0.030000,,
398.066000,0.030000,0.000000,unrailed,0.030000,,
398.067000,0.030000,-0.000000,unrailed,0.030000,,
398.068000,0.030000,0.000000,unrailed,0.030000,,
398.069000,0.030000,-0.000000,unrailed,0.030000,,
398.070000,0.030000,0.000000,unrailed,0.030000,,
398.071000,0.030000,-0.000000,unrailed,0.030000,,
398.072000,0.030000,0.000000,unrailed,0.030000,,
398.073000,0.030000,-0.000000,unrailed,0.030000,,
398.074000,0.030000,0.000000,unrailed,0.030000,,
398.075000,0.030000,-0.000000,unrailed,0.030000,,
398.076000,0.030000,0.000000,unrailed,0.030000,,
398.077000,0.030000,-0.000000,unrailed,0.030000,,
398.078000,0.030000,0.000000,unrailed,0.030000,,
398.079000,0.030000,-0.000000,unrailed,0.030000,,
398.080000,0.030000,0.000000,unrailed,0.030000,,
398.081000,0.030000,-0.000000,unrailed,0.030000,,
398.082000,0.030000,0.000000,unrailed,0.030000,,
398.083000,0.030000,-0.000000,unrailed,0.030000,,
398.084000,0.030000,0.000000,unrailed,0.030000,,
398.085000,0.030000,-0.000000,unrailed,0.030000,,
398.086000,0.030000,0.000000,unrailed,0.030000,,
398.087000,0.030000,-0.000000,unrailed,0.030000,,
398.088000,0.030000,0.000000,unrailed,0.030000,,
398.089000,0.030000,-0.000000,unrailed,0.030000,,
398.090000,0.030000,0.000000,unrailed,0.030000,,
398.091000,0.030000,-0.000000,unrailed,0.030000,,
398.092000,0.030000,0.000000,unrailed,0.030000,,
398.093000,0.030000,-0.000000,unrailed,0.030000,,
398.094000,0.030000,0.000000,unrailed,0.030000,,
398.095000,0.030000,-0.000000,unrailed,0.030000,,
398.096000,0.030000,0.000000,unrailed,0.030000,,
398.097000,0.030000,-0.000000,unrailed,0.030000,,
398.098000,0.030000,0.000000,unrailed,0.030000,,
398.099000,0.030000,-0.000000,unrailed,0.030000,,
398.100000,0.030000,0.000000,unrailed,0.030000,,
398.101000,0.030000,-0.000000,unrailed,0.030000,,
398.102000,0.030000,0.000000,unrailed,0.030000,,
398.103000,0.030000,-0.000000,unrailed,0.030000,,
398.104000,0.030000,0.000000,unrailed,0.030000,,
398.105000,0.030000,-0.000000,unrailed,0.030000,,
398.106000,0.030000,0.000000,unrailed,0.030000,,
398.107000,0.030000,-0.000000,unrailed,0.030000,,
398.108000,0.030000,0.000000,unrailed,0.030000,,
398.109000,0.030000,-0.000000,unrailed,0.030000,,
398.110000,0.030000,0.000000,unrailed,0.030000,,
398.111000,0.030000,-0.000000,unrailed,0.030000,,
398.112000,0.030000,0.000000,unrailed,0.030000,,
398.113000,0.030000,-0.000000,unrailed,0.030000,,
398.114000,0.030000,0.000000,unrailed,0.030000,,
398.115000,0.030000,-0.000000,unrailed,0.030000,,
398.116000,0.030000,0.000000,unrailed,0.030000,,
398.117000,0.030000,-0.000000,unrailed,0.030000,,
398.118000,0.030000,0.000000,unrailed,0.030000,,
398.119000,0.030000,-0.000000,unrailed,0.030000,,
398.120000,0.030000,0.000000,unrailed,0.030000,,
398.121000,0.030000,-0.000000,unrailed,0.030000,,
398.122000,0.030000,0.000000,unrailed,0.030000,,
398.123000,0.030000,-0.000000,unrailed,0.030000,,
398.124000,0.030000,0.000000,unrailed,0.030000,,
398.125000,0.030000,-0.000000,unrailed,0.030000,,
398.126000,0.030000,0.000000,unrailed,0.030000,,
398.127000,0.030000,-0.000000,unrailed,0.030000,,
398.128000,0.030000,0.000000,unrailed,0.030000,,
398.129000,0.030000,-0.000000,unrailed,0.030000,,
398.130000,0.030000,0.000000,unrailed,0.030000,,
398.131000,0.030000,-0.000000,unrailed,0.030000,,
398.132000,0.030000,0.000000,unrailed,0.030000,,
398.133000,0.030000,-0.000000,unrailed,0.030000,,
398.134000,0.030000,0.000000,unrailed,0.030000,,
398.135000,0.030000,-0.000000,unrailed,0.030000,,
398.136000,0.030000,0.000000,unrailed,0.030000,,
398.137000,0.030000,-0.000000,unrailed,0.030000,,
398.138000,0.030000,0.000000,unrailed,0.030000,,
398.139000,0.030000,-0.000000,unrailed,0.030000,,
398.140000,0.030000,0.000000,unrailed,0.030000,,
398.141000,0.030000,-0.000000,unrailed,0.030000,,
398.142000,0.030000,0.000000,unrailed,0.030000,,
398.143000,0.030000,-0.000000,unrailed,0.030000,,
398.144000,0.030000,0.000000,unrailed,0.030000,,
398.145000,0.030000,-0.000000,unrailed,0.030000,,
398.146000,0.030000,0.000000,unrailed,0.030000,,
398.147000,0.030000,-0.000000,unrailed,0.030000,,
398.148000,0.030000,0.000000,unrailed,0.030000,,
398.149000,0.030000,-0.000000,unrailed,0.030000,,
398.150000,0.030000,0.000000,unrailed,0.030000,,
398.151000,0.030000,-0.000000,unrailed,0.030000,,
398.152000,0.030000,0.000000,unrailed,0.030000,,
398.153000,0.030000,-0.000000,unrailed,0.030000,,
398.154000,0.030000,0.000000,unrailed,0.030000,,
398.155000,0.030000,-0.000000,unrailed,0.030000,,
398.156000,0.030000,0.000000,unrailed,0.030000,,
398.157000,0.030000,-0.000000,unrailed,0.030000,,
398.158000,0.030000,0.000000,unrailed,0.030000,,
398.159000,0.030000,-0.000000,unrailed,0.030000,,
398.160000,0.030000,0.000000,unrailed,0.030000,,
398.161000,0.030000,-0.000000,unrailed,0.030000,,
398.162000,0.030000,0.000000,unrailed,0.030000,,
398.163000,0.030000,-0.000000,unrailed,0.030000,,
398.164000,0.030000,0.000000,unrailed,0.030000,,
398.165000,0.030000,-0.000000,unrailed,0.030000,,
398.166000,0.030000,0.000000,unrailed,0.030000,,
398.167000,0.030000,-0.000000,unrailed,0.030000,,
398.168000,0.030000,0.000000,unrailed,0.030000,,
398.169000,0.030000,-0.000000,unrailed,0.030000,,
398.170000,0.030000,0.000000,unrailed,0.030000,,
398.171000,0.030000,-0.000000,unrailed,0.030000,,
398.172000,0.030000,0.000000,unrailed,0.030000,,
398.173000,0.030000,-0.000000,unrailed,0.030000,,
398.174000,0.030000,0.000000,unrailed,0.030000,,
398.175000,0.030000,-0.000000,unrailed,0.030000,,
398.176000,0.030000,0.000000,unrailed,0.030000,,
398.177000,0.030000,-0.000000,unrailed,0.030000,,
398.178000,0.030000,0.000000,unrailed,0.030000,,
398.179000,0.030000,-0.000000,unrailed,0.030000,,
398.180000,0.030000,0.000000,unrailed,0.030000,,
398.181000,0.030000,-0.000000,unrailed,0.030000,,
398.182000,0.030000,0.000000,unrailed,0.030000,,
398.183000,0.030000,-0.000000,unrailed,0.030000,,
398.184000,0.030000,0.000000,unrailed,0.030000,,
398.185000,0.030000,-0.000000,unrailed,0.030000,,
398.186000,0.030000,0.000000,unrailed,0.030000,,
398.187000,0.030000,-0.000000,unrailed,0.030000,,
398.188000,0.030000,0.000000,unrailed,0.030000,,
398.189000,0.030000,-0.000000,unrailed,0.030000,,
398.190000,0.030000,0.000000,unrailed,0.030000,,
398.191000,0.030000,-0.000000,unrailed,0.030000,,
398.192000,0.030000,0.000000,unrailed,0.030000,,
398.193000,0.030000,-0.000000,unrailed,0.030000,,
398.194000,0.030000,0.000000,unrailed,0.030000,,
398.195000,0.030000,-0.000000,unrailed,0.030000,,
398.196000,0.030000,0.000000,unrailed,0.030000,,
398.197000,0.030000,-0.000000,unrailed,0.030000,,
398.198000,0.030000,0.000000,unrailed,0.030000,,
398.199000,0.030000,-0.000000,unrailed,0.030000,,
398.200000,0.030000,0.000000,unrailed,0.030000,,
398.201000,0.030000,-0.000000,unrailed,0.030000,,
398.202000,0.030000,0.000000,unrailed,0.030000,,
398.203000,0.030000,-0.000000,unrailed,0.030000,,
398.204000,0.030000,0.000000,unrailed,0.030000,,
398.205000,0.030000,-0.000000,unrailed,0.030000,,
398.206000,0.030000,0.000000,unrailed,0.030000,,
398.207000,0.030000,-0.000000,unrailed,0.030000,,
398.208000,0.030000,0.000000,unrailed,0.030000,,
398.209000,0.030000,-0.000000,unrailed,0.030000,,
398.210000,0.030000,0.000000,unrailed,0.030000,,
398.211000,0.030000,-0.000000,unrailed,0.030000,,
398.212000,0.030000,0.000000,unrailed,0.030000,,
398.213000,0.030000,-0.000000,unrailed,0.030000,,
398.214000,0.030000,0.000000,unrailed,0.030000,,
398.215000,0.030000,-0.000000,unrailed,0.030000,,
398.216000,0.030000,0.000000,unrailed,0.030000,,
398.217000,0.030000,-0.000000,unrailed,0.030000,,
398.218000,0.030000,0.000000,unrailed,0.030000,,
398.219000,0.030000,-0.000000,unrailed,0.030000,,
398.220000,0.030000,0.000000,unrailed,0.030000,,
398.221000,0.030000,-0.000000,unrailed,0.030000,,
398.222000,0.030000,0.000000,unrailed,0.030000,,
398.223000,0.030000,-0.000000,unrailed,0.030000,,
398.224000,0.030000,0.000000,unrailed,0.030000,,
398.225000,0.030000,-0.000000,unrailed,0.030000,,
398.226000,0.030000,0.000000,unrailed,0.030000,,
398.227000,0.030000,-0.000000,unrailed,0.030000,,
398.228000,0.030000,0.000000,unrailed,0.030000,,
398.229000,0.030000,-0.000000,unrailed,0.030000,,
398.230000,0.030000,0.000000,unrailed,0.030000,,
398.231000,0.030000,-0.000000,unrailed,0.030000,,
398.232000,0.030000,0.000000,unrailed,0.030000,,
398.233000,0.030000,-0.000000,unrailed,0.030000,,
398.234000,0.030000,0.000000,unrailed,0.030000,,
398.235000,0.030000,-0.000000,unrailed,0.030000,,
398.236000,0.030000,0.000000,unrailed,0.030000,,
398.237000,0.030000,-0.000000,unrailed,0.030000,,
398.238000,0.030000,0.000000,unrailed,0.030000,,
398.239000,0.030000,-0.000000,unrailed,0.030000,,
398.240000,0.030000,0.000000,unrailed,0.030000,,
398.241000,0.030000,-0.000000,unrailed,0.030000,,
398.242000,0.030000,0.000000,unrailed,0.030000,,
398.243000,0.030000,-0.000000,unrailed,0.030000,,
398.244000,0.030000,0.000000,unrailed,0.030000,,
398.245000,0.030000,-0.000000,unrailed,0.030000,,
398.246000,0.030000,0.000000,unrailed,0.030000,,
398.247000,0.030000,-0.000000,unrailed,0.030000,,
398.248000,0.030000,0.000000,unrailed,0.030000,,
398.249000,0.030000,-0.000000,unrailed,0.030000,,
398.250000,0.030000,0.000000,unrailed,0.030000,,
398.251000,0.030000,-0.000000,unrailed,0.030000,,
398.252000,0.030000,0.000000,unrailed,0.030000,,
398.253000,0.030000,-0.000000,unrailed,0.030000,,
398.254000,0.030000,0.000000,unrailed,0.030000,,
398.255000,0.030000,-0.000000,unrailed,0.030000,,
398.256000,0.030000,0.000000,unrailed,0.030000,,
398.257000,0.030000,-0.000000,unrailed,0.030000,,
398.258000,0.030000,0.000000,unrailed,0.030000,,
398.259000,0.030000,-0.000000,unrailed,0.030000,,
398.260000,0.030000,0.000000,unrailed,0.030000,,
398.261000,0.030000,-0.000000,unrailed,0.030000,,
398.262000,0.030000,0.000000,unrailed,0.030000,,
398.263000,0.030000,-0.000000,unrailed,0.030000,,
398.264000,0.030000,0.000000,unrailed,0.030000,,
398.265000,0.030000,-0.000000,unrailed,0.030000,,
398.266000,0.030000,0.000000,unrailed,0.030000,,
398.267000,0.030000,-0.000000,unrailed,0.030000,,
398.268000,0.030000,0.000000,unrailed,0.030000,,
398.269000,0.030000,-0.000000,unrailed,0.030000,,
398.270000,0.030000,0.000000,unrailed,0.030000,,
398.271000,0.030000,-0.000000,unrailed,0.030000,,
398.272000,0.030000,0.000000,unrailed,0.030000,,
398.273000,0.030000,-0.000000,unrailed,0.030000,,
398.274000,0.030000,0.000000,unrailed,0.030000,,
398.275000,0.030000,-0.000000,unrailed,0.030000,,
398.276000,0.030000,0.000000,unrailed,0.030000,,
398.277000,0.030000,-0.000000,unrailed,0.030000,,
398.278000,0.030000,0.000000,unrailed,0.030000,,
398.279000,0.030000,-0.000000,unrailed,0.030000,,
398.280000,0.030000,0.000000,unrailed,0.030000,,
398.281000,0.030000,-0.000000,unrailed,0.030000,,
398.282000,0.030000,0.000000,unrailed,0.030000,,
398.283000,0.030000,-0.000000,unrailed,0.030000,,
398.284000,0.030000,0.000000,unrailed,0.030000,,
398.285000,0.030000,-0.000000,unrailed,0.030000,,
398.286000,0.030000,0.000000,unrailed,0.030000,,
398.287000,0.030000,-0.000000,unrailed,0.030000,,
398.288000,0.030000,0.000000,unrailed,0.030000,,
398.289000,0.030000,-0.000000,unrailed,0.030000,,
398.290000,0.030000,0.000000,unrailed,0.030000,,
398.291000,0.030000,-0.000000,unrailed,0.030000,,
398.292000,0.030000,0.000000,unrailed,0.030000,,
398.293000,0.030000,-0.000000,unrailed,0.030000,,
398.294000,0.030000,0.000000,unrailed,0.030000,,
398.295000,0.030000,-0.000000,unrailed,0.030000,,
398.296000,0.030000,0.000000,unrailed,0.030000,,
398.297000,0.030000,-0.000000,unrailed,0.030000,,
398.298000,0.030000,0.000000,unrailed,0.030000,,
398.299000,0.030000,-0.000000,unrailed,0.030000,,
398.300000,0.030000,0.000000,unrailed,0.030000,,
398.301000,0.030000,-0.000000,unrailed,0.030000,,
398.302000,0.030000,0.000000,unrailed,0.030000,,
398.303000,0.030000,-0.000000,unrailed,0.030000,,
398.304000,0.030000,0.000000,unrailed,0.030000,,
398.305000,0.030000,-0.000000,unrailed,0.030000,,
398.306000,0.030000,0.000000,unrailed,0.030000,,
398.307000,0.030000,-0.000000,unrailed,0.030000,,
398.308000,0.030000,0.000000,unrailed,0.030000,,
398.309000,0.030000,-0.000000,unrailed,0.030000,,
398.310000,0.030000,0.000000,unrailed,0.030000,,
398.311000,0.030000,-0.000000,unrailed,0.030000,,
398.312000,0.030000,0.000000,unrailed,0.030000,,
398.313000,0.030000,-0.000000,unrailed,0.030000,,
398.314000,0.030000,0.000000,unrailed,0.030000,,
398.315000,0.030000,-0.000000,unrailed,0.030000,,
398.316000,0.030000,0.000000,unrailed,0.030000,,
398.317000,0.030000,-0.000000,unrailed,0.030000,,
398.318000,0.030000,0.000000,unrailed,0.030000,,
398.319000,0.030000,-0.000000,unrailed,0.030000,,
398.320000,0.030000,0.000000,unrailed,0.030000,,
398.321000,0.030000,-0.000000,unrailed,0.030000,,
398.322000,0.030000,0.000000,unrailed,0.030000,,
398.323000,0.030000,-0.000000,unrailed,0.030000,,
398.324000,0.030000,0.000000,unrailed,0.030000,,
398.325000,0.030000,-0.000000,unrailed,0.030000,,
398.326000,0.030000,0.000000,unrailed,0.030000,,
398.327000,0.030000,-0.000000,unrailed,0.030000,,
398.328000,0.030000,0.000000,unrailed,0.030000,,
398.329000,0.030000,-0.000000,unrailed,0.030000,,
398.330000,0.030000,0.000000,unrailed,0.030000,,
398.331000,0.030000,-0.000000,unrailed,0.030000,,
398.332000,0.030000,0.000000,unrailed,0.030000,,
398.333000,0.030000,-0.000000,unrailed,0.030000,,
398.334000,0.030000,0.000000,unrailed,0.030000,,
398.335000,0.030000,-0.000000,unrailed,0.030000,,
398.336000,0.030000,0.000000,unrailed,0.030000,,
398.337000,0.030000,-0.000000,unrailed,0.030000,,
398.338000,0.030000,0.000000,unrailed,0.030000,,
398.339000,0.030000,-0.000000,unrailed,0.030000,,
398.340000,0.030000,0.000000,unrailed,0.030000,,
398.341000,0.030000,-0.000000,unrailed,0.030000,,
398.342000,0.030000,0.000000,unrailed,0.030000,,
398.343000,0.030000,-0.000000,unrailed,0.030000,,
398.344000,0.030000,0.000000,unrailed,0.030000,,
398.345000,0.030000,-0.000000,unrailed,0.030000,,
398.346000,0.030000,0.000000,unrailed,0.030000,,
398.347000,0.030000,-0.000000,unrailed,0.030000,,
398.348000,0.030000,0.000000,unrailed,0.030000,,
398.349000,0.030000,-0.000000,unrailed,0.030000,,
398.350000,0.030000,0.000000,unrailed,0.030000,,
398.351000,0.030000,-0.000000,unrailed,0.030000,,
398.352000,0.030000,0.000000,unrailed,0.030000,,
398.353000,0.030000,-0.000000,unrailed,0.030000,,
398.354000,0.030000,0.000000,unrailed,0.030000,,
398.355000,0.030000,-0.000000,unrailed,0.030000,,
398.356000,0.030000,0.000000,unrailed,0.030000,,
398.357000,0.030000,-0.000000,unrailed,0.030000,,
398.358000,0.030000,0.000000,unrailed,0.030000,,
398.359000,0.030000,-0.000000,unrailed,0.030000,,
398.360000,0.030000,0.000000,unrailed,0.030000,,
398.361000,0.030000,-0.000000,unrailed,0.030000,,
398.362000,0.030000,0.000000,unrailed,0.030000,,
398.363000,0.030000,-0.000000,unrailed,0.030000,,
398.364000,0.030000,0.000000,unrailed,0.030000,,
398.365000,0.030000,-0.000000,unrailed,0.030000,,
398.366000,0.030000,0.000000,unrailed,0.030000,,
398.367000,0.030000,-0.000000,unrailed,0.030000,,
398.368000,0.030000,0.000000,unrailed,0.030000,,
398.369000,0.030000,-0.000000,unrailed,0.030000,,
398.370000,0.030000,0.000000,unrailed,0.030000,,
398.371000,0.030000,-0.000000,unrailed,0.030000,,
398.372000,0.030000,0.000000,unrailed,0.030000,,
398.373000,0.030000,-0.000000,unrailed,0.030000,,
398.374000,0.030000,0.000000,unrailed,0.030000,,
398.375000,0.030000,-0.000000,unrailed,0.030000,,
398.376000,0.030000,0.000000,unrailed,0.030000,,
398.377000,0.030000,-0.000000,unrailed,0.030000,,
398.378000,0.030000,0.000000,unrailed,0.030000,,
398.379000,0.030000,-0.000000,unrailed,0.030000,,
398.380000,0.030000,0.000000,unrailed,0.030000,,
398.381000,0.030000,-0.000000,unrailed,0.030000,,
398.382000,0.030000,0.000000,unrailed,0.030000,,
398.383000,0.030000,-0.000000,unrailed,0.030000,,
398.384000,0.030000,0.000000,unrailed,0.030000,,
398.385000,0.030000,-0.000000,unrailed,0.030000,,
398.386000,0.030000,0.000000,unrailed,0.030000,,
398.387000,0.030000,-0.000000,unrailed,0.030000,,
398.388000,0.030000,0.000000,unrailed,0.030000,,
398.389000,0.030000,-0.000000,unrailed,0.030000,,
398.390000,0.030000,0.000000,unrailed,0.030000,,
398.391000,0.030000,-0.000000,unrailed,0.030000,,
398.392000,0.030000,0.000000,unrailed,0.030000,,
398.393000,0.030000,-0.000000,unrailed,0.030000,,
398.394000,0.030000,0.000000,unrailed,0.030000,,
398.395000,0.030000,-0.000000,unrailed,0.030000,,
398.396000,0.030000,0.000000,unrailed,0.030000,,
398.397000,0.030000,-0.000000,unrailed,0.030000,,
398.398000,0.030000,0.000000,unrailed,0.030000,,
398.399000,0.030000,-0.000000,unrailed,0.030000,,
398.400000,0.030000,0.000000,unrailed,0.030000,,
398.401000,0.030000,-0.000000,unrailed,0.030000,,
398.402000,0.030000,0.000000,unrailed,0.030000,,
398.403000,0.030000,-0.000000,unrailed,0.030000,,
398.404000,0.030000,0.000000,unrailed,0.030000,,
398.405000,0.030000,-0.000000,unrailed,0.030000,,
398.406000,0.030000,0.000000,unrailed,0.030000,,
398.407000,0.030000,-0.000000,unrailed,0.030000,,
398.408000,0.030000,0.000000,unrailed,0.030000,,
398.409000,0.030000,-0.000000,unrailed,0.030000,,
398.410000,0.030000,0.000000,unrailed,0.030000,,
398.411000,0.030000,-0.000000,unrailed,0.030000,,
398.412000,0.030000,0.000000,unrailed,0.030000,,
398.413000,0.030000,-0.000000,unrailed,0.030000,,
398.414000,0.030000,0.000000,unrailed,0.030000,,
398.415000,0.030000,-0.000000,unrailed,0.030000,,
398.416000,0.030000,0.000000,unrailed,0.030000,,
398.417000,0.030000,-0.000000,unrailed,0.030000,,
398.418000,0.030000,0.000000,unrailed,0.030000,,
398.419000,0.030000,-0.000000,unrailed,0.030000,,
398.420000,0.030000,0.000000,unrailed,0.030000,,
398.421000,0.030000,-0.000000,unrailed,0.030000,,
398.422000,0.030000,0.000000,unrailed,0.030000,,
398.423000,0.030000,-0.000000,unrailed,0.030000,,
398.424000,0.030000,0.000000,unrailed,0.030000,,
398.425000,0.030000,-0.000000,unrailed,0.030000,,
398.426000,0.030000,0.000000,unrailed,0.030000,,
398.427000,0.030000,-0.000000,unrailed,0.030000,,
398.428000,0.030000,0.000000,unrailed,0.030000,,
398.429000,0.030000,-0.000000,unrailed,0.030000,,
398.430000,0.030000,0.000000,unrailed,0.030000,,
398.431000,0.030000,-0.000000,unrailed,0.030000,,
398.432000,0.030000,0.000000,unrailed,0.030000,,
398.433000,0.030000,-0.000000,unrailed,0.030000,,
398.434000,0.030000,0.000000,unrailed,0.030000,,
398.435000,0.030000,-0.000000,unrailed,0.030000,,
398.436000,0.030000,0.000000,unrailed,0.030000,,
398.437000,0.030000,-0.000000,unrailed,0.030000,,
398.438000,0.030000,0.000000,unrailed,0.030000,,
398.439000,0.030000,-0.000000,unrailed,0.030000,,
398.440000,0.030000,0.000000,unrailed,0.030000,,
398.441000,0.030000,-0.000000,unrailed,0.030000,,
398.442000,0.030000,0.000000,unrailed,0.030000,,
398.443000,0.030000,-0.000000,unrailed,0.030000,,
398.444000,0.030000,0.000000,unrailed,0.030000,,
398.445000,0.030000,-0.000000,unrailed,0.030000,,
398.446000,0.030000,0.000000,unrailed,0.030000,,
398.447000,0.030000,-0.000000,unrailed,0.030000,,
398.448000,0.030000,0.000000,unrailed,0.030000,,
398.449000,0.030000,-0.000000,unrailed,0.030000,,
398.450000,0.030000,0.000000,unrailed,0.030000,,
398.451000,0.030000,-0.000000,unrailed,0.030000,,
398.452000,0.030000,0.000000,unrailed,0.030000,,
398.453000,0.030000,-0.000000,unrailed,0.030000,,
398.454000,0.030000,0.000000,unrailed,0.030000,,
398.455000,0.030000,-0.000000,unrailed,0.030000,,
398.456000,0.030000,0.000000,unrailed,0.030000,,
398.457000,0.030000,-0.000000,unrailed,0.030000,,
398.458000,0.030000,0.000000,unrailed,0.030000,,
398.459000,0.030000,-0.000000,unrailed,0.030000,,
398.460000,0.030000,0.000000,unrailed,0.030000,,
398.461000,0.030000,-0.000000,unrailed,0.030000,,
398.462000,0.030000,0.000000,unrailed,0.030000,,
398.463000,0.030000,-0.000000,unrailed,0.030000,,
398.464000,0.030000,0.000000,unrailed,0.030000,,
398.465000,0.030000,-0.000000,unrailed,0.030000,,
398.466000,0.030000,0.000000,unrailed,0.030000,,
398.467000,0.030000,-0.000000,unrailed,0.030000,,
398.468000,0.030000,0.000000,unrailed,0.030000,,
398.469000,0.030000,-0.000000,unrailed,0.030000,,
398.470000,0.030000,0.000000,unrailed,0.030000,,
398.471000,0.030000,-0.000000,unrailed,0.030000,,
398.472000,0.030000,0.000000,unrailed,0.030000,,
398.473000,0.030000,-0.000000,unrailed,0.030000,,
398.474000,0.030000,0.000000,unrailed,0.030000,,
398.475000,0.030000,-0.000000,unrailed,0.030000,,
398.476000,0.030000,0.000000,unrailed,0.030000,,
398.477000,0.030000,-0.000000,unrailed,0.030000,,
398.478000,0.030000,0.000000,unrailed,0.030000,,
398.479000,0.030000,-0.000000,unrailed,0.030000,,
398.480000,0.030000,0.000000,unrailed,0.030000,,
398.481000,0.030000,-0.000000,unrailed,0.030000,,
398.482000,0.030000,0.000000,unrailed,0.030000,,
398.483000,0.030000,-0.000000,unrailed,0.030000,,
398.484000,0.030000,0.000000,unrailed,0.030000,,
398.485000,0.030000,-0.000000,unrailed,0.030000,,
398.486000,0.030000,0.000000,unrailed,0.030000,,
398.487000,0.030000,-0.000000,unrailed,0.030000,,
398.488000,0.030000,0.000000,unrailed,0.030000,,
398.489000,0.030000,-0.000000,unrailed,0.030000,,
398.490000,0.030000,0.000000,unrailed,0.030000,,
398.491000,0.030000,-0.000000,unrailed,0.030000,,
398.492000,0.030000,0.000000,unrailed,0.030000,,
398.493000,0.030000,-0.000000,unrailed,0.030000,,
398.494000,0.030000,0.000000,unrailed,0.030000,,
398.495000,0.030000,-0.000000,unrailed,0.030000,,
398.496000,0.030000,0.000000,unrailed,0.030000,,
398.497000,0.030000,-0.000000,unrailed,0.030000,,
398.498000,0.030000,0.000000,unrailed,0.030000,,
398.499000,0.030000,-0.000000,unrailed,0.030000,,
398.500000,0.030000,0.000000,unrailed,0.030000,,
398.501000,0.030000,-0.000000,unrailed,0.030000,,
398.502000,0.030000,0.000000,unrailed,0.030000,,
398.503000,0.030000,-0.000000,unrailed,0.030000,,
398.504000,0.030000,0.000000,unrailed,0.030000,,
398.505000,0.030000,-0.000000,unrailed,0.030000,,
398.506000,0.030000,0.000000,unrailed,0.030000,,
398.507000,0.030000,-0.000000,unrailed,0.030000,,
398.508000,0.030000,0.000000,unrailed,0.030000,,
398.509000,0.030000,-0.000000,unrailed,0.030000,,
398.510000,0.030000,0.000000,unrailed,0.030000,,
398.511000,0.030000,-0.000000,unrailed,0.030000,,
398.512000,0.030000,0.000000,unrailed,0.030000,,
398.513000,0.030000,-0.000000,unrailed,0.030000,,
398.514000,0.030000,0.000000,unrailed,0.030000,,
398.515000,0.030000,-0.000000,unrailed,0.030000,,
398.516000,0.030000,0.000000,unrailed,0.030000,,
398.517000,0.030000,-0.000000,unrailed,0.030000,,
398.518000,0.030000,0.000000,unrailed,0.030000,,
398.519000,0.030000,-0.000000,unrailed,0.030000,,
398.520000,0.030000,0.000000,unrailed,0.030000,,
398.521000,0.030000,-0.000000,unrailed,0.030000,,
398.522000,0.030000,0.000000,unrailed,0.030000,,
398.523000,0.030000,-0.000000,unrailed,0.030000,,
398.524000,0.030000,0.000000,unrailed,0.030000,,
398.525000,0.030000,-0.000000,unrailed,0.030000,,
398.526000,0.030000,0.000000,unrailed,0.030000,,
398.527000,0.030000,-0.000000,unrailed,0.030000,,
398.528000,0.030000,0.000000,unrailed,0.030000,,
398.529000,0.030000,-0.000000,unrailed,0.030000,,
398.530000,0.030000,0.000000,unrailed,0.030000,,
398.531000,0.030000,-0.000000,unrailed,0.030000,,
398.532000,0.030000,0.000000,unrailed,0.030000,,
398.533000,0.030000,-0.000000,unrailed,0.030000,,
398.534000,0.030000,0.000000,unrailed,0.030000,,
398.535000,0.030000,-0.000000,unrailed,0.030000,,
398.536000,0.030000,0.000000,unrailed,0.030000,,
398.537000,0.030000,-0.000000,unrailed,0.030000,,
398.538000,0.030000,0.000000,unrailed,0.030000,,
398.539000,0.030000,-0.000000,unrailed,0.030000,,
398.540000,0.030000,0.000000,unrailed,0.030000,,
398.541000,0.030000,-0.000000,unrailed,0.030000,,
398.542000,0.030000,0.000000,unrailed,0.030000,,
398.543000,0.030000,-0.000000,unrailed,0.030000,,
398.544000,0.030000,0.000000,unrailed,0.030000,,
398.545000,0.030000,-0.000000,unrailed,0.030000,,
398.546000,0.030000,0.000000,unrailed,0.030000,,
398.547000,0.030000,-0.000000,unrailed,0.030000,,
398.548000,0.030000,0.000000,unrailed,0.030000,,
398.549000,0.030000,-0.000000,unrailed,0.030000,,
398.550000,0.030000,0.000000,unrailed,0.030000,,
398.551000,0.030000,-0.000000,unrailed,0.030000,,
398.552000,0.030000,0.000000,unrailed,0.030000,,
398.553000,0.030000,-0.000000,unrailed,0.030000,,
398.554000,0.030000,0.000000,unrailed,0.030000,,
398.555000,0.030000,-0.000000,unrailed,0.030000,,
398.556000,0.030000,0.000000,unrailed,0.030000,,
398.557000,0.030000,-0.000000,unrailed,0.030000,,
398.558000,0.030000,0.000000,unrailed,0.030000,,
398.559000,0.030000,-0.000000,unrailed,0.030000,,
398.560000,0.030000,0.000000,unrailed,0.030000,,
398.561000,0.030000,-0.000000,unrailed,0.030000,,
398.562000,0.030000,0.000000,unrailed,0.030000,,
398.563000,0.030000,-0.000000,unrailed,0.030000,,
398.564000,0.030000,0.000000,unrailed,0.030000,,
398.565000,0.030000,-0.000000,unrailed,0.030000,,
398.566000,0.030000,0.000000,unrailed,0.030000,,
398.567000,0.030000,-0.000000,unrailed,0.030000,,
398.568000,0.030000,0.000000,unrailed,0.030000,,
398.569000,0.030000,-0.000000,unrailed,0.030000,,
398.570000,0.030000,0.000000,unrailed,0.030000,,
398.571000,0.030000,-0.000000,unrailed,0.030000,,
398.572000,0.030000,0.000000,unrailed,0.030000,,
398.573000,0.030000,-0.000000,unrailed,0.030000,,
398.574000,0.030000,0.000000,unrailed,0.030000,,
398.575000,0.030000,-0.000000,unrailed,0.030000,,
398.576000,0.030000,0.000000,unrailed,0.030000,,
398.577000,0.030000,-0.000000,unrailed,0.030000,,
398.578000,0.030000,0.000000,unrailed,0.030000,,
398.579000,0.030000,-0.000000,unrailed,0.030000,,
398.580000,0.030000,0.000000,unrailed,0.030000,,
398.581000,0.030000,-0.000000,unrailed,0.030000,,
398.582000,0.030000,0.000000,unrailed,0.030000,,
398.583000,0.030000,-0.000000,unrailed,0.030000,,
398.584000,0.030000,0.000000,unrailed,0.030000,,
398.585000,0.030000,-0.000000,unrailed,0.030000,,
398.586000,0.030000,0.000000,unrailed,0.030000,,
398.587000,0.030000,-0.000000,unrailed,0.030000,,
398.588000,0.030000,0.000000,unrailed,0.030000,,
398.589000,0.030000,-0.000000,unrailed,0.030000,,
398.590000,0.030000,0.000000,unrailed,0.030000,,
398.591000,0.030000,-0.000000,unrailed,0.030000,,
398.592000,0.030000,0.000000,unrailed,0.030000,,
398.593000,0.030000,-0.000000,unrailed,0.030000,,
398.594000,0.030000,0.000000,unrailed,0.030000,,
398.595000,0.030000,-0.000000,unrailed,0.030000,,
398.596000,0.030000,0.000000,unrailed,0.030000,,
398.597000,0.030000,-0.000000,unrailed,0.030000,,
398.598000,0.030000,0.000000,unrailed,0.030000,,
398.599000,0.030000,-0.000000,unrailed,0.030000,,
398.600000,0.030000,0.000000,unrailed,0.030000,,
398.601000,0.030000,-0.000000,unrailed,0.030000,,
398.602000,0.030000,0.000000,unrailed,0.030000,,
398.603000,0.030000,-0.000000,unrailed,0.030000,,
398.604000,0.030000,0.000000,unrailed,0.030000,,
398.605000,0.030000,-0.000000,unrailed,0.030000,,
398.606000,0.030000,0.000000,unrailed,0.030000,,
398.607000,0.030000,-0.000000,unrailed,0.030000,,
398.608000,0.030000,0.000000,unrailed,0.030000,,
398.609000,0.030000,-0.000000,unrailed,0.030000,,
398.610000,0.030000,0.000000,unrailed,0.030000,,
398.611000,0.030000,-0.000000,unrailed,0.030000,,
398.612000,0.030000,0.000000,unrailed,0.030000,,
398.613000,0.030000,-0.000000,unrailed,0.030000,,
398.614000,0.030000,0.000000,unrailed,0.030000,,
398.615000,0.030000,-0.000000,unrailed,0.030000,,
398.616000,0.030000,0.000000,unrailed,0.030000,,
398.617000,0.030000,-0.000000,unrailed,0.030000,,
398.618000,0.030000,0.000000,unrailed,0.030000,,
398.619000,0.030000,-0.000000,unrailed,0.030000,,
398.620000,0.030000,0.000000,unrailed,0.030000,,
398.621000,0.030000,-0.000000,unrailed,0.030000,,
398.622000,0.030000,0.000000,unrailed,0.030000,,
398.623000,0.030000,-0.000000,unrailed,0.030000,,
398.624000,0.030000,0.000000,unrailed,0.030000,,
398.625000,0.030000,-0.000000,unrailed,0.030000,,
398.626000,0.030000,0.000000,unrailed,0.030000,,
398.627000,0.030000,-0.000000,unrailed,0.030000,,
398.628000,0.030000,0.000000,unrailed,0.030000,,
398.629000,0.030000,-0.000000,unrailed,0.030000,,
398.630000,0.030000,0.000000,unrailed,0.030000,,
398.631000,0.030000,-0.000000,unrailed,0.030000,,
398.632000,0.030000,0.000000,unrailed,0.030000,,
398.633000,0.030000,-0.000000,unrailed,0.030000,,
398.634000,0.030000,0.000000,unrailed,0.030000,,
398.635000,0.030000,-0.000000,unrailed,0.030000,,
398.636000,0.030000,0.000000,unrailed,0.030000,,
398.637000,0.030000,-0.000000,unrailed,0.030000,,
398.638000,0.030000,0.000000,unrailed,0.030000,,
398.639000,0.030000,-0.000000,unrailed,0.030000,,
398.640000,0.030000,0.000000,unrailed,0.030000,,
398.641000,0.030000,-0.000000,unrailed,0.030000,,
398.642000,0.030000,0.000000,unrailed,0.030000,,
398.643000,0.030000,-0.000000,unrailed,0.030000,,
398.644000,0.030000,0.000000,unrailed,0.030000,,
398.645000,0.030000,-0.000000,unrailed,0.030000,,
398.646000,0.030000,0.000000,unrailed,0.030000,,
398.647000,0.030000,-0.000000,unrailed,0.030000,,
398.648000,0.030000,0.000000,unrailed,0.030000,,
398.649000,0.030000,-0.000000,unrailed,0.030000,,
398.650000,0.030000,0.000000,unrailed,0.030000,,
398.651000,0.030000,-0.000000,unrailed,0.030000,,
398.652000,0.030000,0.000000,unrailed,0.030000,,
398.653000,0.030000,-0.000000,unrailed,0.030000,,
398.654000,0.030000,0.000000,unrailed,0.030000,,
398.655000,0.030000,-0.000000,unrailed,0.030000,,
398.656000,0.030000,0.000000,unrailed,0.030000,,
398.657000,0.030000,-0.000000,unrailed,0.030000,,
398.658000,0.030000,0.000000,unrailed,0.030000,,
398.659000,0.030000,-0.000000,unrailed,0.030000,,
398.660000,0.030000,0.000000,unrailed,0.030000,,
398.661000,0.030000,-0.000000,unrailed,0.030000,,
398.662000,0.030000,0.000000,unrailed,0.030000,,
398.663000,0.030000,-0.000000,unrailed,0.030000,,
398.664000,0.030000,0.000000,unrailed,0.030000,,
398.665000,0.030000,-0.000000,unrailed,0.030000,,
398.666000,0.030000,0.000000,unrailed,0.030000,,
398.667000,0.030000,-0.000000,unrailed,0.030000,,
398.668000,0.030000,0.000000,unrailed,0.030000,,
398.669000,0.030000,-0.000000,unrailed,0.030000,,
398.670000,0.030000,0.000000,unrailed,0.030000,,
398.671000,0.030000,-0.000000,unrailed,0.030000,,
398.672000,0.030000,0.000000,unrailed,0.030000,,
398.673000,0.030000,-0.000000,unrailed,0.030000,,
398.674000,0.030000,0.000000,unrailed,0.030000,,
398.675000,0.030000,-0.000000,unrailed,0.030000,,
398.676000,0.030000,0.000000,unrailed,0.030000,,
398.677000,0.030000,-0.000000,unrailed,0.030000,,
398.678000,0.030000,0.000000,unrailed,0.030000,,
398.679000,0.030000,-0.000000,unrailed,0.030000,,
398.680000,0.030000,0.000000,unrailed,0.030000,,
398.681000,0.030000,-0.000000,unrailed,0.030000,,
398.682000,0.030000,0.000000,unrailed,0.030000,,
398.683000,0.030000,-0.000000,unrailed,0.030000,,
398.684000,0.030000,0.000000,unrailed,0.030000,,
398.685000,0.030000,-0.000000,unrailed,0.030000,,
398.686000,0.030000,0.000000,unrailed,0.030000,,
398.687000,0.030000,-0.000000,unrailed,0.030000,,
398.688000,0.030000,0.000000,unrailed,0.030000,,
398.689000,0.030000,-0.000000,unrailed,0.030000,,
398.690000,0.030000,0.000000,unrailed,0.030000,,
398.691000,0.030000,-0.000000,unrailed,0.030000,,
398.692000,0.030000,0.000000,unrailed,0.030000,,
398.693000,0.030000,-0.000000,unrailed,0.030000,,
398.694000,0.030000,0.000000,unrailed,0.030000,,
398.695000,0.030000,-0.000000,unrailed,0.030000,,
398.696000,0.030000,0.000000,unrailed,0.030000,,
398.697000,0.030000,-0.000000,unrailed,0.030000,,
398.698000,0.030000,0.000000,unrailed,0.030000,,
398.699000,0.030000,-0.000000,unrailed,0.030000,,
398.700000,0.030000,0.000000,unrailed,0.030000,,
398.701000,0.030000,-0.000000,unrailed,0.030000,,
398.702000,0.030000,0.000000,unrailed,0.030000,,
398.703000,0.030000,-0.000000,unrailed,0.030000,,
398.704000,0.030000,0.000000,unrailed,0.030000,,
398.705000,0.030000,-0.000000,unrailed,0.030000,,
398.706000,0.030000,0.000000,unrailed,0.030000,,
398.707000,0.030000,-0.000000,unrailed,0.030000,,
398.708000,0.030000,0.000000,unrailed,0.030000,,
398.709000,0.030000,-0.000000,unrailed,0.030000,,
398.710000,0.030000,0.000000,unrailed,0.030000,,
398.711000,0.030000,-0.000000,unrailed,0.030000,,
398.712000,0.030000,0.000000,unrailed,0.030000,,
398.713000,0.030000,-0.000000,unrailed,0.030000,,
398.714000,0.030000,0.000000,unrailed,0.030000,,
398.715000,0.030000,-0.000000,unrailed,0.030000,,
398.716000,0.030000,0.000000,unrailed,0.030000,,
398.717000,0.030000,-0.000000,unrailed,0.030000,,
398.718000,0.030000,0.000000,unrailed,0.030000,,
398.719000,0.030000,-0.000000,unrailed,0.030000,,
398.720000,0.030000,0.000000,unrailed,0.030000,,
398.721000,0.030000,-0.000000,unrailed,0.030000,,
398.722000,0.030000,0.000000,unrailed,0.030000,,
398.723000,0.030000,-0.000000,unrailed,0.030000,,
398.724000,0.030000,0.000000,unrailed,0.030000,,
398.725000,0.030000,-0.000000,unrailed,0.030000,,
398.726000,0.030000,0.000000,unrailed,0.030000,,
398.727000,0.030000,-0.000000,unrailed,0.030000,,
398.728000,0.030000,0.000000,unrailed,0.030000,,
398.729000,0.030000,-0.000000,unrailed,0.030000,,
398.730000,0.030000,0.000000,unrailed,0.030000,,
398.731000,0.030000,-0.000000,unrailed,0.030000,,
398.732000,0.030000,0.000000,unrailed,0.030000,,
398.733000,0.030000,-0.000000,unrailed,0.030000,,
398.734000,0.030000,0.000000,unrailed,0.030000,,
398.735000,0.030000,-0.000000,unrailed,0.030000,,
398.736000,0.030000,0.000000,unrailed,0.030000,,
398.737000,0.030000,-0.000000,unrailed,0.030000,,
398.738000,0.030000,0.000000,unrailed,0.030000,,
398.739000,0.030000,-0.000000,unrailed,0.030000,,
398.740000,0.030000,0.000000,unrailed,0.030000,,
398.741000,0.030000,-0.000000,unrailed,0.030000,,
398.742000,0.030000,0.000000,unrailed,0.030000,,
398.743000,0.030000,-0.000000,unrailed,0.030000,,
398.744000,0.030000,0.000000,unrailed,0.030000,,
398.745000,0.030000,-0.000000,unrailed,0.030000,,
398.746000,0.030000,0.000000,unrailed,0.030000,,
398.747000,0.030000,-0.000000,unrailed,0.030000,,
398.748000,0.030000,0.000000,unrailed,0.030000,,
398.749000,0.030000,-0.000000,unrailed,0.030000,,
398.750000,0.030000,0.000000,unrailed,0.030000,,
398.751000,0.030000,-0.000000,unrailed,0.030000,,
398.752000,0.030000,0.000000,unrailed,0.030000,,
398.753000,0.030000,-0.000000,unrailed,0.030000,,
398.754000,0.030000,0.000000,unrailed,0.030000,,
398.755000,0.030000,-0.000000,unrailed,0.030000,,
398.756000,0.030000,0.000000,unrailed,0.030000,,
398.757000,0.030000,-0.000000,unrailed,0.030000,,
398.758000,0.030000,0.000000,unrailed,0.030000,,
398.759000,0.030000,-0.000000,unrailed,0.030000,,
398.760000,0.030000,0.000000,unrailed,0.030000,,
398.761000,0.030000,-0.000000,unrailed,0.030000,,
398.762000,0.030000,0.000000,unrailed,0.030000,,
398.763000,0.030000,-0.000000,unrailed,0.030000,,
398.764000,0.030000,0.000000,unrailed,0.030000,,
398.765000,0.030000,-0.000000,unrailed,0.030000,,
398.766000,0.030000,0.000000,unrailed,0.030000,,
398.767000,0.030000,-0.000000,unrailed,0.030000,,
398.768000,0.030000,0.000000,unrailed,0.030000,,
398.769000,0.030000,-0.000000,unrailed,0.030000,,
398.770000,0.030000,0.000000,unrailed,0.030000,,
398.771000,0.030000,-0.000000,unrailed,0.030000,,
398.772000,0.030000,0.000000,unrailed,0.030000,,
398.773000,0.030000,-0.000000,unrailed,0.030000,,
398.774000,0.030000,0.000000,unrailed,0.030000,,
398.775000,0.030000,-0.000000,unrailed,0.030000,,
398.776000,0.030000,0.000000,unrailed,0.030000,,
398.777000,0.030000,-0.000000,unrailed,0.030000,,
398.778000,0.030000,0.000000,unrailed,0.030000,,
398.779000,0.030000,-0.000000,unrailed,0.030000,,
398.780000,0.030000,0.000000,unrailed,0.030000,,
398.781000,0.030000,-0.000000,unrailed,0.030000,,
398.782000,0.030000,0.000000,unrailed,0.030000,,
398.783000,0.030000,-0.000000,unrailed,0.030000,,
398.784000,0.030000,0.000000,unrailed,0.030000,,
398.785000,0.030000,-0.000000,unrailed,0.030000,,
398.786000,0.030000,0.000000,unrailed,0.030000,,
398.787000,0.030000,-0.000000,unrailed,0.030000,,
398.788000,0.030000,0.000000,unrailed,0.030000,,
398.789000,0.030000,-0.000000,unrailed,0.030000,,
398.790000,0.030000,0.000000,unrailed,0.030000,,
398.791000,0.030000,-0.000000,unrailed,0.030000,,
398.792000,0.030000,0.000000,unrailed,0.030000,,
398.793000,0.030000,-0.000000,unrailed,0.030000,,
398.794000,0.030000,0.000000,unrailed,0.030000,,
398.795000,0.030000,-0.000000,unrailed,0.030000,,
398.796000,0.030000,0.000000,unrailed,0.030000,,
398.797000,0.030000,-0.000000,unrailed,0.030000,,
398.798000,0.030000,0.000000,unrailed,0.030000,,
398.799000,0.030000,-0.000000,unrailed,0.030000,,
398.800000,0.030000,0.000000,unrailed,0.030000,,
398.801000,0.030000,-0.000000,unrailed,0.030000,,
398.802000,0.030000,0.000000,unrailed,0.030000,,
398.803000,0.030000,-0.000000,unrailed,0.030000,,
398.804000,0.030000,0.000000,unrailed,0.030000,,
398.805000,0.030000,-0.000000,unrailed,0.030000,,
398.806000,0.030000,0.000000,unrailed,0.030000,,
398.807000,0.030000,-0.000000,unrailed,0.030000,,
398.808000,0.030000,0.000000,unrailed,0.030000,,
398.809000,0.030000,-0.000000,unrailed,0.030000,,
398.810000,0.030000,0.000000,unrailed,0.030000,,
398.811000,0.030000,-0.000000,unrailed,0.030000,,
398.812000,0.030000,0.000000,unrailed,0.030000,,
398.813000,0.030000,-0.000000,unrailed,0.030000,,
398.814000,0.030000,0.000000,unrailed,0.030000,,
398.815000,0.030000,-0.000000,unrailed,0.030000,,
398.816000,0.030000,0.000000,unrailed,0.030000,,
398.817000,0.030000,-0.000000,unrailed,0.030000,,
398.818000,0.030000,0.000000,unrailed,0.030000,,
398.819000,0.030000,-0.000000,unrailed,0.030000,,
398.820000,0.030000,0.000000,unrailed,0.030000,,
398.821000,0.030000,-0.000000,unrailed,0.030000,,
398.822000,0.030000,0.000000,unrailed,0.030000,,
398.823000,0.030000,-0.000000,unrailed,0.030000,,
398.824000,0.030000,0.000000,unrailed,0.030000,,
398.825000,0.030000,-0.000000,unrailed,0.030000,,
398.826000,0.030000,0.000000,unrailed,0.030000,,
398.827000,0.030000,-0.000000,unrailed,0.030000,,
398.828000,0.030000,0.000000,unrailed,0.030000,,
398.829000,0.030000,-0.000000,unrailed,0.030000,,
398.830000,0.030000,0.000000,unrailed,0.030000,,
398.831000,0.030000,-0.000000,unrailed,0.030000,,
398.832000,0.030000,0.000000,unrailed,0.030000,,
398.833000,0.030000,-0.000000,unrailed,0.030000,,
398.834000,0.030000,0.000000,unrailed,0.030000,,
398.835000,0.030000,-0.000000,unrailed,0.030000,,
398.836000,0.030000,0.000000,unrailed,0.030000,,
398.837000,0.030000,-0.000000,unrailed,0.030000,,
398.838000,0.030000,0.000000,unrailed,0.030000,,
398.839000,0.030000,-0.000000,unrailed,0.030000,,
398.840000,0.030000,0.000000,unrailed,0.030000,,
398.841000,0.030000,-0.000000,unrailed,0.030000,,
398.842000,0.030000,0.000000,unrailed,0.030000,,
398.843000,0.030000,-0.000000,unrailed,0.030000,,
398.844000,0.030000,0.000000,unrailed,0.030000,,
398.845000,0.030000,-0.000000,unrailed,0.030000,,
398.846000,0.030000,0.000000,unrailed,0.030000,,
398.847000,0.030000,-0.000000,unrailed,0.030000,,
398.848000,0.030000,0.000000,unrailed,0.030000,,
398.849000,0.030000,-0.000000,unrailed,0.030000,,
398.850000,0.030000,0.000000,unrailed,0.030000,,
398.851000,0.030000,-0.000000,unrailed,0.030000,,
398.852000,0.030000,0.000000,unrailed,0.030000,,
398.853000,0.030000,-0.000000,unrailed,0.030000,,
398.854000,0.030000,0.000000,unrailed,0.030000,,
398.855000,0.030000,-0.000000,unrailed,0.030000,,
398.856000,0.030000,0.000000,unrailed,0.030000,,
398.857000,0.030000,-0.000000,unrailed,0.030000,,
398.858000,0.030000,0.000000,unrailed,0.030000,,
398.859000,0.030000,-0.000000,unrailed,0.030000,,
398.860000,0.030000,0.000000,unrailed,0.030000,,
398.861000,0.030000,-0.000000,unrailed,0.030000,,
398.862000,0.030000,0.000000,unrailed,0.030000,,
398.863000,0.030000,-0.000000,unrailed,0.030000,,
398.864000,0.030000,0.000000,unrailed,0.030000,,
398.865000,0.030000,-0.000000,unrailed,0.030000,,
398.866000,0.030000,0.000000,unrailed,0.030000,,
398.867000,0.030000,-0.000000,unrailed,0.030000,,
398.868000,0.030000,0.000000,unrailed,0.030000,,
398.869000,0.030000,-0.000000,unrailed,0.030000,,
398.870000,0.030000,0.000000,unrailed,0.030000,,
398.871000,0.030000,-0.000000,unrailed,0.030000,,
398.872000,0.030000,0.000000,unrailed,0.030000,,
398.873000,0.030000,-0.000000,unrailed,0.030000,,
398.874000,0.030000,0.000000,unrailed,0.030000,,
398.875000,0.030000,-0.000000,unrailed,0.030000,,
398.876000,0.030000,0.000000,unrailed,0.030000,,
398.877000,0.030000,-0.000000,unrailed,0.030000,,
398.878000,0.030000,0.000000,unrailed,0.030000,,
398.879000,0.030000,-0.000000,unrailed,0.030000,,
398.880000,0.030000,0.000000,unrailed,0.030000,,
398.881000,0.030000,-0.000000,unrailed,0.030000,,
398.882000,0.030000,0.000000,unrailed,0.030000,,
398.883000,0.030000,-0.000000,unrailed,0.030000,,
398.884000,0.030000,0.000000,unrailed,0.030000,,
398.885000,0.030000,-0.000000,unrailed,0.030000,,
398.886000,0.030000,0.000000,unrailed,0.030000,,
398.887000,0.030000,-0.000000,unrailed,0.030000,,
398.888000,0.030000,0.000000,unrailed,0.030000,,
398.889000,0.030000,-0.000000,unrailed,0.030000,,
398.890000,0.030000,0.000000,unrailed,0.030000,,
398.891000,0.030000,-0.000000,unrailed,0.030000,,
398.892000,0.030000,0.000000,unrailed,0.030000,,
398.893000,0.030000,-0.000000,unrailed,0.030000,,
398.894000,0.030000,0.000000,unrailed,0.030000,,
398.895000,0.030000,-0.000000,unrailed,0.030000,,
398.896000,0.030000,0.000000,unrailed,0.030000,,
398.897000,0.030000,-0.000000,unrailed,0.030000,,
398.898000,0.030000,0.000000,unrailed,0.030000,,
398.899000,0.030000,-0.000000,unrailed,0.030000,,
398.900000,0.030000,0.000000,unrailed,0.030000,,
398.901000,0.030000,-0.000000,unrailed,0.030000,,
398.902000,0.030000,0.000000,unrailed,0.030000,,
398.903000,0.030000,-0.000000,unrailed,0.030000,,
398.904000,0.030000,0.000000,unrailed,0.030000,,
398.905000,0.030000,-0.000000,unrailed,0.030000,,
398.906000,0.030000,0.000000,unrailed,0.030000,,
398.907000,0.030000,-0.000000,unrailed,0.030000,,
398.908000,0.030000,0.000000,unrailed,0.030000,,
398.909000,0.030000,-0.000000,unrailed,0.030000,,
398.910000,0.030000,0.000000,unrailed,0.030000,,
398.911000,0.030000,-0.000000,unrailed,0.030000,,
398.912000,0.030000,0.000000,unrailed,0.030000,,
398.913000,0.030000,-0.000000,unrailed,0.030000,,
398.914000,0.030000,0.000000,unrailed,0.030000,,
398.915000,0.030000,-0.000000,unrailed,0.030000,,
398.916000,0.030000,0.000000,unrailed,0.030000,,
398.917000,0.030000,-0.000000,unrailed,0.030000,,
398.918000,0.030000,0.000000,unrailed,0.030000,,
398.919000,0.030000,-0.000000,unrailed,0.030000,,
398.920000,0.030000,0.000000,unrailed,0.030000,,
398.921000,0.030000,-0.000000,unrailed,0.030000,,
398.922000,0.030000,0.000000,unrailed,0.030000,,
398.923000,0.030000,-0.000000,unrailed,0.030000,,
398.924000,0.030000,0.000000,unrailed,0.030000,,
398.925000,0.030000,-0.000000,unrailed,0.030000,,
398.926000,0.030000,0.000000,unrailed,0.030000,,
398.927000,0.030000,-0.000000,unrailed,0.030000,,
398.928000,0.030000,0.000000,unrailed,0.030000,,
398.929000,0.030000,-0.000000,unrailed,0.030000,,
398.930000,0.030000,0.000000,unrailed,0.030000,,
398.931000,0.030000,-0.000000,unrailed,0.030000,,
398.932000,0.030000,0.000000,unrailed,0.030000,,
398.933000,0.030000,-0.000000,unrailed,0.030000,,
398.934000,0.030000,0.000000,unrailed,0.030000,,
398.935000,0.030000,-0.000000,unrailed,0.030000,,
398.936000,0.030000,0.000000,unrailed,0.030000,,
398.937000,0.030000,-0.000000,unrailed,0.030000,,
398.938000,0.030000,0.000000,unrailed,0.030000,,
398.939000,0.030000,-0.000000,unrailed,0.030000,,
398.940000,0.030000,0.000000,unrailed,0.030000,,
398.941000,0.030000,-0.000000,unrailed,0.030000,,
398.942000,0.030000,0.000000,unrailed,0.030000,,
398.943000,0.030000,-0.000000,unrailed,0.030000,,
398.944000,0.030000,0.000000,unrailed,0.030000,,
398.945000,0.030000,-0.000000,unrailed,0.030000,,
398.946000,0.030000,0.000000,unrailed,0.030000,,
398.947000,0.030000,-0.000000,unrailed,0.030000,,
398.948000,0.030000,0.000000,unrailed,0.030000,,
398.949000,0.030000,-0.000000,unrailed,0.030000,,
398.950000,0.030000,0.000000,unrailed,0.030000,,
398.951000,0.030000,-0.000000,unrailed,0.030000,,
398.952000,0.030000,0.000000,unrailed,0.030000,,
398.953000,0.030000,-0.000000,unrailed,0.030000,,
398.954000,0.030000,0.000000,unrailed,0.030000,,
398.955000,0.030000,-0.000000,unrailed,0.030000,,
398.956000,0.030000,0.000000,unrailed,0.030000,,
398.957000,0.030000,-0.000000,unrailed,0.030000,,
398.958000,0.030000,0.000000,unrailed,0.030000,,
398.959000,0.030000,-0.000000,unrailed,0.030000,,
398.960000,0.030000,0.000000,unrailed,0.030000,,
398.961000,0.030000,-0.000000,unrailed,0.030000,,
398.962000,0.030000,0.000000,unrailed,0.030000,,
398.963000,0.030000,-0.000000,unrailed,0.030000,,
398.964000,0.030000,0.000000,unrailed,0.030000,,
398.965000,0.030000,-0.000000,unrailed,0.030000,,
398.966000,0.030000,0.000000,unrailed,0.030000,,
398.967000,0.030000,-0.000000,unrailed,0.030000,,
398.968000,0.030000,0.000000,unrailed,0.030000,,
398.969000,0.030000,-0.000000,unrailed,0.030000,,
398.970000,0.030000,0.000000,unrailed,0.030000,,
398.971000,0.030000,-0.000000,unrailed,0.030000,,
398.972000,0.030000,0.000000,unrailed,0.030000,,
398.973000,0.030000,-0.000000,unrailed,0.030000,,
398.974000,0.030000,0.000000,unrailed,0.030000,,
398.975000,0.030000,-0.000000,unrailed,0.030000,,
398.976000,0.030000,0.000000,unrailed,0.030000,,
398.977000,0.030000,-0.000000,unrailed,0.030000,,
398.978000,0.030000,0.000000,unrailed,0.030000,,
398.979000,0.030000,-0.000000,unrailed,0.030000,,
398.980000,0.030000,0.000000,unrailed,0.030000,,
398.981000,0.030000,-0.000000,unrailed,0.030000,,
398.982000,0.030000,0.000000,unrailed,0.030000,,
398.983000,0.030000,-0.000000,unrailed,0.030000,,
398.984000,0.030000,0.000000,unrailed,0.030000,,
398.985000,0.030000,-0.000000,unrailed,0.030000,,
398.986000,0.030000,0.000000,unrailed,0.030000,,
398.987000,0.030000,-0.000000,unrailed,0.030000,,
398.988000,0.030000,0.000000,unrailed,0.030000,,
398.989000,0.030000,-0.000000,unrailed,0.030000,,
398.990000,0.030000,0.000000,unrailed,0.030000,,
398.991000,0.030000,-0.000000,unrailed,0.030000,,
398.992000,0.030000,0.000000,unrailed,0.030000,,
398.993000,0.030000,-0.000000,unrailed,0.030000,,
398.994000,0.030000,0.000000,unrailed,0.030000,,
398.995000,0.030000,-0.000000,unrailed,0.030000,,
398.996000,0.030000,0.000000,unrailed,0.030000,,
398.997000,0.030000,-0.000000,unrailed,0.030000,,
398.998000,0.030000,0.000000,unrailed,0.030000,,
398.999000,0.030000,-0.000000,unrailed,0.030000,,
399.000000,0.030000,0.000000,unrailed,0.030000,,
399.001000,0.030000,-0.000000,unrailed,0.030000,,
399.002000,0.030000,0.000000,unrailed,0.030000,,
399.003000,0.030000,-0.000000,unrailed,0.030000,,
399.004000,0.030000,0.000000,unrailed,0.030000,,
399.005000,0.030000,-0.000000,unrailed,0.030000,,
399.006000,0.030000,0.000000,unrailed,0.030000,,
399.007000,0.030000,-0.000000,unrailed,0.030000,,
399.008000,0.030000,0.000000,unrailed,0.030000,,
399.009000,0.030000,-0.000000,unrailed,0.030000,,
399.010000,0.030000,0.000000,unrailed,0.030000,,
399.011000,0.030000,-0.000000,unrailed,0.030000,,
399.012000,0.030000,0.000000,unrailed,0.030000,,
399.013000,0.030000,-0.000000,unrailed,0.030000,,
399.014000,0.030000,0.000000,unrailed,0.030000,,
399.015000,0.030000,-0.000000,unrailed,0.030000,,
399.016000,0.030000,0.000000,unrailed,0.030000,,
399.017000,0.030000,-0.000000,unrailed,0.030000,,
399.018000,0.030000,0.000000,unrailed,0.030000,,
399.019000,0.030000,-0.000000,unrailed,0.030000,,
399.020000,0.030000,0.000000,unrailed,0.030000,,
399.021000,0.030000,-0.000000,unrailed,0.030000,,
399.022000,0.030000,0.000000,unrailed,0.030000,,
399.023000,0.030000,-0.000000,unrailed,0.030000,,
399.024000,0.030000,0.000000,unrailed,0.030000,,
399.025000,0.030000,-0.000000,unrailed,0.030000,,
399.026000,0.030000,0.000000,unrailed,0.030000,,
399.027000,0.030000,-0.000000,unrailed,0.030000,,
399.028000,0.030000,0.000000,unrailed,0.030000,,
399.029000,0.030000,-0.000000,unrailed,0.030000,,
399.030000,0.030000,0.000000,unrailed,0.030000,,
399.031000,0.030000,-0.000000,unrailed,0.030000,,
399.032000,0.030000,0.000000,unrailed,0.030000,,
399.033000,0.030000,-0.000000,unrailed,0.030000,,
399.034000,0.030000,0.000000,unrailed,0.030000,,
399.035000,0.030000,-0.000000,unrailed,0.030000,,
399.036000,0.030000,0.000000,unrailed,0.030000,,
399.037000,0.030000,-0.000000,unrailed,0.030000,,
399.038000,0.030000,0.000000,unrailed,0.030000,,
399.039000,0.030000,-0.000000,unrailed,0.030000,,
399.040000,0.030000,0.000000,unrailed,0.030000,,
399.041000,0.030000,-0.000000,unrailed,0.030000,,
399.042000,0.030000,0.000000,unrailed,0.030000,,
399.043000,0.030000,-0.000000,unrailed,0.030000,,
399.044000,0.030000,0.000000,unrailed,0.030000,,
399.045000,0.030000,-0.000000,unrailed,0.030000,,
399.046000,0.030000,0.000000,unrailed,0.030000,,
399.047000,0.030000,-0.000000,unrailed,0.030000,,
399.048000,0.030000,0.000000,unrailed,0.030000,,
399.049000,0.030000,-0.000000,unrailed,0.030000,,
399.050000,0.030000,0.000000,unrailed,0.030000,,
399.051000,0.030000,-0.000000,unrailed,0.030000,,
399.052000,0.030000,0.000000,unrailed,0.030000,,
399.053000,0.030000,-0.000000,unrailed,0.030000,,
399.054000,0.030000,0.000000,unrailed,0.030000,,
399.055000,0.030000,-0.000000,unrailed,0.030000,,
399.056000,0.030000,0.000000,unrailed,0.030000,,
399.057000,0.030000,-0.000000,unrailed,0.030000,,
399.058000,0.030000,0.000000,unrailed,0.030000,,
399.059000,0.030000,-0.000000,unrailed,0.030000,,
399.060000,0.030000,0.000000,unrailed,0.030000,,
399.061000,0.030000,-0.000000,unrailed,0.030000,,
399.062000,0.030000,0.000000,unrailed,0.030000,,
399.063000,0.030000,-0.000000,unrailed,0.030000,,
399.064000,0.030000,0.000000,unrailed,0.030000,,
399.065000,0.030000,-0.000000,unrailed,0.030000,,
399.066000,0.030000,0.000000,unrailed,0.030000,,
399.067000,0.030000,-0.000000,unrailed,0.030000,,
399.068000,0.030000,0.000000,unrailed,0.030000,,
399.069000,0.030000,-0.000000,unrailed,0.030000,,
399.070000,0.030000,0.000000,unrailed,0.030000,,
399.071000,0.030000,-0.000000,unrailed,0.030000,,
399.072000,0.030000,0.000000,unrailed,0.030000,,
399.073000,0.030000,-0.000000,unrailed,0.030000,,
399.074000,0.030000,0.000000,unrailed,0.030000,,
399.075000,0.030000,-0.000000,unrailed,0.030000,,
399.076000,0.030000,0.000000,unrailed,0.030000,,
399.077000,0.030000,-0.000000,unrailed,0.030000,,
399.078000,0.030000,0.000000,unrailed,0.030000,,
399.079000,0.030000,-0.000000,unrailed,0.030000,,
399.080000,0.030000,0.000000,unrailed,0.030000,,
399.081000,0.030000,-0.000000,unrailed,0.030000,,
399.082000,0.030000,0.000000,unrailed,0.030000,,
399.083000,0.030000,-0.000000,unrailed,0.030000,,
399.084000,0.030000,0.000000,unrailed,0.030000,,
399.085000,0.030000,-0.000000,unrailed,0.030000,,
399.086000,0.030000,0.000000,unrailed,0.030000,,
399.087000,0.030000,-0.000000,unrailed,0.030000,,
399.088000,0.030000,0.000000,unrailed,0.030000,,
399.089000,0.030000,-0.000000,unrailed,0.030000,,
399.090000,0.030000,0.000000,unrailed,0.030000,,
399.091000,0.030000,-0.000000,unrailed,0.030000,,
399.092000,0.030000,0.000000,unrailed,0.030000,,
399.093000,0.030000,-0.000000,unrailed,0.030000,,
399.094000,0.030000,0.000000,unrailed,0.030000,,
399.095000,0.030000,-0.000000,unrailed,0.030000,,
399.096000,0.030000,0.000000,unrailed,0.030000,,
399.097000,0.030000,-0.000000,unrailed,0.030000,,
399.098000,0.030000,0.000000,unrailed,0.030000,,
399.099000,0.030000,-0.000000,unrailed,0.030000,,
399.100000,0.030000,0.000000,unrailed,0.030000,,
399.101000,0.030000,-0.000000,unrailed,0.030000,,
399.102000,0.030000,0.000000,unrailed,0.030000,,
399.103000,0.030000,-0.000000,unrailed,0.030000,,
399.104000,0.030000,0.000000,unrailed,0.030000,,
399.105000,0.030000,-0.000000,unrailed,0.030000,,
399.106000,0.030000,0.000000,unrailed,0.030000,,
399.107000,0.030000,-0.000000,unrailed,0.030000,,
399.108000,0.030000,0.000000,unrailed,0.030000,,
399.109000,0.030000,-0.000000,unrailed,0.030000,,
399.110000,0.030000,0.000000,unrailed,0.030000,,
399.111000,0.030000,-0.000000,unrailed,0.030000,,
399.112000,0.030000,0.000000,unrailed,0.030000,,
399.113000,0.030000,-0.000000,unrailed,0.030000,,
399.114000,0.030000,0.000000,unrailed,0.030000,,
399.115000,0.030000,-0.000000,unrailed,0.030000,,
399.116000,0.030000,0.000000,unrailed,0.030000,,
399.117000,0.030000,-0.000000,unrailed,0.030000,,
399.118000,0.030000,0.000000,unrailed,0.030000,,
399.119000,0.030000,-0.000000,unrailed,0.030000,,
399.120000,0.030000,0.000000,unrailed,0.030000,,
399.121000,0.030000,-0.000000,unrailed,0.030000,,
399.122000,0.030000,0.000000,unrailed,0.030000,,
399.123000,0.030000,-0.000000,unrailed,0.030000,,
399.124000,0.030000,0.000000,unrailed,0.030000,,
399.125000,0.030000,-0.000000,unrailed,0.030000,,
399.126000,0.030000,0.000000,unrailed,0.030000,,
399.127000,0.030000,-0.000000,unrailed,0.030000,,
399.128000,0.030000,0.000000,unrailed,0.030000,,
399.129000,0.030000,-0.000000,unrailed,0.030000,,
399.130000,0.030000,0.000000,unrailed,0.030000,,
399.131000,0.030000,-0.000000,unrailed,0.030000,,
399.132000,0.030000,0.000000,unrailed,0.030000,,
399.133000,0.030000,-0.000000,unrailed,0.030000,,
399.134000,0.030000,0.000000,unrailed,0.030000,,
399.135000,0.030000,-0.000000,unrailed,0.030000,,
399.136000,0.030000,0.000000,unrailed,0.030000,,
399.137000,0.030000,-0.000000,unrailed,0.030000,,
399.138000,0.030000,0.000000,unrailed,0.030000,,
399.139000,0.030000,-0.000000,unrailed,0.030000,,
399.140000,0.030000,0.000000,unrailed,0.030000,,
399.141000,0.030000,-0.000000,unrailed,0.030000,,
399.142000,0.030000,0.000000,unrailed,0.030000,,
399.143000,0.030000,-0.000000,unrailed,0.030000,,
399.144000,0.030000,0.000000,unrailed,0.030000,,
399.145000,0.030000,-0.000000,unrailed,0.030000,,
399.146000,0.030000,0.000000,unrailed,0.030000,,
399.147000,0.030000,-0.000000,unrailed,0.030000,,
399.148000,0.030000,0.000000,unrailed,0.030000,,
399.149000,0.030000,-0.000000,unrailed,0.030000,,
399.150000,0.030000,0.000000,unrailed,0.030000,,
399.151000,0.030000,-0.000000,unrailed,0.030000,,
399.152000,0.030000,0.000000,unrailed,0.030000,,
399.153000,0.030000,-0.000000,unrailed,0.030000,,
399.154000,0.030000,0.000000,unrailed,0.030000,,
399.155000,0.030000,-0.000000,unrailed,0.030000,,
399.156000,0.030000,0.000000,unrailed,0.030000,,
399.157000,0.030000,-0.000000,unrailed,0.030000,,
399.158000,0.030000,0.000000,unrailed,0.030000,,
399.159000,0.030000,-0.000000,unrailed,0.030000,,
399.160000,0.030000,0.000000,unrailed,0.030000,,
399.161000,0.030000,-0.000000,unrailed,0.030000,,
399.162000,0.030000,0.000000,unrailed,0.030000,,
399.163000,0.030000,-0.000000,unrailed,0.030000,,
399.164000,0.030000,0.000000,unrailed,0.030000,,
399.165000,0.030000,-0.000000,unrailed,0.030000,,
399.166000,0.030000,0.000000,unrailed,0.030000,,
399.167000,0.030000,-0.000000,unrailed,0.030000,,
399.168000,0.030000,0.000000,unrailed,0.030000,,
399.169000,0.030000,-0.000000,unrailed,0.030000,,
399.170000,0.030000,0.000000,unrailed,0.030000,,
399.171000,0.030000,-0.000000,unrailed,0.030000,,
399.172000,0.030000,0.000000,unrailed,0.030000,,
399.173000,0.030000,-0.000000,unrailed,0.030000,,
399.174000,0.030000,0.000000,unrailed,0.030000,,
399.175000,0.030000,-0.000000,unrailed,0.030000,,
399.176000,0.030000,0.000000,unrailed,0.030000,,
399.177000,0.030000,-0.000000,unrailed,0.030000,,
399.178000,0.030000,0.000000,unrailed,0.030000,,
399.179000,0.030000,-0.000000,unrailed,0.030000,,
399.180000,0.030000,0.000000,unrailed,0.030000,,
399.181000,0.030000,-0.000000,unrailed,0.030000,,
399.182000,0.030000,0.000000,unrailed,0.030000,,
399.183000,0.030000,-0.000000,unrailed,0.030000,,
399.184000,0.030000,0.000000,unrailed,0.030000,,
399.185000,0.030000,-0.000000,unrailed,0.030000,,
399.186000,0.030000,0.000000,unrailed,0.030000,,
399.187000,0.030000,-0.000000,unrailed,0.030000,,
399.188000,0.030000,0.000000,unrailed,0.030000,,
399.189000,0.030000,-0.000000,unrailed,0.030000,,
399.190000,0.030000,0.000000,unrailed,0.030000,,
399.191000,0.030000,-0.000000,unrailed,0.030000,,
399.192000,0.030000,0.000000,unrailed,0.030000,,
399.193000,0.030000,-0.000000,unrailed,0.030000,,
399.194000,0.030000,0.000000,unrailed,0.030000,,
399.195000,0.030000,-0.000000,unrailed,0.030000,,
399.196000,0.030000,0.000000,unrailed,0.030000,,
399.197000,0.030000,-0.000000,unrailed,0.030000,,
399.198000,0.030000,0.000000,unrailed,0.030000,,
399.199000,0.030000,-0.000000,unrailed,0.030000,,
399.200000,0.030000,0.000000,unrailed,0.030000,,
399.201000,0.030000,-0.000000,unrailed,0.030000,,
399.202000,0.030000,0.000000,unrailed,0.030000,,
399.203000,0.030000,-0.000000,unrailed,0.030000,,
399.204000,0.030000,0.000000,unrailed,0.030000,,
399.205000,0.030000,-0.000000,unrailed,0.030000,,
399.206000,0.030000,0.000000,unrailed,0.030000,,
399.207000,0.030000,-0.000000,unrailed,0.030000,,
399.208000,0.030000,0.000000,unrailed,0.030000,,
399.209000,0.030000,-0.000000,unrailed,0.030000,,
399.210000,0.030000,0.000000,unrailed,0.030000,,
399.211000,0.030000,-0.000000,unrailed,0.030000,,
399.212000,0.030000,0.000000,unrailed,0.030000,,
399.213000,0.030000,-0.000000,unrailed,0.030000,,
399.214000,0.030000,0.000000,unrailed,0.030000,,
399.215000,0.030000,-0.000000,unrailed,0.030000,,
399.216000,0.030000,0.000000,unrailed,0.030000,,
399.217000,0.030000,-0.000000,unrailed,0.030000,,
399.218000,0.030000,0.000000,unrailed,0.030000,,
399.219000,0.030000,-0.000000,unrailed,0.030000,,
399.220000,0.030000,0.000000,unrailed,0.030000,,
399.221000,0.030000,-0.000000,unrailed,0.030000,,
399.222000,0.030000,0.000000,unrailed,0.030000,,
399.223000,0.030000,-0.000000,unrailed,0.030000,,
399.224000,0.030000,0.000000,unrailed,0.030000,,
399.225000,0.030000,-0.000000,unrailed,0.030000,,
399.226000,0.030000,0.000000,unrailed,0.030000,,
399.227000,0.030000,-0.000000,unrailed,0.030000,,
399.228000,0.030000,0.000000,unrailed,0.030000,,
399.229000,0.030000,-0.000000,unrailed,0.030000,,
399.230000,0.030000,0.000000,unrailed,0.030000,,
399.231000,0.030000,-0.000000,unrailed,0.030000,,
399.232000,0.030000,0.000000,unrailed,0.030000,,
399.233000,0.030000,-0.000000,unrailed,0.030000,,
399.234000,0.030000,0.000000,unrailed,0.030000,,
399.235000,0.030000,-0.000000,unrailed,0.030000,,
399.236000,0.030000,0.000000,unrailed,0.030000,,
399.237000,0.030000,-0.000000,unrailed,0.030000,,
399.238000,0.030000,0.000000,unrailed,0.030000,,
399.239000,0.030000,-0.000000,unrailed,0.030000,,
399.240000,0.030000,0.000000,unrailed,0.030000,,
399.241000,0.030000,-0.000000,unrailed,0.030000,,
399.242000,0.030000,0.000000,unrailed,0.030000,,
399.243000,0.030000,-0.000000,unrailed,0.030000,,
399.244000,0.030000,0.000000,unrailed,0.030000,,
399.245000,0.030000,-0.000000,unrailed,0.030000,,
399.246000,0.030000,0.000000,unrailed,0.030000,,
399.247000,0.030000,-0.000000,unrailed,0.030000,,
399.248000,0.030000,0.000000,unrailed,0.030000,,
399.249000,0.030000,-0.000000,unrailed,0.030000,,
399.250000,0.030000,0.000000,unrailed,0.030000,,
399.251000,0.030000,-0.000000,unrailed,0.030000,,
399.252000,0.030000,0.000000,unrailed,0.030000,,
399.253000,0.030000,-0.000000,unrailed,0.030000,,
399.254000,0.030000,0.000000,unrailed,0.030000,,
399.255000,0.030000,-0.000000,unrailed,0.030000,,
399.256000,0.030000,0.000000,unrailed,0.030000,,
399.257000,0.030000,-0.000000,unrailed,0.030000,,
399.258000,0.030000,0.000000,unrailed,0.030000,,
399.259000,0.030000,-0.000000,unrailed,0.030000,,
399.260000,0.030000,0.000000,unrailed,0.030000,,
399.261000,0.030000,-0.000000,unrailed,0.030000,,
399.262000,0.030000,0.000000,unrailed,0.030000,,
399.263000,0.030000,-0.000000,unrailed,0.030000,,
399.264000,0.030000,0.000000,unrailed,0.030000,,
399.265000,0.030000,-0.000000,unrailed,0.030000,,
399.266000,0.030000,0.000000,unrailed,0.030000,,
399.267000,0.030000,-0.000000,unrailed,0.030000,,
399.268000,0.030000,0.000000,unrailed,0.030000,,
399.269000,0.030000,-0.000000,unrailed,0.030000,,
399.270000,0.030000,0.000000,unrailed,0.030000,,
399.271000,0.030000,-0.000000,unrailed,0.030000,,
399.272000,0.030000,0.000000,unrailed,0.030000,,
399.273000,0.030000,-0.000000,unrailed,0.030000,,
399.274000,0.030000,0.000000,unrailed,0.030000,,
399.275000,0.030000,-0.000000,unrailed,0.030000,,
399.276000,0.030000,0.000000,unrailed,0.030000,,
399.277000,0.030000,-0.000000,unrailed,0.030000,,
399.278000,0.030000,0.000000,unrailed,0.030000,,
399.279000,0.030000,-0.000000,unrailed,0.030000,,
399.280000,0.030000,0.000000,unrailed,0.030000,,
399.281000,0.030000,-0.000000,unrailed,0.030000,,
399.282000,0.030000,0.000000,unrailed,0.030000,,
399.283000,0.030000,-0.000000,unrailed,0.030000,,
399.284000,0.030000,0.000000,unrailed,0.030000,,
399.285000,0.030000,-0.000000,unrailed,0.030000,,
399.286000,0.030000,0.000000,unrailed,0.030000,,
399.287000,0.030000,-0.000000,unrailed,0.030000,,
399.288000,0.030000,0.000000,unrailed,0.030000,,
399.289000,0.030000,-0.000000,unrailed,0.030000,,
399.290000,0.030000,0.000000,unrailed,0.030000,,
399.291000,0.030000,-0.000000,unrailed,0.030000,,
399.292000,0.030000,0.000000,unrailed,0.030000,,
399.293000,0.030000,-0.000000,unrailed,0.030000,,
399.294000,0.030000,0.000000,unrailed,0.030000,,
399.295000,0.030000,-0.000000,unrailed,0.030000,,
399.296000,0.030000,0.000000,unrailed,0.030000,,
399.297000,0.030000,-0.000000,unrailed,0.030000,,
399.298000,0.030000,0.000000,unrailed,0.030000,,
399.299000,0.030000,-0.000000,unrailed,0.030000,,
399.300000,0.030000,0.000000,unrailed,0.030000,,
399.301000,0.030000,-0.000000,unrailed,0.030000,,
399.302000,0.030000,0.000000,unrailed,0.030000,,
399.303000,0.030000,-0.000000,unrailed,0.030000,,
399.304000,0.030000,0.000000,unrailed,0.030000,,
399.305000,0.030000,-0.000000,unrailed,0.030000,,
399.306000,0.030000,0.000000,unrailed,0.030000,,
399.307000,0.030000,-0.000000,unrailed,0.030000,,
399.308000,0.030000,0.000000,unrailed,0.030000,,
399.309000,0.030000,-0.000000,unrailed,0.030000,,
399.310000,0.030000,0.000000,unrailed,0.030000,,
399.311000,0.030000,-0.000000,unrailed,0.030000,,
399.312000,0.030000,0.000000,unrailed,0.030000,,
399.313000,0.030000,-0.000000,unrailed,0.030000,,
399.314000,0.030000,0.000000,unrailed,0.030000,,
399.315000,0.030000,-0.000000,unrailed,0.030000,,
399.316000,0.030000,0.000000,unrailed,0.030000,,
399.317000,0.030000,-0.000000,unrailed,0.030000,,
399.318000,0.030000,0.000000,unrailed,0.030000,,
399.319000,0.030000,-0.000000,unrailed,0.030000,,
399.320000,0.030000,0.000000,unrailed,0.030000,,
399.321000,0.030000,-0.000000,unrailed,0.030000,,
399.322000,0.030000,0.000000,unrailed,0.030000,,
399.323000,0.030000,-0.000000,unrailed,0.030000,,
399.324000,0.030000,0.000000,unrailed,0.030000,,
399.325000,0.030000,-0.000000,unrailed,0.030000,,
399.326000,0.030000,0.000000,unrailed,0.030000,,
399.327000,0.030000,-0.000000,unrailed,0.030000,,
399.328000,0.030000,0.000000,unrailed,0.030000,,
399.329000,0.030000,-0.000000,unrailed,0.030000,,
399.330000,0.030000,0.000000,unrailed,0.030000,,
399.331000,0.030000,-0.000000,unrailed,0.030000,,
399.332000,0.030000,0.000000,unrailed,0.030000,,
399.333000,0.030000,-0.000000,unrailed,0.030000,,
399.334000,0.030000,0.000000,unrailed,0.030000,,
399.335000,0.030000,-0.000000,unrailed,0.030000,,
399.336000,0.030000,0.000000,unrailed,0.030000,,
399.337000,0.030000,-0.000000,unrailed,0.030000,,
399.338000,0.030000,0.000000,unrailed,0.030000,,
399.339000,0.030000,-0.000000,unrailed,0.030000,,
399.340000,0.030000,0.000000,unrailed,0.030000,,
399.341000,0.030000,-0.000000,unrailed,0.030000,,
399.342000,0.030000,0.000000,unrailed,0.030000,,
399.343000,0.030000,-0.000000,unrailed,0.030000,,
399.344000,0.030000,0.000000,unrailed,0.030000,,
399.345000,0.030000,-0.000000,unrailed,0.030000,,
399.346000,0.030000,0.000000,unrailed,0.030000,,
399.347000,0.030000,-0.000000,unrailed,0.030000,,
399.348000,0.030000,0.000000,unrailed,0.030000,,
399.349000,0.030000,-0.000000,unrailed,0.030000,,
399.350000,0.030000,0.000000,unrailed,0.030000,,
399.351000,0.030000,-0.000000,unrailed,0.030000,,
399.352000,0.030000,0.000000,unrailed,0.030000,,
399.353000,0.030000,-0.000000,unrailed,0.030000,,
399.354000,0.030000,0.000000,unrailed,0.030000,,
399.355000,0.030000,-0.000000,unrailed,0.030000,,
399.356000,0.030000,0.000000,unrailed,0.030000,,
399.357000,0.030000,-0.000000,unrailed,0.030000,,
399.358000,0.030000,0.000000,unrailed,0.030000,,
399.359000,0.030000,-0.000000,unrailed,0.030000,,
399.360000,0.030000,0.000000,unrailed,0.030000,,
399.361000,0.030000,-0.000000,unrailed,0.030000,,
399.362000,0.030000,0.000000,unrailed,0.030000,,
399.363000,0.030000,-0.000000,unrailed,0.030000,,
399.364000,0.030000,0.000000,unrailed,0.030000,,
399.365000,0.030000,-0.000000,unrailed,0.030000,,
399.366000,0.030000,0.000000,unrailed,0.030000,,
399.367000,0.030000,-0.000000,unrailed,0.030000,,
399.368000,0.030000,0.000000,unrailed,0.030000,,
399.369000,0.030000,-0.000000,unrailed,0.030000,,
399.370000,0.030000,0.000000,unrailed,0.030000,,
399.371000,0.030000,-0.000000,unrailed,0.030000,,
399.372000,0.030000,0.000000,unrailed,0.030000,,
399.373000,0.030000,-0.000000,unrailed,0.030000,,
399.374000,0.030000,0.000000,unrailed,0.030000,,
399.375000,0.030000,-0.000000,unrailed,0.030000,,
399.376000,0.030000,0.000000,unrailed,0.030000,,
399.377000,0.030000,-0.000000,unrailed,0.030000,,
399.378000,0.030000,0.000000,unrailed,0.030000,,
399.379000,0.030000,-0.000000,unrailed,0.030000,,
399.380000,0.030000,0.000000,unrailed,0.030000,,
399.381000,0.030000,-0.000000,unrailed,0.030000,,
399.382000,0.030000,0.000000,unrailed,0.030000,,
399.383000,0.030000,-0.000000,unrailed,0.030000,,
399.384000,0.030000,0.000000,unrailed,0.030000,,
399.385000,0.030000,-0.000000,unrailed,0.030000,,
399.386000,0.030000,0.000000,unrailed,0.030000,,
399.387000,0.030000,-0.000000,unrailed,0.030000,,
399.388000,0.030000,0.000000,unrailed,0.030000,,
399.389000,0.030000,-0.000000,unrailed,0.030000,,
399.390000,0.030000,0.000000,unrailed,0.030000,,
399.391000,0.030000,-0.000000,unrailed,0.030000,,
399.392000,0.030000,0.000000,unrailed,0.030000,,
399.393000,0.030000,-0.000000,unrailed,0.030000,,
399.394000,0.030000,0.000000,unrailed,0.030000,,
399.395000,0.030000,-0.000000,unrailed,0.030000,,
399.396000,0.030000,0.000000,unrailed,0.030000,,
399.397000,0.030000,-0.000000,unrailed,0.030000,,
399.398000,0.030000,0.000000,unrailed,0.030000,,
399.399000,0.030000,-0.000000,unrailed,0.030000,,
399.400000,0.030000,0.000000,unrailed,0.030000,,
399.401000,0.030000,-0.000000,unrailed,0.030000,,
399.402000,0.030000,0.000000,unrailed,0.030000,,
399.403000,0.030000,-0.000000,unrailed,0.030000,,
399.404000,0.030000,0.000000,unrailed,0.030000,,
399.405000,0.030000,-0.000000,unrailed,0.030000,,
399.406000,0.030000,0.000000,unrailed,0.030000,,
399.407000,0.030000,-0.000000,unrailed,0.030000,,
399.408000,0.030000,0.000000,unrailed,0.030000,,
399.409000,0.030000,-0.000000,unrailed,0.030000,,
399.410000,0.030000,0.000000,unrailed,0.030000,,
399.411000,0.030000,-0.000000,unrailed,0.030000,,
399.412000,0.030000,0.000000,unrailed,0.030000,,
399.413000,0.030000,-0.000000,unrailed,0.030000,,
399.414000,0.030000,0.000000,unrailed,0.030000,,
399.415000,0.030000,-0.000000,unrailed,0.030000,,
399.416000,0.030000,0.000000,unrailed,0.030000,,
399.417000,0.030000,-0.000000,unrailed,0.030000,,
399.418000,0.030000,0.000000,unrailed,0.030000,,
399.419000,0.030000,-0.000000,unrailed,0.030000,,
399.420000,0.030000,0.000000,unrailed,0.030000,,
399.421000,0.030000,-0.000000,unrailed,0.030000,,
399.422000,0.030000,0.000000,unrailed,0.030000,,
399.423000,0.030000,-0.000000,unrailed,0.030000,,
399.424000,0.030000,0.000000,unrailed,0.030000,,
399.425000,0.030000,-0.000000,unrailed,0.030000,,
399.426000,0.030000,0.000000,unrailed,0.030000,,
399.427000,0.030000,-0.000000,unrailed,0.030000,,
399.428000,0.030000,0.000000,unrailed,0.030000,,
399.429000,0.030000,-0.000000,unrailed,0.030000,,
399.430000,0.030000,0.000000,unrailed,0.030000,,
399.431000,0.030000,-0.000000,unrailed,0.030000,,
399.432000,0.030000,0.000000,unrailed,0.030000,,
399.433000,0.030000,-0.000000,unrailed,0.030000,,
399.434000,0.030000,0.000000,unrailed,0.030000,,
399.435000,0.030000,-0.000000,unrailed,0.030000,,
399.436000,0.030000,0.000000,unrailed,0.030000,,
399.437000,0.030000,-0.000000,unrailed,0.030000,,
399.438000,0.030000,0.000000,unrailed,0.030000,,
399.439000,0.030000,-0.000000,unrailed,0.030000,,
399.440000,0.030000,0.000000,unrailed,0.030000,,
399.441000,0.030000,-0.000000,unrailed,0.030000,,
399.442000,0.030000,0.000000,unrailed,0.030000,,
399.443000,0.030000,-0.000000,unrailed,0.030000,,
399.444000,0.030000,0.000000,unrailed,0.030000,,
399.445000,0.030000,-0.000000,unrailed,0.030000,,
399.446000,0.030000,0.000000,unrailed,0.030000,,
399.447000,0.030000,-0.000000,unrailed,0.030000,,
399.448000,0.030000,0.000000,unrailed,0.030000,,
399.449000,0.030000,-0.000000,unrailed,0.030000,,
399.450000,0.030000,0.000000,unrailed,0.030000,,
399.451000,0.030000,-0.000000,unrailed,0.030000,,
399.452000,0.030000,0.000000,unrailed,0.030000,,
399.453000,0.030000,-0.000000,unrailed,0.030000,,
399.454000,0.030000,0.000000,unrailed,0.030000,,
399.455000,0.030000,-0.000000,unrailed,0.030000,,
399.456000,0.030000,0.000000,unrailed,0.030000,,
399.457000,0.030000,-0.000000,unrailed,0.030000,,
399.458000,0.030000,0.000000,unrailed,0.030000,,
399.459000,0.030000,-0.000000,unrailed,0.030000,,
399.460000,0.030000,0.000000,unrailed,0.030000,,
399.461000,0.030000,-0.000000,unrailed,0.030000,,
399.462000,0.030000,0.000000,unrailed,0.030000,,
399.463000,0.030000,-0.000000,unrailed,0.030000,,
399.464000,0.030000,0.000000,unrailed,0.030000,,
399.465000,0.030000,-0.000000,unrailed,0.030000,,
399.466000,0.030000,0.000000,unrailed,0.030000,,
399.467000,0.030000,-0.000000,unrailed,0.030000,,
399.468000,0.030000,0.000000,unrailed,0.030000,,
399.469000,0.030000,-0.000000,unrailed,0.030000,,
399.470000,0.030000,0.000000,unrailed,0.030000,,
399.471000,0.030000,-0.000000,unrailed,0.030000,,
399.472000,0.030000,0.000000,unrailed,0.030000,,
399.473000,0.030000,-0.000000,unrailed,0.030000,,
399.474000,0.030000,0.000000,unrailed,0.030000,,
399.475000,0.030000,-0.000000,unrailed,0.030000,,
399.476000,0.030000,0.000000,unrailed,0.030000,,
399.477000,0.030000,-0.000000,unrailed,0.030000,,
399.478000,0.030000,0.000000,unrailed,0.030000,,
399.479000,0.030000,-0.000000,unrailed,0.030000,,
399.480000,0.030000,0.000000,unrailed,0.030000,,
399.481000,0.030000,-0.000000,unrailed,0.030000,,
399.482000,0.030000,0.000000,unrailed,0.030000,,
399.483000,0.030000,-0.000000,unrailed,0.030000,,
399.484000,0.030000,0.000000,unrailed,0.030000,,
399.485000,0.030000,-0.000000,unrailed,0.030000,,
399.486000,0.030000,0.000000,unrailed,0.030000,,
399.487000,0.030000,-0.000000,unrailed,0.030000,,
399.488000,0.030000,0.000000,unrailed,0.030000,,
399.489000,0.030000,-0.000000,unrailed,0.030000,,
399.490000,0.030000,0.000000,unrailed,0.030000,,
399.491000,0.030000,-0.000000,unrailed,0.030000,,
399.492000,0.030000,0.000000,unrailed,0.030000,,
399.493000,0.030000,-0.000000,unrailed,0.030000,,
399.494000,0.030000,0.000000,unrailed,0.030000,,
399.495000,0.030000,-0.000000,unrailed,0.030000,,
399.496000,0.030000,0.000000,unrailed,0.030000,,
399.497000,0.030000,-0.000000,unrailed,0.030000,,
399.498000,0.030000,0.000000,unrailed,0.030000,,
399.499000,0.030000,-0.000000,unrailed,0.030000,,
399.500000,0.030000,0.000000,unrailed,0.030000,,
399.501000,0.030000,-0.000000,unrailed,0.030000,,
399.502000,0.030000,0.000000,unrailed,0.030000,,
399.503000,0.030000,-0.000000,unrailed,0.030000,,
399.504000,0.030000,0.000000,unrailed,0.030000,,
399.505000,0.030000,-0.000000,unrailed,0.030000,,
399.506000,0.030000,0.000000,unrailed,0.030000,,
399.507000,0.030000,-0.000000,unrailed,0.030000,,
399.508000,0.030000,0.000000,unrailed,0.030000,,
399.509000,0.030000,-0.000000,unrailed,0.030000,,
399.510000,0.030000,0.000000,unrailed,0.030000,,
399.511000,0.030000,-0.000000,unrailed,0.030000,,
399.512000,0.030000,0.000000,unrailed,0.030000,,
399.513000,0.030000,-0.000000,unrailed,0.030000,,
399.514000,0.030000,0.000000,unrailed,0.030000,,
399.515000,0.030000,-0.000000,unrailed,0.030000,,
399.516000,0.030000,0.000000,unrailed,0.030000,,
399.517000,0.030000,-0.000000,unrailed,0.030000,,
399.518000,0.030000,0.000000,unrailed,0.030000,,
399.519000,0.030000,-0.000000,unrailed,0.030000,,
399.520000,0.030000,0.000000,unrailed,0.030000,,
399.521000,0.030000,-0.000000,unrailed,0.030000,,
399.522000,0.030000,0.000000,unrailed,0.030000,,
399.523000,0.030000,-0.000000,unrailed,0.030000,,
399.524000,0.030000,0.000000,unrailed,0.030000,,
399.525000,0.030000,-0.000000,unrailed,0.030000,,
399.526000,0.030000,0.000000,unrailed,0.030000,,
399.527000,0.030000,-0.000000,unrailed,0.030000,,
399.528000,0.030000,0.000000,unrailed,0.030000,,
399.529000,0.030000,-0.000000,unrailed,0.030000,,
399.530000,0.030000,0.000000,unrailed,0.030000,,
399.531000,0.030000,-0.000000,unrailed,0.030000,,
399.532000,0.030000,0.000000,unrailed,0.030000,,
399.533000,0.030000,-0.000000,unrailed,0.030000,,
399.534000,0.030000,0.000000,unrailed,0.030000,,
399.535000,0.030000,-0.000000,unrailed,0.030000,,
399.536000,0.030000,0.000000,unrailed,0.030000,,
399.537000,0.030000,-0.000000,unrailed,0.030000,,
399.538000,0.030000,0.000000,unrailed,0.030000,,
399.539000,0.030000,-0.000000,unrailed,0.030000,,
399.540000,0.030000,0.000000,unrailed,0.030000,,
399.541000,0.030000,-0.000000,unrailed,0.030000,,
399.542000,0.030000,0.000000,unrailed,0.030000,,
399.543000,0.030000,-0.000000,unrailed,0.030000,,
399.544000,0.030000,0.000000,unrailed,0.030000,,
399.545000,0.030000,-0.000000,unrailed,0.030000,,
399.546000,0.030000,0.000000,unrailed,0.030000,,
399.547000,0.030000,-0.000000,unrailed,0.030000,,
399.548000,0.030000,0.000000,unrailed,0.030000,,
399.549000,0.030000,-0.000000,unrailed,0.030000,,
399.550000,0.030000,0.000000,unrailed,0.030000,,
399.551000,0.030000,-0.000000,unrailed,0.030000,,
399.552000,0.030000,0.000000,unrailed,0.030000,,
399.553000,0.030000,-0.000000,unrailed,0.030000,,
399.554000,0.030000,0.000000,unrailed,0.030000,,
399.555000,0.030000,-0.000000,unrailed,0.030000,,
399.556000,0.030000,0.000000,unrailed,0.030000,,
399.557000,0.030000,-0.000000,unrailed,0.030000,,
399.558000,0.030000,0.000000,unrailed,0.030000,,
399.559000,0.030000,-0.000000,unrailed,0.030000,,
399.560000,0.030000,0.000000,unrailed,0.030000,,
399.561000,0.030000,-0.000000,unrailed,0.030000,,
399.562000,0.030000,0.000000,unrailed,0.030000,,
399.563000,0.030000,-0.000000,unrailed,0.030000,,
399.564000,0.030000,0.000000,unrailed,0.030000,,
399.565000,0.030000,-0.000000,unrailed,0.030000,,
399.566000,0.030000,0.000000,unrailed,0.030000,,
399.567000,0.030000,-0.000000,unrailed,0.030000,,
399.568000,0.030000,0.000000,unrailed,0.030000,,
399.569000,0.030000,-0.000000,unrailed,0.030000,,
399.570000,0.030000,0.000000,unrailed,0.030000,,
399.571000,0.030000,-0.000000,unrailed,0.030000,,
399.572000,0.030000,0.000000,unrailed,0.030000,,
399.573000,0.030000,-0.000000,unrailed,0.030000,,
399.574000,0.030000,0.000000,unrailed,0.030000,,
399.575000,0.030000,-0.000000,unrailed,0.030000,,
399.576000,0.030000,0.000000,unrailed,0.030000,,
399.577000,0.030000,-0.000000,unrailed,0.030000,,
399.578000,0.030000,0.000000,unrailed,0.030000,,
399.579000,0.030000,-0.000000,unrailed,0.030000,,
399.580000,0.030000,0.000000,unrailed,0.030000,,
399.581000,0.030000,-0.000000,unrailed,0.030000,,
399.582000,0.030000,0.000000,unrailed,0.030000,,
399.583000,0.030000,-0.000000,unrailed,0.030000,,
399.584000,0.030000,0.000000,unrailed,0.030000,,
399.585000,0.030000,-0.000000,unrailed,0.030000,,
399.586000,0.030000,0.000000,unrailed,0.030000,,
399.587000,0.030000,-0.000000,unrailed,0.030000,,
399.588000,0.030000,0.000000,unrailed,0.030000,,
399.589000,0.030000,-0.000000,unrailed,0.030000,,
399.590000,0.030000,0.000000,unrailed,0.030000,,
399.591000,0.030000,-0.000000,unrailed,0.030000,,
399.592000,0.030000,0.000000,unrailed,0.030000,,
399.593000,0.030000,-0.000000,unrailed,0.030000,,
399.594000,0.030000,0.000000,unrailed,0.030000,,
399.595000,0.030000,-0.000000,unrailed,0.030000,,
399.596000,0.030000,0.000000,unrailed,0.030000,,
399.597000,0.030000,-0.000000,unrailed,0.030000,,
399.598000,0.030000,0.000000,unrailed,0.030000,,
399.599000,0.030000,-0.000000,unrailed,0.030000,,
399.600000,0.030000,0.000000,unrailed,0.030000,,
399.601000,0.030000,-0.000000,unrailed,0.030000,,
399.602000,0.030000,0.000000,unrailed,0.030000,,
399.603000,0.030000,-0.000000,unrailed,0.030000,,
399.604000,0.030000,0.000000,unrailed,0.030000,,
399.605000,0.030000,-0.000000,unrailed,0.030000,,
399.606000,0.030000,0.000000,unrailed,0.030000,,
399.607000,0.030000,-0.000000,unrailed,0.030000,,
399.608000,0.030000,0.000000,unrailed,0.030000,,
399.609000,0.030000,-0.000000,unrailed,0.030000,,
399.610000,0.030000,0.000000,unrailed,0.030000,,
399.611000,0.030000,-0.000000,unrailed,0.030000,,
399.612000,0.030000,0.000000,unrailed,0.030000,,
399.613000,0.030000,-0.000000,unrailed,0.030000,,
399.614000,0.030000,0.000000,unrailed,0.030000,,
399.615000,0.030000,-0.000000,unrailed,0.030000,,
399.616000,0.030000,0.000000,unrailed,0.030000,,
399.617000,0.030000,-0.000000,unrailed,0.030000,,
399.618000,0.030000,0.000000,unrailed,0.030000,,
399.619000,0.030000,-0.000000,unrailed,0.030000,,
399.620000,0.030000,0.000000,unrailed,0.030000,,
399.621000,0.030000,-0.000000,unrailed,0.030000,,
399.622000,0.030000,0.000000,unrailed,0.030000,,
399.623000,0.030000,-0.000000,unrailed,0.030000,,
399.624000,0.030000,0.000000,unrailed,0.030000,,
399.625000,0.030000,-0.000000,unrailed,0.030000,,
399.626000,0.030000,0.000000,unrailed,0.030000,,
399.627000,0.030000,-0.000000,unrailed,0.030000,,
399.628000,0.030000,0.000000,unrailed,0.030000,,
399.629000,0.030000,-0.000000,unrailed,0.030000,,
399.630000,0.030000,0.000000,unrailed,0.030000,,
399.631000,0.030000,-0.000000,unrailed,0.030000,,
399.632000,0.030000,0.000000,unrailed,0.030000,,
399.633000,0.030000,-0.000000,unrailed,0.030000,,
399.634000,0.030000,0.000000,unrailed,0.030000,,
399.635000,0.030000,-0.000000,unrailed,0.030000,,
399.636000,0.030000,0.000000,unrailed,0.030000,,
399.637000,0.030000,-0.000000,unrailed,0.030000,,
399.638000,0.030000,0.000000,unrailed,0.030000,,
399.639000,0.030000,-0.000000,unrailed,0.030000,,
399.640000,0.030000,0.000000,unrailed,0.030000,,
399.641000,0.030000,-0.000000,unrailed,0.030000,,
399.642000,0.030000,0.000000,unrailed,0.030000,,
399.643000,0.030000,-0.000000,unrailed,0.030000,,
399.644000,0.030000,0.000000,unrailed,0.030000,,
399.645000,0.030000,-0.000000,unrailed,0.030000,,
399.646000,0.030000,0.000000,unrailed,0.030000,,
399.647000,0.030000,-0.000000,unrailed,0.030000,,
399.648000,0.030000,0.000000,unrailed,0.030000,,
399.649000,0.030000,-0.000000,unrailed,0.030000,,
399.650000,0.030000,0.000000,unrailed,0.030000,,
399.651000,0.030000,-0.000000,unrailed,0.030000,,
399.652000,0.030000,0.000000,unrailed,0.030000,,
399.653000,0.030000,-0.000000,unrailed,0.030000,,
399.654000,0.030000,0.000000,unrailed,0.030000,,
399.655000,0.030000,-0.000000,unrailed,0.030000,,
399.656000,0.030000,0.000000,unrailed,0.030000,,
399.657000,0.030000,-0.000000,unrailed,0.030000,,
399.658000,0.030000,0.000000,unrailed,0.030000,,
399.659000,0.030000,-0.000000,unrailed,0.030000,,
399.660000,0.030000,0.000000,unrailed,0.030000,,
399.661000,0.030000,-0.000000,unrailed,0.030000,,
399.662000,0.030000,0.000000,unrailed,0.030000,,
399.663000,0.030000,-0.000000,unrailed,0.030000,,
399.664000,0.030000,0.000000,unrailed,0.030000,,
399.665000,0.030000,-0.000000,unrailed,0.030000,,
399.666000,0.030000,0.000000,unrailed,0.030000,,
399.667000,0.030000,-0.000000,unrailed,0.030000,,
399.668000,0.030000,0.000000,unrailed,0.030000,,
399.669000,0.030000,-0.000000,unrailed,0.030000,,
399.670000,0.030000,0.000000,unrailed,0.030000,,
399.671000,0.030000,-0.000000,unrailed,0.030000,,
399.672000,0.030000,0.000000,unrailed,0.030000,,
399.673000,0.030000,-0.000000,unrailed,0.030000,,
399.674000,0.030000,0.000000,unrailed,0.030000,,
399.675000,0.030000,-0.000000,unrailed,0.030000,,
399.676000,0.030000,0.000000,unrailed,0.030000,,
399.677000,0.030000,-0.000000,unrailed,0.030000,,
399.678000,0.030000,0.000000,unrailed,0.030000,,
399.679000,0.030000,-0.000000,unrailed,0.030000,,
399.680000,0.030000,0.000000,unrailed,0.030000,,
399.681000,0.030000,-0.000000,unrailed,0.030000,,
399.682000,0.030000,0.000000,unrailed,0.030000,,
399.683000,0.030000,-0.000000,unrailed,0.030000,,
399.684000,0.030000,0.000000,unrailed,0.030000,,
399.685000,0.030000,-0.000000,unrailed,0.030000,,
399.686000,0.030000,0.000000,unrailed,0.030000,,
399.687000,0.030000,-0.000000,unrailed,0.030000,,
399.688000,0.030000,0.000000,unrailed,0.030000,,
399.689000,0.030000,-0.000000,unrailed,0.030000,,
399.690000,0.030000,0.000000,unrailed,0.030000,,
399.691000,0.030000,-0.000000,unrailed,0.030000,,
399.692000,0.030000,0.000000,unrailed,0.030000,,
399.693000,0.030000,-0.000000,unrailed,0.030000,,
399.694000,0.030000,0.000000,unrailed,0.030000,,
399.695000,0.030000,-0.000000,unrailed,0.030000,,
399.696000,0.030000,0.000000,unrailed,0.030000,,
399.697000,0.030000,-0.000000,unrailed,0.030000,,
399.698000,0.030000,0.000000,unrailed,0.030000,,
399.699000,0.030000,-0.000000,unrailed,0.030000,,
399.700000,0.030000,0.000000,unrailed,0.030000,,
399.701000,0.030000,-0.000000,unrailed,0.030000,,
399.702000,0.030000,0.000000,unrailed,0.030000,,
399.703000,0.030000,-0.000000,unrailed,0.030000,,
399.704000,0.030000,0.000000,unrailed,0.030000,,
399.705000,0.030000,-0.000000,unrailed,0.030000,,
399.706000,0.030000,0.000000,unrailed,0.030000,,
399.707000,0.030000,-0.000000,unrailed,0.030000,,
399.708000,0.030000,0.000000,unrailed,0.030000,,
399.709000,0.030000,-0.000000,unrailed,0.030000,,
399.710000,0.030000,0.000000,unrailed,0.030000,,
399.711000,0.030000,-0.000000,unrailed,0.030000,,
399.712000,0.030000,0.000000,unrailed,0.030000,,
399.713000,0.030000,-0.000000,unrailed,0.030000,,
399.714000,0.030000,0.000000,unrailed,0.030000,,
399.715000,0.030000,-0.000000,unrailed,0.030000,,
399.716000,0.030000,0.000000,unrailed,0.030000,,
399.717000,0.030000,-0.000000,unrailed,0.030000,,
399.718000,0.030000,0.000000,unrailed,0.030000,,
399.719000,0.030000,-0.000000,unrailed,0.030000,,
399.720000,0.030000,0.000000,unrailed,0.030000,,
399.721000,0.030000,-0.000000,unrailed,0.030000,,
399.722000,0.030000,0.000000,unrailed,0.030000,,
399.723000,0.030000,-0.000000,unrailed,0.030000,,
399.724000,0.030000,0.000000,unrailed,0.030000,,
399.725000,0.030000,-0.000000,unrailed,0.030000,,
399.726000,0.030000,0.000000,unrailed,0.030000,,
399.727000,0.030000,-0.000000,unrailed,0.030000,,
399.728000,0.030000,0.000000,unrailed,0.030000,,
399.729000,0.030000,-0.000000,unrailed,0.030000,,
399.730000,0.030000,0.000000,unrailed,0.030000,,
399.731000,0.030000,-0.000000,unrailed,0.030000,,
399.732000,0.030000,0.000000,unrailed,0.030000,,
399.733000,0.030000,-0.000000,unrailed,0.030000,,
399.734000,0.030000,0.000000,unrailed,0.030000,,
399.735000,0.030000,-0.000000,unrailed,0.030000,,
399.736000,0.030000,0.000000,unrailed,0.030000,,
399.737000,0.030000,-0.000000,unrailed,0.030000,,
399.738000,0.030000,0.000000,unrailed,0.030000,,
399.739000,0.030000,-0.000000,unrailed,0.030000,,
399.740000,0.030000,0.000000,unrailed,0.030000,,
399.741000,0.030000,-0.000000,unrailed,0.030000,,
399.742000,0.030000,0.000000,unrailed,0.030000,,
399.743000,0.030000,-0.000000,unrailed,0.030000,,
399.744000,0.030000,0.000000,unrailed,0.030000,,
399.745000,0.030000,-0.000000,unrailed,0.030000,,
399.746000,0.030000,0.000000,unrailed,0.030000,,
399.747000,0.030000,-0.000000,unrailed,0.030000,,
399.748000,0.030000,0.000000,unrailed,0.030000,,
399.749000,0.030000,-0.000000,unrailed,0.030000,,
399.750000,0.030000,0.000000,unrailed,0.030000,,
399.751000,0.030000,-0.000000,unrailed,0.030000,,
399.752000,0.030000,0.000000,unrailed,0.030000,,
399.753000,0.030000,-0.000000,unrailed,0.030000,,
399.754000,0.030000,0.000000,unrailed,0.030000,,
399.755000,0.030000,-0.000000,unrailed,0.030000,,
399.756000,0.030000,0.000000,unrailed,0.030000,,
399.757000,0.030000,-0.000000,unrailed,0.030000,,
399.758000,0.030000,0.000000,unrailed,0.030000,,
399.759000,0.030000,-0.000000,unrailed,0.030000,,
399.760000,0.030000,0.000000,unrailed,0.030000,,
399.761000,0.030000,-0.000000,unrailed,0.030000,,
399.762000,0.030000,0.000000,unrailed,0.030000,,
399.763000,0.030000,-0.000000,unrailed,0.030000,,
399.764000,0.030000,0.000000,unrailed,0.030000,,
399.765000,0.030000,-0.000000,unrailed,0.030000,,
399.766000,0.030000,0.000000,unrailed,0.030000,,
399.767000,0.030000,-0.000000,unrailed,0.030000,,
399.768000,0.030000,0.000000,unrailed,0.030000,,
399.769000,0.030000,-0.000000,unrailed,0.030000,,
399.770000,0.030000,0.000000,unrailed,0.030000,,
399.771000,0.030000,-0.000000,unrailed,0.030000,,
399.772000,0.030000,0.000000,unrailed,0.030000,,
399.773000,0.030000,-0.000000,unrailed,0.030000,,
399.774000,0.030000,0.000000,unrailed,0.030000,,
399.775000,0.030000,-0.000000,unrailed,0.030000,,
399.776000,0.030000,0.000000,unrailed,0.030000,,
399.777000,0.030000,-0.000000,unrailed,0.030000,,
399.778000,0.030000,0.000000,unrailed,0.030000,,
399.779000,0.030000,-0.000000,unrailed,0.030000,,
399.780000,0.030000,0.000000,unrailed,0.030000,,
399.781000,0.030000,-0.000000,unrailed,0.030000,,
399.782000,0.030000,0.000000,unrailed,0.030000,,
399.783000,0.030000,-0.000000,unrailed,0.030000,,
399.784000,0.030000,0.000000,unrailed,0.030000,,
399.785000,0.030000,-0.000000,unrailed,0.030000,,
399.786000,0.030000,0.000000,unrailed,0.030000,,
399.787000,0.030000,-0.000000,unrailed,0.030000,,
399.788000,0.030000,0.000000,unrailed,0.030000,,
399.789000,0.030000,-0.000000,unrailed,0.030000,,
399.790000,0.030000,0.000000,unrailed,0.030000,,
399.791000,0.030000,-0.000000,unrailed,0.030000,,
399.792000,0.030000,0.000000,unrailed,0.030000,,
399.793000,0.030000,-0.000000,unrailed,0.030000,,
399.794000,0.030000,0.000000,unrailed,0.030000,,
399.795000,0.030000,-0.000000,unrailed,0.030000,,
399.796000,0.030000,0.000000,unrailed,0.030000,,
399.797000,0.030000,-0.000000,unrailed,0.030000,,
399.798000,0.030000,0.000000,unrailed,0.030000,,
399.799000,0.030000,-0.000000,unrailed,0.030000,,
399.800000,0.030000,0.000000,unrailed,0.030000,,
399.801000,0.030000,-0.000000,unrailed,0.030000,,
399.802000,0.030000,0.000000,unrailed,0.030000,,
399.803000,0.030000,-0.000000,unrailed,0.030000,,
399.804000,0.030000,0.000000,unrailed,0.030000,,
399.805000,0.030000,-0.000000,unrailed,0.030000,,
399.806000,0.030000,0.000000,unrailed,0.030000,,
399.807000,0.030000,-0.000000,unrailed,0.030000,,
399.808000,0.030000,0.000000,unrailed,0.030000,,
399.809000,0.030000,-0.000000,unrailed,0.030000,,
399.810000,0.030000,0.000000,unrailed,0.030000,,
399.811000,0.030000,-0.000000,unrailed,0.030000,,
399.812000,0.030000,0.000000,unrailed,0.030000,,
399.813000,0.030000,-0.000000,unrailed,0.030000,,
399.814000,0.030000,0.000000,unrailed,0.030000,,
399.815000,0.030000,-0.000000,unrailed,0.030000,,
399.816000,0.030000,0.000000,unrailed,0.030000,,
399.817000,0.030000,-0.000000,unrailed,0.030000,,
399.818000,0.030000,0.000000,unrailed,0.030000,,
399.819000,0.030000,-0.000000,unrailed,0.030000,,
399.820000,0.030000,0.000000,unrailed,0.030000,,
399.821000,0.030000,-0.000000,unrailed,0.030000,,
399.822000,0.030000,0.000000,unrailed,0.030000,,
399.823000,0.030000,-0.000000,unrailed,0.030000,,
399.824000,0.030000,0.000000,unrailed,0.030000,,
399.825000,0.030000,-0.000000,unrailed,0.030000,,
399.826000,0.030000,0.000000,unrailed,0.030000,,
399.827000,0.030000,-0.000000,unrailed,0.030000,,
399.828000,0.030000,0.000000,unrailed,0.030000,,
399.829000,0.030000,-0.000000,unrailed,0.030000,,
399.830000,0.030000,0.000000,unrailed,0.030000,,
399.831000,0.030000,-0.000000,unrailed,0.030000,,
399.832000,0.030000,0.000000,unrailed,0.030000,,
399.833000,0.030000,-0.000000,unrailed,0.030000,,
399.834000,0.030000,0.000000,unrailed,0.030000,,
399.835000,0.030000,-0.000000,unrailed,0.030000,,
399.836000,0.030000,0.000000,unrailed,0.030000,,
399.837000,0.030000,-0.000000,unrailed,0.030000,,
399.838000,0.030000,0.000000,unrailed,0.030000,,
399.839000,0.030000,-0.000000,unrailed,0.030000,,
399.840000,0.030000,0.000000,unrailed,0.030000,,
399.841000,0.030000,-0.000000,unrailed,0.030000,,
399.842000,0.030000,0.000000,unrailed,0.030000,,
399.843000,0.030000,-0.000000,unrailed,0.030000,,
399.844000,0.030000,0.000000,unrailed,0.030000,,
399.845000,0.030000,-0.000000,unrailed,0.030000,,
399.846000,0.030000,0.000000,unrailed,0.030000,,
399.847000,0.030000,-0.000000,unrailed,0.030000,,
399.848000,0.030000,0.000000,unrailed,0.030000,,
399.849000,0.030000,-0.000000,unrailed,0.030000,,
399.850000,0.030000,0.000000,unrailed,0.030000,,
399.851000,0.030000,-0.000000,unrailed,0.030000,,
399.852000,0.030000,0.000000,unrailed,0.030000,,
399.853000,0.030000,-0.000000,unrailed,0.030000,,
399.854000,0.030000,0.000000,unrailed,0.030000,,
399.855000,0.030000,-0.000000,unrailed,0.030000,,
399.856000,0.030000,0.000000,unrailed,0.030000,,
399.857000,0.030000,-0.000000,unrailed,0.030000,,
399.858000,0.030000,0.000000,unrailed,0.030000,,
399.859000,0.030000,-0.000000,unrailed,0.030000,,
399.860000,0.030000,0.000000,unrailed,0.030000,,
399.861000,0.030000,-0.000000,unrailed,0.030000,,
399.862000,0.030000,0.000000,unrailed,0.030000,,
399.863000,0.030000,-0.000000,unrailed,0.030000,,
399.864000,0.030000,0.000000,unrailed,0.030000,,
399.865000,0.030000,-0.000000,unrailed,0.030000,,
399.866000,0.030000,0.000000,unrailed,0.030000,,
399.867000,0.030000,-0.000000,unrailed,0.030000,,
399.868000,0.030000,0.000000,unrailed,0.030000,,
399.869000,0.030000,-0.000000,unrailed,0.030000,,
399.870000,0.030000,0.000000,unrailed,0.030000,,
399.871000,0.030000,-0.000000,unrailed,0.030000,,
399.872000,0.030000,0.000000,unrailed,0.030000,,
399.873000,0.030000,-0.000000,unrailed,0.030000,,
399.874000,0.030000,0.000000,unrailed,0.030000,,
399.875000,0.030000,-0.000000,unrailed,0.030000,,
399.876000,0.030000,0.000000,unrailed,0.030000,,
399.877000,0.030000,-0.000000,unrailed,0.030000,,
399.878000,0.030000,0.000000,unrailed,0.030000,,
399.879000,0.030000,-0.000000,unrailed,0.030000,,
399.880000,0.030000,0.000000,unrailed,0.030000,,
399.881000,0.030000,-0.000000,unrailed,0.030000,,
399.882000,0.030000,0.000000,unrailed,0.030000,,
399.883000,0.030000,-0.000000,unrailed,0.030000,,
399.884000,0.030000,0.000000,unrailed,0.030000,,
399.885000,0.030000,-0.000000,unrailed,0.030000,,
399.886000,0.030000,0.000000,unrailed,0.030000,,
399.887000,0.030000,-0.000000,unrailed,0.030000,,
399.888000,0.030000,0.000000,unrailed,0.030000,,
399.889000,0.030000,-0.000000,unrailed,0.030000,,
399.890000,0.030000,0.000000,unrailed,0.030000,,
399.891000,0.030000,-0.000000,unrailed,0.030000,,
399.892000,0.030000,0.000000,unrailed,0.030000,,
399.893000,0.030000,-0.000000,unrailed,0.030000,,
399.894000,0.030000,0.000000,unrailed,0.030000,,
399.895000,0.030000,-0.000000,unrailed,0.030000,,
399.896000,0.030000,0.000000,unrailed,0.030000,,
399.897000,0.030000,-0.000000,unrailed,0.030000,,
399.898000,0.030000,0.000000,unrailed,0.030000,,
399.899000,0.030000,-0.000000,unrailed,0.030000,,
399.900000,0.030000,0.000000,unrailed,0.030000,,
399.901000,0.030000,-0.000000,unrailed,0.030000,,
399.902000,0.030000,0.000000,unrailed,0.030000,,
399.903000,0.030000,-0.000000,unrailed,0.030000,,
399.904000,0.030000,0.000000,unrailed,0.030000,,
399.905000,0.030000,-0.000000,unrailed,0.030000,,
399.906000,0.030000,0.000000,unrailed,0.030000,,
399.907000,0.030000,-0.000000,unrailed,0.030000,,
399.908000,0.030000,0.000000,unrailed,0.030000,,
399.909000,0.030000,-0.000000,unrailed,0.030000,,
399.910000,0.030000,0.000000,unrailed,0.030000,,
399.911000,0.030000,-0.000000,unrailed,0.030000,,
399.912000,0.030000,0.000000,unrailed,0.030000,,
399.913000,0.030000,-0.000000,unrailed,0.030000,,
399.914000,0.030000,0.000000,unrailed,0.030000,,
399.915000,0.030000,-0.000000,unrailed,0.030000,,
399.916000,0.030000,0.000000,unrailed,0.030000,,
399.917000,0.030000,-0.000000,unrailed,0.030000,,
399.918000,0.030000,0.000000,unrailed,0.030000,,
399.919000,0.030000,-0.000000,unrailed,0.030000,,
399.920000,0.030000,0.000000,unrailed,0.030000,,
399.921000,0.030000,-0.000000,unrailed,0.030000,,
399.922000,0.030000,0.000000,unrailed,0.030000,,
399.923000,0.030000,-0.000000,unrailed,0.030000,,
399.924000,0.030000,0.000000,unrailed,0.030000,,
399.925000,0.030000,-0.000000,unrailed,0.030000,,
399.926000,0.030000,0.000000,unrailed,0.030000,,
399.927000,0.030000,-0.000000,unrailed,0.030000,,
399.928000,0.030000,0.000000,unrailed,0.030000,,
399.929000,0.030000,-0.000000,unrailed,0.030000,,
399.930000,0.030000,0.000000,unrailed,0.030000,,
399.931000,0.030000,-0.000000,unrailed,0.030000,,
399.932000,0.030000,0.000000,unrailed,0.030000,,
399.933000,0.030000,-0.000000,unrailed,0.030000,,
399.934000,0.030000,0.000000,unrailed,0.030000,,
399.935000,0.030000,-0.000000,unrailed,0.030000,,
399.936000,0.030000,0.000000,unrailed,0.030000,,
399.937000,0.030000,-0.000000,unrailed,0.030000,,
399.938000,0.030000,0.000000,unrailed,0.030000,,
399.939000,0.030000,-0.000000,unrailed,0.030000,,
399.940000,0.030000,0.000000,unrailed,0.030000,,
399.941000,0.030000,-0.000000,unrailed,0.030000,,
399.942000,0.030000,0.000000,unrailed,0.030000,,
399.943000,0.030000,-0.000000,unrailed,0.030000,,
399.944000,0.030000,0.000000,unrailed,0.030000,,
399.945000,0.030000,-0.000000,unrailed,0.030000,,
399.946000,0.030000,0.000000,unrailed,0.030000,,
399.947000,0.030000,-0.000000,unrailed,0.030000,,
399.948000,0.030000,0.000000,unrailed,0.030000,,
399.949000,0.030000,-0.000000,unrailed,0.030000,,
399.950000,0.030000,0.000000,unrailed,0.030000,,
399.951000,0.030000,-0.000000,unrailed,0.030000,,
399.952000,0.030000,0.000000,unrailed,0.030000,,
399.953000,0.030000,-0.000000,unrailed,0.030000,,
399.954000,0.030000,0.000000,unrailed,0.030000,,
399.955000,0.030000,-0.000000,unrailed,0.030000,,
399.956000,0.030000,0.000000,unrailed,0.030000,,
399.957000,0.030000,-0.000000,unrailed,0.030000,,
399.958000,0.030000,0.000000,unrailed,0.030000,,
399.959000,0.030000,-0.000000,unrailed,0.030000,,
399.960000,0.030000,0.000000,unrailed,0.030000,,
399.961000,0.030000,-0.000000,unrailed,0.030000,,
399.962000,0.030000,0.000000,unrailed,0.030000,,
399.963000,0.030000,-0.000000,unrailed,0.030000,,
399.964000,0.030000,0.000000,unrailed,0.030000,,
399.965000,0.030000,-0.000000,unrailed,0.030000,,
399.966000,0.030000,0.000000,unrailed,0.030000,,
399.967000,0.030000,-0.000000,unrailed,0.030000,,
399.968000,0.030000,0.000000,unrailed,0.030000,,
399.969000,0.030000,-0.000000,unrailed,0.030000,,
399.970000,0.030000,0.000000,unrailed,0.030000,,
399.971000,0.030000,-0.000000,unrailed,0.030000,,
399.972000,0.030000,0.000000,unrailed,0.030000,,
399.973000,0.030000,-0.000000,unrailed,0.030000,,
399.974000,0.030000,0.000000,unrailed,0.030000,,
399.975000,0.030000,-0.000000,unrailed,0.030000,,
399.976000,0.030000,0.000000,unrailed,0.030000,,
399.977000,0.030000,-0.000000,unrailed,0.030000,,
399.978000,0.030000,0.000000,unrailed,0.030000,,
399.979000,0.030000,-0.000000,unrailed,0.030000,,
399.980000,0.030000,0.000000,unrailed,0.030000,,
399.981000,0.030000,-0.000000,unrailed,0.030000,,
399.982000,0.030000,0.000000,unrailed,0.030000,,
399.983000,0.030000,-0.000000,unrailed,0.030000,,
399.984000,0.030000,0.000000,unrailed,0.030000,,
399.985000,0.030000,-0.000000,unrailed,0.030000,,
399.986000,0.030000,0.000000,unrailed,0.030000,,
399.987000,0.030000,-0.000000,unrailed,0.030000,,
399.988000,0.030000,0.000000,unrailed,0.030000,,
399.989000,0.030000,-0.000000,unrailed,0.030000,,
399.990000,0.030000,0.000000,unrailed,0.030000,,
399.991000,0.030000,-0.000000,unrailed,0.030000,,
399.992000,0.030000,0.000000,unrailed,0.030000,,
399.993000,0.030000,-0.000000,unrailed,0.030000,,
399.994000,0.030000,0.000000,unrailed,0.030000,,
399.995000,0.030000,-0.000000,unrailed,0.030000,,
399.996000,0.030000,0.000000,unrailed,0.030000,,
399.997000,0.030000,-0.000000,unrailed,0.030000,,
399.998000,0.030000,0.000000,unrailed,0.030000,,
399.999000,0.030000,-0.000000,unrailed,0.030000,,
400.000000,0.030000,0.000000,unrailed,0.030000,,
400.001000,0.030000,-0.000000,unrailed,0.030000,,
400.002000,0.030000,0.000000,unrailed,0.030000,,
400.003000,0.030000,-0.000000,unrailed,0.030000,,
400.004000,0.030000,0.000000,unrailed,0.030000,,
400.005000,0.030000,-0.000000,unrailed,0.030000,,
400.006000,0.030000,0.000000,unrailed,0.030000,,
400.007000,0.030000,-0.000000,unrailed,0.030000,,
400.008000,0.030000,0.000000,unrailed,0.030000,,
400.009000,0.030000,-0.000000,unrailed,0.030000,,
400.010000,0.030000,0.000000,unrailed,0.030000,,
400.011000,0.030000,-0.000000,unrailed,0.030000,,
400.012000,0.030000,0.000000,unrailed,0.030000,,
400.013000,0.030000,-0.000000,unrailed,0.030000,,
400.014000,0.030000,0.000000,unrailed,0.030000,,
400.015000,0.030000,-0.000000,unrailed,0.030000,,
400.016000,0.030000,0.000000,unrailed,0.030000,,
400.017000,0.030000,-0.000000,unrailed,0.030000,,
400.018000,0.030000,0.000000,unrailed,0.030000,,
400.019000,0.030000,-0.000000,unrailed,0.030000,,
400.020000,0.030000,0.000000,unrailed,0.030000,,
400.021000,0.030000,-0.000000,unrailed,0.030000,,
400.022000,0.030000,0.000000,unrailed,0.030000,,
400.023000,0.030000,-0.000000,unrailed,0.030000,,
400.024000,0.030000,0.000000,unrailed,0.030000,,
400.025000,0.030000,-0.000000,unrailed,0.030000,,
400.026000,0.030000,0.000000,unrailed,0.030000,,
400.027000,0.030000,-0.000000,unrailed,0.030000,,
400.028000,0.030000,0.000000,unrailed,0.030000,,
400.029000,0.030000,-0.000000,unrailed,0.030000,,
400.030000,0.030000,0.000000,unrailed,0.030000,,
400.031000,0.030000,-0.000000,unrailed,0.030000,,
400.032000,0.030000,0.000000,unrailed,0.030000,,
400.033000,0.030000,-0.000000,unrailed,0.030000,,
400.034000,0.030000,0.000000,unrailed,0.030000,,
400.035000,0.030000,-0.000000,unrailed,0.030000,,
400.036000,0.030000,0.000000,unrailed,0.030000,,
400.037000,0.030000,-0.000000,unrailed,0.030000,,
400.038000,0.030000,0.000000,unrailed,0.030000,,
400.039000,0.030000,-0.000000,unrailed,0.030000,,
400.040000,0.030000,0.000000,unrailed,0.030000,,
400.041000,0.030000,-0.000000,unrailed,0.030000,,
400.042000,0.030000,0.000000,unrailed,0.030000,,
400.043000,0.030000,-0.000000,unrailed,0.030000,,
400.044000,0.030000,0.000000,unrailed,0.030000,,
400.045000,0.030000,-0.000000,unrailed,0.030000,,
400.046000,0.030000,0.000000,unrailed,0.030000,,
400.047000,0.030000,-0.000000,unrailed,0.030000,,
400.048000,0.030000,0.000000,unrailed,0.030000,,
400.049000,0.030000,-0.000000,unrailed,0.030000,,
400.050000,0.030000,0.000000,unrailed,0.030000,,
400.051000,0.030000,-0.000000,unrailed,0.030000,,
400.052000,0.030000,0.000000,unrailed,0.030000,,
400.053000,0.030000,-0.000000,unrailed,0.030000,,
400.054000,0.030000,0.000000,unrailed,0.030000,,
400.055000,0.030000,-0.000000,unrailed,0.030000,,
400.056000,0.030000,0.000000,unrailed,0.030000,,
400.057000,0.030000,-0.000000,unrailed,0.030000,,
400.058000,0.030000,0.000000,unrailed,0.030000,,
400.059000,0.030000,-0.000000,unrailed,0.030000,,
400.060000,0.030000,0.000000,unrailed,0.030000,,
400.061000,0.030000,-0.000000,unrailed,0.030000,,
400.062000,0.030000,0.000000,unrailed,0.030000,,
400.063000,0.030000,-0.000000,unrailed,0.030000,,
400.064000,0.030000,0.000000,unrailed,0.030000,,
400.065000,0.030000,-0.000000,unrailed,0.030000,,
400.066000,0.030000,0.000000,unrailed,0.030000,,
400.067000,0.030000,-0.000000,unrailed,0.030000,,
400.068000,0.030000,0.000000,unrailed,0.030000,,
400.069000,0.030000,-0.000000,unrailed,0.030000,,
400.070000,0.030000,0.000000,unrailed,0.030000,,
400.071000,0.030000,-0.000000,unrailed,0.030000,,
400.072000,0.030000,0.000000,unrailed,0.030000,,
400.073000,0.030000,-0.000000,unrailed,0.030000,,
400.074000,0.030000,0.000000,unrailed,0.030000,,
400.075000,0.030000,-0.000000,unrailed,0.030000,,
400.076000,0.030000,0.000000,unrailed,0.030000,,
400.077000,0.030000,-0.000000,unrailed,0.030000,,
400.078000,0.030000,0.000000,unrailed,0.030000,,
400.079000,0.030000,-0.000000,unrailed,0.030000,,
400.080000,0.030000,0.000000,unrailed,0.030000,,
400.081000,0.030000,-0.000000,unrailed,0.030000,,
400.082000,0.030000,0.000000,unrailed,0.030000,,
400.083000,0.030000,-0.000000,unrailed,0.030000,,
400.084000,0.030000,0.000000,unrailed,0.030000,,
400.085000,0.030000,-0.000000,unrailed,0.030000,,
400.086000,0.030000,0.000000,unrailed,0.030000,,
400.087000,0.030000,-0.000000,unrailed,0.030000,,
400.088000,0.030000,0.000000,unrailed,0.030000,,
400.089000,0.030000,-0.000000,unrailed,0.030000,,
400.090000,0.030000,0.000000,unrailed,0.030000,,
400.091000,0.030000,-0.000000,unrailed,0.030000,,
400.092000,0.030000,0.000000,unrailed,0.030000,,
400.093000,0.030000,-0.000000,unrailed,0.030000,,
400.094000,0.030000,0.000000,unrailed,0.030000,,
400.095000,0.030000,-0.000000,unrailed,0.030000,,
400.096000,0.030000,0.000000,unrailed,0.030000,,
400.097000,0.030000,-0.000000,unrailed,0.030000,,
400.098000,0.030000,0.000000,unrailed,0.030000,,
400.099000,0.030000,-0.000000,unrailed,0.030000,,
400.100000,0.030000,0.000000,unrailed,0.030000,,
400.101000,0.030000,-0.000000,unrailed,0.030000,,
400.102000,0.030000,0.000000,unrailed,0.030000,,
400.103000,0.030000,-0.000000,unrailed,0.030000,,
400.104000,0.030000,0.000000,unrailed,0.030000,,
400.105000,0.030000,-0.000000,unrailed,0.030000,,
400.106000,0.030000,0.000000,unrailed,0.030000,,
400.107000,0.030000,-0.000000,unrailed,0.030000,,
400.108000,0.030000,0.000000,unrailed,0.030000,,
400.109000,0.030000,-0.000000,unrailed,0.030000,,
400.110000,0.030000,0.000000,unrailed,0.030000,,
400.111000,0.030000,-0.000000,unrailed,0.030000,,
400.112000,0.030000,0.000000,unrailed,0.030000,,
400.113000,0.030000,-0.000000,unrailed,0.030000,,
400.114000,0.030000,0.000000,unrailed,0.030000,,
400.115000,0.030000,-0.000000,unrailed,0.030000,,
400.116000,0.030000,0.000000,unrailed,0.030000,,
400.117000,0.030000,-0.000000,unrailed,0.030000,,
400.118000,0.030000,0.000000,unrailed,0.030000,,
400.119000,0.030000,-0.000000,unrailed,0.030000,,
400.120000,0.030000,0.000000,unrailed,0.030000,,
400.121000,0.030000,-0.000000,unrailed,0.030000,,
400.122000,0.030000,0.000000,unrailed,0.030000,,
400.123000,0.030000,-0.000000,unrailed,0.030000,,
400.124000,0.030000,0.000000,unrailed,0.030000,,
400.125000,0.030000,-0.000000,unrailed,0.030000,,
400.126000,0.030000,0.000000,unrailed,0.030000,,
400.127000,0.030000,-0.000000,unrailed,0.030000,,
400.128000,0.030000,0.000000,unrailed,0.030000,,
400.129000,0.030000,-0.000000,unrailed,0.030000,,
400.130000,0.030000,0.000000,unrailed,0.030000,,
400.131000,0.030000,-0.000000,unrailed,0.030000,,
400.132000,0.030000,0.000000,unrailed,0.030000,,
400.133000,0.030000,-0.000000,unrailed,0.030000,,
400.134000,0.030000,0.000000,unrailed,0.030000,,
400.135000,0.030000,-0.000000,unrailed,0.030000,,
400.136000,0.030000,0.000000,unrailed,0.030000,,
400.137000,0.030000,-0.000000,unrailed,0.030000,,
400.138000,0.030000,0.000000,unrailed,0.030000,,
400.139000,0.030000,-0.000000,unrailed,0.030000,,
400.140000,0.030000,0.000000,unrailed,0.030000,,
400.141000,0.030000,-0.000000,unrailed,0.030000,,
400.142000,0.030000,0.000000,unrailed,0.030000,,
400.143000,0.030000,-0.000000,unrailed,0.030000,,
400.144000,0.030000,0.000000,unrailed,0.030000,,
400.145000,0.030000,-0.000000,unrailed,0.030000,,
400.146000,0.030000,0.000000,unrailed,0.030000,,
400.147000,0.030000,-0.000000,unrailed,0.030000,,
400.148000,0.030000,0.000000,unrailed,0.030000,,
400.149000,0.030000,-0.000000,unrailed,0.030000,,
400.150000,0.030000,0.000000,unrailed,0.030000,,
400.151000,0.030000,-0.000000,unrailed,0.030000,,
400.152000,0.030000,0.000000,unrailed,0.030000,,
400.153000,0.030000,-0.000000,unrailed,0.030000,,
400.154000,0.030000,0.000000,unrailed,0.030000,,
400.155000,0.030000,-0.000000,unrailed,0.030000,,
400.156000,0.030000,0.000000,unrailed,0.030000,,
400.157000,0.030000,-0.000000,unrailed,0.030000,,
400.158000,0.030000,0.000000,unrailed,0.030000,,
400.159000,0.030000,-0.000000,unrailed,0.030000,,
400.160000,0.030000,0.000000,unrailed,0.030000,,
400.161000,0.030000,-0.000000,unrailed,0.030000,,
400.162000,0.030000,0.000000,unrailed,0.030000,,
400.163000,0.030000,-0.000000,unrailed,0.030000,,
400.164000,0.030000,0.000000,unrailed,0.030000,,
400.165000,0.030000,-0.000000,unrailed,0.030000,,
400.166000,0.030000,0.000000,unrailed,0.030000,,
400.167000,0.030000,-0.000000,unrailed,0.030000,,
400.168000,0.030000,0.000000,unrailed,0.030000,,
400.169000,0.030000,-0.000000,unrailed,0.030000,,
400.170000,0.030000,0.000000,unrailed,0.030000,,
400.171000,0.030000,-0.000000,unrailed,0.030000,,
400.172000,0.030000,0.000000,unrailed,0.030000,,
400.173000,0.030000,-0.000000,unrailed,0.030000,,
400.174000,0.030000,0.000000,unrailed,0.030000,,
400.175000,0.030000,-0.000000,unrailed,0.030000,,
400.176000,0.030000,0.000000,unrailed,0.030000,,
400.177000,0.030000,-0.000000,unrailed,0.030000,,
400.178000,0.030000,0.000000,unrailed,0.030000,,
400.179000,0.030000,-0.000000,unrailed,0.030000,,
400.180000,0.030000,0.000000,unrailed,0.030000,,
400.181000,0.030000,-0.000000,unrailed,0.030000,,
400.182000,0.030000,0.000000,unrailed,0.030000,,
400.183000,0.030000,-0.000000,unrailed,0.030000,,
400.184000,0.030000,0.000000,unrailed,0.030000,,
400.185000,0.030000,-0.000000,unrailed,0.030000,,
400.186000,0.030000,0.000000,unrailed,0.030000,,
400.187000,0.030000,-0.000000,unrailed,0.030000,,
400.188000,0.030000,0.000000,unrailed,0.030000,,
400.189000,0.030000,-0.000000,unrailed,0.030000,,
400.190000,0.030000,0.000000,unrailed,0.030000,,
400.191000,0.030000,-0.000000,unrailed,0.030000,,
400.192000,0.030000,0.000000,unrailed,0.030000,,
400.193000,0.030000,-0.000000,unrailed,0.030000,,
400.194000,0.030000,0.000000,unrailed,0.030000,,
400.195000,0.030000,-0.000000,unrailed,0.030000,,
400.196000,0.030000,0.000000,unrailed,0.030000,,
400.197000,0.030000,-0.000000,unrailed,0.030000,,
400.198000,0.030000,0.000000,unrailed,0.030000,,
400.199000,0.030000,-0.000000,unrailed,0.030000,,
400.200000,0.030000,0.000000,unrailed,0.030000,,
400.201000,0.030000,-0.000000,unrailed,0.030000,,
400.202000,0.030000,0.000000,unrailed,0.030000,,
400.203000,0.030000,-0.000000,unrailed,0.030000,,
400.204000,0.030000,0.000000,unrailed,0.030000,,
400.205000,0.030000,-0.000000,unrailed,0.030000,,
400.206000,0.030000,0.000000,unrailed,0.030000,,
400.207000,0.030000,-0.000000,unrailed,0.030000,,
400.208000,0.030000,0.000000,unrailed,0.030000,,
400.209000,0.030000,-0.000000,unrailed,0.030000,,
400.210000,0.030000,0.000000,unrailed,0.030000,,
400.211000,0.030000,-0.000000,unrailed,0.030000,,
400.212000,0.030000,0.000000,unrailed,0.030000,,
400.213000,0.030000,-0.000000,unrailed,0.030000,,
400.214000,0.030000,0.000000,unrailed,0.030000,,
400.215000,0.030000,-0.000000,unrailed,0.030000,,
400.216000,0.030000,0.000000,unrailed,0.030000,,
400.217000,0.030000,-0.000000,unrailed,0.030000,,
400.218000,0.030000,0.000000,unrailed,0.030000,,
400.219000,0.030000,-0.000000,unrailed,0.030000,,
400.220000,0.030000,0.000000,unrailed,0.030000,,
400.221000,0.030000,-0.000000,unrailed,0.030000,,
400.222000,0.030000,0.000000,unrailed,0.030000,,
400.223000,0.030000,-0.000000,unrailed,0.030000,,
400.224000,0.030000,0.000000,unrailed,0.030000,,
400.225000,0.030000,-0.000000,unrailed,0.030000,,
400.226000,0.030000,0.000000,unrailed,0.030000,,
400.227000,0.030000,-0.000000,unrailed,0.030000,,
400.228000,0.030000,0.000000,unrailed,0.030000,,
400.229000,0.030000,-0.000000,unrailed,0.030000,,
400.230000,0.030000,0.000000,unrailed,0.030000,,
400.231000,0.030000,-0.000000,unrailed,0.030000,,
400.232000,0.030000,0.000000,unrailed,0.030000,,
400.233000,0.030000,-0.000000,unrailed,0.030000,,
400.234000,0.030000,0.000000,unrailed,0.030000,,
400.235000,0.030000,-0.000000,unrailed,0.030000,,
400.236000,0.030000,0.000000,unrailed,0.030000,,
400.237000,0.030000,-0.000000,unrailed,0.030000,,
400.238000,0.030000,0.000000,unrailed,0.030000,,
400.239000,0.030000,-0.000000,unrailed,0.030000,,
400.240000,0.030000,0.000000,unrailed,0.030000,,
400.241000,0.030000,-0.000000,unrailed,0.030000,,
400.242000,0.030000,0.000000,unrailed,0.030000,,
400.243000,0.030000,-0.000000,unrailed,0.030000,,
400.244000,0.030000,0.000000,unrailed,0.030000,,
400.245000,0.030000,-0.000000,unrailed,0.030000,,
400.246000,0.030000,0.000000,unrailed,0.030000,,
400.247000,0.030000,-0.000000,unrailed,0.030000,,
400.248000,0.030000,0.000000,unrailed,0.030000,,
400.249000,0.030000,-0.000000,unrailed,0.030000,,
400.250000,0.030000,0.000000,unrailed,0.030000,,
400.251000,0.030000,-0.000000,unrailed,0.030000,,
400.252000,0.030000,0.000000,unrailed,0.030000,,
400.253000,0.030000,-0.000000,unrailed,0.030000,,
400.254000,0.030000,0.000000,unrailed,0.030000,,
400.255000,0.030000,-0.000000,unrailed,0.030000,,
400.256000,0.030000,0.000000,unrailed,0.030000,,
400.257000,0.030000,-0.000000,unrailed,0.030000,,
400.258000,0.030000,0.000000,unrailed,0.030000,,
400.259000,0.030000,-0.000000,unrailed,0.030000,,
400.260000,0.030000,0.000000,unrailed,0.030000,,
400.261000,0.030000,-0.000000,unrailed,0.030000,,
400.262000,0.030000,0.000000,unrailed,0.030000,,
400.263000,0.030000,-0.000000,unrailed,0.030000,,
400.264000,0.030000,0.000000,unrailed,0.030000,,
400.265000,0.030000,-0.000000,unrailed,0.030000,,
400.266000,0.030000,0.000000,unrailed,0.030000,,
400.267000,0.030000,-0.000000,unrailed,0.030000,,
400.268000,0.030000,0.000000,unrailed,0.030000,,
400.269000,0.030000,-0.000000,unrailed,0.030000,,
400.270000,0.030000,0.000000,unrailed,0.030000,,
400.271000,0.030000,-0.000000,unrailed,0.030000,,
400.272000,0.030000,0.000000,unrailed,0.030000,,
400.273000,0.030000,-0.000000,unrailed,0.030000,,
400.274000,0.030000,0.000000,unrailed,0.030000,,
400.275000,0.030000,-0.000000,unrailed,0.030000,,
400.276000,0.030000,0.000000,unrailed,0.030000,,
400.277000,0.030000,-0.000000,unrailed,0.030000,,
400.278000,0.030000,0.000000,unrailed,0.030000,,
400.279000,0.030000,-0.000000,unrailed,0.030000,,
400.280000,0.030000,0.000000,unrailed,0.030000,,
400.281000,0.030000,-0.000000,unrailed,0.030000,,
400.282000,0.030000,0.000000,unrailed,0.030000,,
400.283000,0.030000,-0.000000,unrailed,0.030000,,
400.284000,0.030000,0.000000,unrailed,0.030000,,
400.285000,0.030000,-0.000000,unrailed,0.030000,,
400.286000,0.030000,0.000000,unrailed,0.030000,,
400.287000,0.030000,-0.000000,unrailed,0.030000,,
400.288000,0.030000,0.000000,unrailed,0.030000,,
400.289000,0.030000,-0.000000,unrailed,0.030000,,
400.290000,0.030000,0.000000,unrailed,0.030000,,
400.291000,0.030000,-0.000000,unrailed,0.030000,,
400.292000,0.030000,0.000000,unrailed,0.030000,,
400.293000,0.030000,-0.000000,unrailed,0.030000,,
400.294000,0.030000,0.000000,unrailed,0.030000,,
400.295000,0.030000,-0.000000,unrailed,0.030000,,
400.296000,0.030000,0.000000,unrailed,0.030000,,
400.297000,0.030000,-0.000000,unrailed,0.030000,,
400.298000,0.030000,0.000000,unrailed,0.030000,,
400.299000,0.030000,-0.000000,unrailed,0.030000,,
400.300000,0.030000,0.000000,unrailed,0.030000,,
400.301000,0.030000,-0.000000,unrailed,0.030000,,
400.302000,0.030000,0.000000,unrailed,0.030000,,
400.303000,0.030000,-0.000000,unrailed,0.030000,,
400.304000,0.030000,0.000000,unrailed,0.030000,,
400.305000,0.030000,-0.000000,unrailed,0.030000,,
400.306000,0.030000,0.000000,unrailed,0.030000,,
400.307000,0.030000,-0.000000,unrailed,0.030000,,
400.308000,0.030000,0.000000,unrailed,0.030000,,
400.309000,0.030000,-0.000000,unrailed,0.030000,,
400.310000,0.030000,0.000000,unrailed,0.030000,,
400.311000,0.030000,-0.000000,unrailed,0.030000,,
400.312000,0.030000,0.000000,unrailed,0.030000,,
400.313000,0.030000,-0.000000,unrailed,0.030000,,
400.314000,0.030000,0.000000,unrailed,0.030000,,
400.315000,0.030000,-0.000000,unrailed,0.030000,,
400.316000,0.030000,0.000000,unrailed,0.030000,,
400.317000,0.030000,-0.000000,unrailed,0.030000,,
400.318000,0.030000,0.000000,unrailed,0.030000,,
400.319000,0.030000,-0.000000,unrailed,0.030000,,
400.320000,0.030000,0.000000,unrailed,0.030000,,
400.321000,0.030000,-0.000000,unrailed,0.030000,,
400.322000,0.030000,0.000000,unrailed,0.030000,,
400.323000,0.030000,-0.000000,unrailed,0.030000,,
400.324000,0.030000,0.000000,unrailed,0.030000,,
400.325000,0.030000,-0.000000,unrailed,0.030000,,
400.326000,0.030000,0.000000,unrailed,0.030000,,
400.327000,0.030000,-0.000000,unrailed,0.030000,,
400.328000,0.030000,0.000000,unrailed,0.030000,,
400.329000,0.030000,-0.000000,unrailed,0.030000,,
400.330000,0.030000,0.000000,unrailed,0.030000,,
400.331000,0.030000,-0.000000,unrailed,0.030000,,
400.332000,0.030000,0.000000,unrailed,0.030000,,
400.333000,0.030000,-0.000000,unrailed,0.030000,,
400.334000,0.030000,0.000000,unrailed,0.030000,,
400.335000,0.030000,-0.000000,unrailed,0.030000,,
400.336000,0.030000,0.000000,unrailed,0.030000,,
400.337000,0.030000,-0.000000,unrailed,0.030000,,
400.338000,0.030000,0.000000,unrailed,0.030000,,
400.339000,0.030000,-0.000000,unrailed,0.030000,,
400.340000,0.030000,0.000000,unrailed,0.030000,,
400.341000,0.030000,-0.000000,unrailed,0.030000,,
400.342000,0.030000,0.000000,unrailed,0.030000,,
400.343000,0.030000,-0.000000,unrailed,0.030000,,
400.344000,0.030000,0.000000,unrailed,0.030000,,
400.345000,0.030000,-0.000000,unrailed,0.030000,,
400.346000,0.030000,0.000000,unrailed,0.030000,,
400.347000,0.030000,-0.000000,unrailed,0.030000,,
400.348000,0.030000,0.000000,unrailed,0.030000,,
400.349000,0.030000,-0.000000,unrailed,0.030000,,
400.350000,0.030000,0.000000,unrailed,0.030000,,
400.351000,0.030000,-0.000000,unrailed,0.030000,,
400.352000,0.030000,0.000000,unrailed,0.030000,,
400.353000,0.030000,-0.000000,unrailed,0.030000,,
400.354000,0.030000,0.000000,unrailed,0.030000,,
400.355000,0.030000,-0.000000,unrailed,0.030000,,
400.356000,0.030000,0.000000,unrailed,0.030000,,
400.357000,0.030000,-0.000000,unrailed,0.030000,,
400.358000,0.030000,0.000000,unrailed,0.030000,,
400.359000,0.030000,-0.000000,unrailed,0.030000,,
400.360000,0.030000,0.000000,unrailed,0.030000,,
400.361000,0.030000,-0.000000,unrailed,0.030000,,
400.362000,0.030000,0.000000,unrailed,0.030000,,
400.363000,0.030000,-0.000000,unrailed,0.030000,,
400.364000,0.030000,0.000000,unrailed,0.030000,,
400.365000,0.030000,-0.000000,unrailed,0.030000,,
400.366000,0.030000,0.000000,unrailed,0.030000,,
400.367000,0.030000,-0.000000,unrailed,0.030000,,
400.368000,0.030000,0.000000,unrailed,0.030000,,
400.369000,0.030000,-0.000000,unrailed,0.030000,,
400.370000,0.030000,0.000000,unrailed,0.030000,,
400.371000,0.030000,-0.000000,unrailed,0.030000,,
400.372000,0.030000,0.000000,unrailed,0.030000,,
400.373000,0.030000,-0.000000,unrailed,0.030000,,
400.374000,0.030000,0.000000,unrailed,0.030000,,
400.375000,0.030000,-0.000000,unrailed,0.030000,,
400.376000,0.030000,0.000000,unrailed,0.030000,,
400.377000,0.030000,-0.000000,unrailed,0.030000,,
400.378000,0.030000,0.000000,unrailed,0.030000,,
400.379000,0.030000,-0.000000,unrailed,0.030000,,
400.380000,0.030000,0.000000,unrailed,0.030000,,
400.381000,0.030000,-0.000000,unrailed,0.030000,,
400.382000,0.030000,0.000000,unrailed,0.030000,,
400.383000,0.030000,-0.000000,unrailed,0.030000,,
400.384000,0.030000,0.000000,unrailed,0.030000,,
400.385000,0.030000,-0.000000,unrailed,0.030000,,
400.386000,0.030000,0.000000,unrailed,0.030000,,
400.387000,0.030000,-0.000000,unrailed,0.030000,,
400.388000,0.030000,0.000000,unrailed,0.030000,,
400.389000,0.030000,-0.000000,unrailed,0.030000,,
400.390000,0.030000,0.000000,unrailed,0.030000,,
400.391000,0.030000,-0.000000,unrailed,0.030000,,
400.392000,0.030000,0.000000,unrailed,0.030000,,
400.393000,0.030000,-0.000000,unrailed,0.030000,,
400.394000,0.030000,0.000000,unrailed,0.030000,,
400.395000,0.030000,-0.000000,unrailed,0.030000,,
400.396000,0.030000,0.000000,unrailed,0.030000,,
400.397000,0.030000,-0.000000,unrailed,0.030000,,
400.398000,0.030000,0.000000,unrailed,0.030000,,
400.399000,0.030000,-0.000000,unrailed,0.030000,,
400.400000,0.030000,0.000000,unrailed,0.030000,,
400.401000,0.030000,-0.000000,unrailed,0.030000,,
400.402000,0.030000,0.000000,unrailed,0.030000,,
400.403000,0.030000,-0.000000,unrailed,0.030000,,
400.404000,0.030000,0.000000,unrailed,0.030000,,
400.405000,0.030000,-0.000000,unrailed,0.030000,,
400.406000,0.030000,0.000000,unrailed,0.030000,,
400.407000,0.030000,-0.000000,unrailed,0.030000,,
400.408000,0.030000,0.000000,unrailed,0.030000,,
400.409000,0.030000,-0.000000,unrailed,0.030000,,
400.410000,0.030000,0.000000,unrailed,0.030000,,
400.411000,0.030000,-0.000000,unrailed,0.030000,,
400.412000,0.030000,0.000000,unrailed,0.030000,,
400.413000,0.030000,-0.000000,unrailed,0.030000,,
400.414000,0.030000,0.000000,unrailed,0.030000,,
400.415000,0.030000,-0.000000,unrailed,0.030000,,
400.416000,0.030000,0.000000,unrailed,0.030000,,
400.417000,0.030000,-0.000000,unrailed,0.030000,,
400.418000,0.030000,0.000000,unrailed,0.030000,,
400.419000,0.030000,-0.000000,unrailed,0.030000,,
400.420000,0.030000,0.000000,unrailed,0.030000,,
400.421000,0.030000,-0.000000,unrailed,0.030000,,
400.422000,0.030000,0.000000,unrailed,0.030000,,
400.423000,0.030000,-0.000000,unrailed,0.030000,,
400.424000,0.030000,0.000000,unrailed,0.030000,,
400.425000,0.030000,-0.000000,unrailed,0.030000,,
400.426000,0.030000,0.000000,unrailed,0.030000,,
400.427000,0.030000,-0.000000,unrailed,0.030000,,
400.428000,0.030000,0.000000,unrailed,0.030000,,
400.429000,0.030000,-0.000000,unrailed,0.030000,,
400.430000,0.030000,0.000000,unrailed,0.030000,,
400.431000,0.030000,-0.000000,unrailed,0.030000,,
400.432000,0.030000,0.000000,unrailed,0.030000,,
400.433000,0.030000,-0.000000,unrailed,0.030000,,
400.434000,0.030000,0.000000,unrailed,0.030000,,
400.435000,0.030000,-0.000000,unrailed,0.030000,,
400.436000,0.030000,0.000000,unrailed,0.030000,,
400.437000,0.030000,-0.000000,unrailed,0.030000,,
400.438000,0.030000,0.000000,unrailed,0.030000,,
400.439000,0.030000,-0.000000,unrailed,0.030000,,
400.440000,0.030000,0.000000,unrailed,0.030000,,
400.441000,0.030000,-0.000000,unrailed,0.030000,,
400.442000,0.030000,0.000000,unrailed,0.030000,,
400.443000,0.030000,-0.000000,unrailed,0.030000,,
400.444000,0.030000,0.000000,unrailed,0.030000,,
400.445000,0.030000,-0.000000,unrailed,0.030000,,
400.446000,0.030000,0.000000,unrailed,0.030000,,
400.447000,0.030000,-0.000000,unrailed,0.030000,,
400.448000,0.030000,0.000000,unrailed,0.030000,,
400.449000,0.030000,-0.000000,unrailed,0.030000,,
400.450000,0.030000,0.000000,unrailed,0.030000,,
400.451000,0.030000,-0.000000,unrailed,0.030000,,
400.452000,0.030000,0.000000,unrailed,0.030000,,
400.453000,0.030000,-0.000000,unrailed,0.030000,,
400.454000,0.030000,0.000000,unrailed,0.030000,,
400.455000,0.030000,-0.000000,unrailed,0.030000,,
400.456000,0.030000,0.000000,unrailed,0.030000,,
400.457000,0.030000,-0.000000,unrailed,0.030000,,
400.458000,0.030000,0.000000,unrailed,0.030000,,
400.459000,0.030000,-0.000000,unrailed,0.030000,,
400.460000,0.030000,0.000000,unrailed,0.030000,,
400.461000,0.030000,-0.000000,unrailed,0.030000,,
400.462000,0.030000,0.000000,unrailed,0.030000,,
400.463000,0.030000,-0.000000,unrailed,0.030000,,
400.464000,0.030000,0.000000,unrailed,0.030000,,
400.465000,0.030000,-0.000000,unrailed,0.030000,,
400.466000,0.030000,0.000000,unrailed,0.030000,,
400.467000,0.030000,-0.000000,unrailed,0.030000,,
400.468000,0.030000,0.000000,unrailed,0.030000,,
400.469000,0.030000,-0.000000,unrailed,0.030000,,
400.470000,0.030000,0.000000,unrailed,0.030000,,
400.471000,0.030000,-0.000000,unrailed,0.030000,,
400.472000,0.030000,0.000000,unrailed,0.030000,,
400.473000,0.030000,-0.000000,unrailed,0.030000,,
400.474000,0.030000,0.000000,unrailed,0.030000,,
400.475000,0.030000,-0.000000,unrailed,0.030000,,
400.476000,0.030000,0.000000,unrailed,0.030000,,
400.477000,0.030000,-0.000000,unrailed,0.030000,,
400.478000,0.030000,0.000000,unrailed,0.030000,,
400.479000,0.030000,-0.000000,unrailed,0.030000,,
400.480000,0.030000,0.000000,unrailed,0.030000,,
400.481000,0.030000,-0.000000,unrailed,0.030000,,
400.482000,0.030000,0.000000,unrailed,0.030000,,
400.483000,0.030000,-0.000000,unrailed,0.030000,,
400.484000,0.030000,0.000000,unrailed,0.030000,,
400.485000,0.030000,-0.000000,unrailed,0.030000,,
400.486000,0.030000,0.000000,unrailed,0.030000,,
400.487000,0.030000,-0.000000,unrailed,0.030000,,
400.488000,0.030000,0.000000,unrailed,0.030000,,
400.489000,0.030000,-0.000000,unrailed,0.030000,,
400.490000,0.030000,0.000000,unrailed,0.030000,,
400.491000,0.030000,-0.000000,unrailed,0.030000,,
400.492000,0.030000,0.000000,unrailed,0.030000,,
400.493000,0.030000,-0.000000,unrailed,0.030000,,
400.494000,0.030000,0.000000,unrailed,0.030000,,
400.495000,0.030000,-0.000000,unrailed,0.030000,,
400.496000,0.030000,0.000000,unrailed,0.030000,,
400.497000,0.030000,-0.000000,unrailed,0.030000,,
400.498000,0.030000,0.000000,unrailed,0.030000,,
400.499000,0.030000,-0.000000,unrailed,0.030000,,
400.500000,0.030000,0.000000,unrailed,0.030000,,
400.501000,0.030000,-0.000000,unrailed,0.030000,,
400.502000,0.030000,0.000000,unrailed,0.030000,,
400.503000,0.030000,-0.000000,unrailed,0.030000,,
400.504000,0.030000,0.000000,unrailed,0.030000,,
400.505000,0.030000,-0.000000,unrailed,0.030000,,
400.506000,0.030000,0.000000,unrailed,0.030000,,
400.507000,0.030000,-0.000000,unrailed,0.030000,,
400.508000,0.030000,0.000000,unrailed,0.030000,,
400.509000,0.030000,-0.000000,unrailed,0.030000,,
400.510000,0.030000,0.000000,unrailed,0.030000,,
400.511000,0.030000,-0.000000,unrailed,0.030000,,
400.512000,0.030000,0.000000,unrailed,0.030000,,
400.513000,0.030000,-0.000000,unrailed,0.030000,,
400.514000,0.030000,0.000000,unrailed,0.030000,,
400.515000,0.030000,-0.000000,unrailed,0.030000,,
400.516000,0.030000,0.000000,unrailed,0.030000,,
400.517000,0.030000,-0.000000,unrailed,0.030000,,
400.518000,0.030000,0.000000,unrailed,0.030000,,
400.519000,0.030000,-0.000000,unrailed,0.030000,,
400.520000,0.030000,0.000000,unrailed,0.030000,,
400.521000,0.030000,-0.000000,unrailed,0.030000,,
400.522000,0.030000,0.000000,unrailed,0.030000,,
400.523000,0.030000,-0.000000,unrailed,0.030000,,
400.524000,0.030000,0.000000,unrailed,0.030000,,
400.525000,0.030000,-0.000000,unrailed,0.030000,,
400.526000,0.030000,0.000000,unrailed,0.030000,,
400.527000,0.030000,-0.000000,unrailed,0.030000,,
400.528000,0.030000,0.000000,unrailed,0.030000,,
400.529000,0.030000,-0.000000,unrailed,0.030000,,
400.530000,0.030000,0.000000,unrailed,0.030000,,
400.531000,0.030000,-0.000000,unrailed,0.030000,,
400.532000,0.030000,0.000000,unrailed,0.030000,,
400.533000,0.030000,-0.000000,unrailed,0.030000,,
400.534000,0.030000,0.000000,unrailed,0.030000,,
400.535000,0.030000,-0.000000,unrailed,0.030000,,
400.536000,0.030000,0.000000,unrailed,0.030000,,
400.537000,0.030000,-0.000000,unrailed,0.030000,,
400.538000,0.030000,0.000000,unrailed,0.030000,,
400.539000,0.030000,-0.000000,unrailed,0.030000,,
400.540000,0.030000,0.000000,unrailed,0.030000,,
400.541000,0.030000,-0.000000,unrailed,0.030000,,
400.542000,0.030000,0.000000,unrailed,0.030000,,
400.543000,0.030000,-0.000000,unrailed,0.030000,,
400.544000,0.030000,0.000000,unrailed,0.030000,,
400.545000,0.030000,-0.000000,unrailed,0.030000,,
400.546000,0.030000,0.000000,unrailed,0.030000,,
400.547000,0.030000,-0.000000,unrailed,0.030000,,
400.548000,0.030000,0.000000,unrailed,0.030000,,
400.549000,0.030000,-0.000000,unrailed,0.030000,,
400.550000,0.030000,0.000000,unrailed,0.030000,,
400.551000,0.030000,-0.000000,unrailed,0.030000,,
400.552000,0.030000,0.000000,unrailed,0.030000,,
400.553000,0.030000,-0.000000,unrailed,0.030000,,
400.554000,0.030000,0.000000,unrailed,0.030000,,
400.555000,0.030000,-0.000000,unrailed,0.030000,,
400.556000,0.030000,0.000000,unrailed,0.030000,,
400.557000,0.030000,-0.000000,unrailed,0.030000,,
400.558000,0.030000,0.000000,unrailed,0.030000,,
400.559000,0.030000,-0.000000,unrailed,0.030000,,
400.560000,0.030000,0.000000,unrailed,0.030000,,
400.561000,0.030000,-0.000000,unrailed,0.030000,,
400.562000,0.030000,0.000000,unrailed,0.030000,,
400.563000,0.030000,-0.000000,unrailed,0.030000,,
400.564000,0.030000,0.000000,unrailed,0.030000,,
400.565000,0.030000,-0.000000,unrailed,0.030000,,
400.566000,0.030000,0.000000,unrailed,0.030000,,
400.567000,0.030000,-0.000000,unrailed,0.030000,,
400.568000,0.030000,0.000000,unrailed,0.030000,,
400.569000,0.030000,-0.000000,unrailed,0.030000,,
400.570000,0.030000,0.000000,unrailed,0.030000,,
400.571000,0.030000,-0.000000,unrailed,0.030000,,
400.572000,0.030000,0.000000,unrailed,0.030000,,
400.573000,0.030000,-0.000000,unrailed,0.030000,,
400.574000,0.030000,0.000000,unrailed,0.030000,,
400.575000,0.030000,-0.000000,unrailed,0.030000,,
400.576000,0.030000,0.000000,unrailed,0.030000,,
400.577000,0.030000,-0.000000,unrailed,0.030000,,
400.578000,0.030000,0.000000,unrailed,0.030000,,
400.579000,0.030000,-0.000000,unrailed,0.030000,,
400.580000,0.030000,0.000000,unrailed,0.030000,,
400.581000,0.030000,-0.000000,unrailed,0.030000,,
400.582000,0.030000,0.000000,unrailed,0.030000,,
400.583000,0.030000,-0.000000,unrailed,0.030000,,
400.584000,0.030000,0.000000,unrailed,0.030000,,
400.585000,0.030000,-0.000000,unrailed,0.030000,,
400.586000,0.030000,0.000000,unrailed,0.030000,,
400.587000,0.030000,-0.000000,unrailed,0.030000,,
400.588000,0.030000,0.000000,unrailed,0.030000,,
400.589000,0.030000,-0.000000,unrailed,0.030000,,
400.590000,0.030000,0.000000,unrailed,0.030000,,
400.591000,0.030000,-0.000000,unrailed,0.030000,,
400.592000,0.030000,0.000000,unrailed,0.030000,,
400.593000,0.030000,-0.000000,unrailed,0.030000,,
400.594000,0.030000,0.000000,unrailed,0.030000,,
400.595000,0.030000,-0.000000,unrailed,0.030000,,
400.596000,0.030000,0.000000,unrailed,0.030000,,
400.597000,0.030000,-0.000000,unrailed,0.030000,,
400.598000,0.030000,0.000000,unrailed,0.030000,,
400.599000,0.030000,-0.000000,unrailed,0.030000,,
400.600000,0.030000,0.000000,unrailed,0.030000,,
400.601000,0.030000,-0.000000,unrailed,0.030000,,
400.602000,0.030000,0.000000,unrailed,0.030000,,
400.603000,0.030000,-0.000000,unrailed,0.030000,,
400.604000,0.030000,0.000000,unrailed,0.030000,,
400.605000,0.030000,-0.000000,unrailed,0.030000,,
400.606000,0.030000,0.000000,unrailed,0.030000,,
400.607000,0.030000,-0.000000,unrailed,0.030000,,
400.608000,0.030000,0.000000,unrailed,0.030000,,
400.609000,0.030000,-0.000000,unrailed,0.030000,,
400.610000,0.030000,0.000000,unrailed,0.030000,,
400.611000,0.030000,-0.000000,unrailed,0.030000,,
400.612000,0.030000,0.000000,unrailed,0.030000,,
400.613000,0.030000,-0.000000,unrailed,0.030000,,
400.614000,0.030000,0.000000,unrailed,0.030000,,
400.615000,0.030000,-0.000000,unrailed,0.030000,,
400.616000,0.030000,0.000000,unrailed,0.030000,,
400.617000,0.030000,-0.000000,unrailed,0.030000,,
400.618000,0.030000,0.000000,unrailed,0.030000,,
400.619000,0.030000,-0.000000,unrailed,0.030000,,
400.620000,0.030000,0.000000,unrailed,0.030000,,
400.621000,0.030000,-0.000000,unrailed,0.030000,,
400.622000,0.030000,0.000000,unrailed,0.030000,,
400.623000,0.030000,-0.000000,unrailed,0.030000,,
400.624000,0.030000,0.000000,unrailed,0.030000,,
400.625000,0.030000,-0.000000,unrailed,0.030000,,
400.626000,0.030000,0.000000,unrailed,0.030000,,
400.627000,0.030000,-0.000000,unrailed,0.030000,,
400.628000,0.030000,0.000000,unrailed,0.030000,,
400.629000,0.030000,-0.000000,unrailed,0.030000,,
400.630000,0.030000,0.000000,unrailed,0.030000,,
400.631000,0.030000,-0.000000,unrailed,0.030000,,
400.632000,0.030000,0.000000,unrailed,0.030000,,
400.633000,0.030000,-0.000000,unrailed,0.030000,,
400.634000,0.030000,0.000000,unrailed,0.030000,,
400.635000,0.030000,-0.000000,unrailed,0.030000,,
400.636000,0.030000,0.000000,unrailed,0.030000,,
400.637000,0.030000,-0.000000,unrailed,0.030000,,
400.638000,0.030000,0.000000,unrailed,0.030000,,
400.639000,0.030000,-0.000000,unrailed,0.030000,,
400.640000,0.030000,0.000000,unrailed,0.030000,,
400.641000,0.030000,-0.000000,unrailed,0.030000,,
400.642000,0.030000,0.000000,unrailed,0.030000,,
400.643000,0.030000,-0.000000,unrailed,0.030000,,
400.644000,0.030000,0.000000,unrailed,0.030000,,
400.645000,0.030000,-0.000000,unrailed,0.030000,,
400.646000,0.030000,0.000000,unrailed,0.030000,,
400.647000,0.030000,-0.000000,unrailed,0.030000,,
400.648000,0.030000,0.000000,unrailed,0.030000,,
400.649000,0.030000,-0.000000,unrailed,0.030000,,
400.650000,0.030000,0.000000,unrailed,0.030000,,
400.651000,0.030000,-0.000000,unrailed,0.030000,,
400.652000,0.030000,0.000000,unrailed,0.030000,,
400.653000,0.030000,-0.000000,unrailed,0.030000,,
400.654000,0.030000,0.000000,unrailed,0.030000,,
400.655000,0.030000,-0.000000,unrailed,0.030000,,
400.656000,0.030000,0.000000,unrailed,0.030000,,
400.657000,0.030000,-0.000000,unrailed,0.030000,,
400.658000,0.030000,0.000000,unrailed,0.030000,,
400.659000,0.030000,-0.000000,unrailed,0.030000,,
400.660000,0.030000,0.000000,unrailed,0.030000,,
400.661000,0.030000,-0.000000,unrailed,0.030000,,
400.662000,0.030000,0.000000,unrailed,0.030000,,
400.663000,0.030000,-0.000000,unrailed,0.030000,,
400.664000,0.030000,0.000000,unrailed,0.030000,,
400.665000,0.030000,-0.000000,unrailed,0.030000,,
400.666000,0.030000,0.000000,unrailed,0.030000,,
400.667000,0.030000,-0.000000,unrailed,0.030000,,
400.668000,0.030000,0.000000,unrailed,0.030000,,
400.669000,0.030000,-0.000000,unrailed,0.030000,,
400.670000,0.030000,0.000000,unrailed,0.030000,,
400.671000,0.030000,-0.000000,unrailed,0.030000,,
400.672000,0.030000,0.000000,unrailed,0.030000,,
400.673000,0.030000,-0.000000,unrailed,0.030000,,
400.674000,0.030000,0.000000,unrailed,0.030000,,
400.675000,0.030000,-0.000000,unrailed,0.030000,,
400.676000,0.030000,0.000000,unrailed,0.030000,,
400.677000,0.030000,-0.000000,unrailed,0.030000,,
400.678000,0.030000,0.000000,unrailed,0.030000,,
400.679000,0.030000,-0.000000,unrailed,0.030000,,
400.680000,0.030000,0.000000,unrailed,0.030000,,
400.681000,0.030000,-0.000000,unrailed,0.030000,,
400.682000,0.030000,0.000000,unrailed,0.030000,,
400.683000,0.030000,-0.000000,unrailed,0.030000,,
400.684000,0.030000,0.000000,unrailed,0.030000,,
400.685000,0.030000,-0.000000,unrailed,0.030000,,
400.686000,0.030000,0.000000,unrailed,0.030000,,
400.687000,0.030000,-0.000000,unrailed,0.030000,,
400.688000,0.030000,0.000000,unrailed,0.030000,,
400.689000,0.030000,-0.000000,unrailed,0.030000,,
400.690000,0.030000,0.000000,unrailed,0.030000,,
400.691000,0.030000,-0.000000,unrailed,0.030000,,
400.692000,0.030000,0.000000,unrailed,0.030000,,
400.693000,0.030000,-0.000000,unrailed,0.030000,,
400.694000,0.030000,0.000000,unrailed,0.030000,,
400.695000,0.030000,-0.000000,unrailed,0.030000,,
400.696000,0.030000,0.000000,unrailed,0.030000,,
400.697000,0.030000,-0.000000,unrailed,0.030000,,
400.698000,0.030000,0.000000,unrailed,0.030000,,
400.699000,0.030000,-0.000000,unrailed,0.030000,,
400.700000,0.030000,0.000000,unrailed,0.030000,,
400.701000,0.030000,-0.000000,unrailed,0.030000,,
400.702000,0.030000,0.000000,unrailed,0.030000,,
400.703000,0.030000,-0.000000,unrailed,0.030000,,
400.704000,0.030000,0.000000,unrailed,0.030000,,
400.705000,0.030000,-0.000000,unrailed,0.030000,,
400.706000,0.030000,0.000000,unrailed,0.030000,,
400.707000,0.030000,-0.000000,unrailed,0.030000,,
400.708000,0.030000,0.000000,unrailed,0.030000,,
400.709000,0.030000,-0.000000,unrailed,0.030000,,
400.710000,0.030000,0.000000,unrailed,0.030000,,
400.711000,0.030000,-0.000000,unrailed,0.030000,,
400.712000,0.030000,0.000000,unrailed,0.030000,,
400.713000,0.030000,-0.000000,unrailed,0.030000,,
400.714000,0.030000,0.000000,unrailed,0.030000,,
400.715000,0.030000,-0.000000,unrailed,0.030000,,
400.716000,0.030000,0.000000,unrailed,0.030000,,
400.717000,0.030000,-0.000000,unrailed,0.030000,,
400.718000,0.030000,0.000000,unrailed,0.030000,,
400.719000,0.030000,-0.000000,unrailed,0.030000,,
400.720000,0.030000,0.000000,unrailed,0.030000,,
400.721000,0.030000,-0.000000,unrailed,0.030000,,
400.722000,0.030000,0.000000,unrailed,0.030000,,
400.723000,0.030000,-0.000000,unrailed,0.030000,,
400.724000,0.030000,0.000000,unrailed,0.030000,,
400.725000,0.030000,-0.000000,unrailed,0.030000,,
400.726000,0.030000,0.000000,unrailed,0.030000,,
400.727000,0.030000,-0.000000,unrailed,0.030000,,
400.728000,0.030000,0.000000,unrailed,0.030000,,
400.729000,0.030000,-0.000000,unrailed,0.030000,,
400.730000,0.030000,0.000000,unrailed,0.030000,,
400.731000,0.030000,-0.000000,unrailed,0.030000,,
400.732000,0.030000,0.000000,unrailed,0.030000,,
400.733000,0.030000,-0.000000,unrailed,0.030000,,
400.734000,0.030000,0.000000,unrailed,0.030000,,
400.735000,0.030000,-0.000000,unrailed,0.030000,,
400.736000,0.030000,0.000000,unrailed,0.030000,,
400.737000,0.030000,-0.000000,unrailed,0.030000,,
400.738000,0.030000,0.000000,unrailed,0.030000,,
400.739000,0.030000,-0.000000,unrailed,0.030000,,
400.740000,0.030000,0.000000,unrailed,0.030000,,
400.741000,0.030000,-0.000000,unrailed,0.030000,,
400.742000,0.030000,0.000000,unrailed,0.030000,,
400.743000,0.030000,-0.000000,unrailed,0.030000,,
400.744000,0.030000,0.000000,unrailed,0.030000,,
400.745000,0.030000,-0.000000,unrailed,0.030000,,
400.746000,0.030000,0.000000,unrailed,0.030000,,
400.747000,0.030000,-0.000000,unrailed,0.030000,,
400.748000,0.030000,0.000000,unrailed,0.030000,,
400.749000,0.030000,-0.000000,unrailed,0.030000,,
400.750000,0.030000,0.000000,unrailed,0.030000,,
400.751000,0.030000,-0.000000,unrailed,0.030000,,
400.752000,0.030000,0.000000,unrailed,0.030000,,
400.753000,0.030000,-0.000000,unrailed,0.030000,,
400.754000,0.030000,0.000000,unrailed,0.030000,,
400.755000,0.030000,-0.000000,unrailed,0.030000,,
400.756000,0.030000,0.000000,unrailed,0.030000,,
400.757000,0.030000,-0.000000,unrailed,0.030000,,
400.758000,0.030000,0.000000,unrailed,0.030000,,
400.759000,0.030000,-0.000000,unrailed,0.030000,,
400.760000,0.030000,0.000000,unrailed,0.030000,,
400.761000,0.030000,-0.000000,unrailed,0.030000,,
400.762000,0.030000,0.000000,unrailed,0.030000,,
400.763000,0.030000,-0.000000,unrailed,0.030000,,
400.764000,0.030000,0.000000,unrailed,0.030000,,
400.765000,0.030000,-0.000000,unrailed,0.030000,,
400.766000,0.030000,0.000000,unrailed,0.030000,,
400.767000,0.030000,-0.000000,unrailed,0.030000,,
400.768000,0.030000,0.000000,unrailed,0.030000,,
400.769000,0.030000,-0.000000,unrailed,0.030000,,
400.770000,0.030000,0.000000,unrailed,0.030000,,
400.771000,0.030000,-0.000000,unrailed,0.030000,,
400.772000,0.030000,0.000000,unrailed,0.030000,,
400.773000,0.030000,-0.000000,unrailed,0.030000,,
400.774000,0.030000,0.000000,unrailed,0.030000,,
400.775000,0.030000,-0.000000,unrailed,0.030000,,
400.776000,0.030000,0.000000,unrailed,0.030000,,
400.777000,0.030000,-0.000000,unrailed,0.030000,,
400.778000,0.030000,0.000000,unrailed,0.030000,,
400.779000,0.030000,-0.000000,unrailed,0.030000,,
400.780000,0.030000,0.000000,unrailed,0.030000,,
400.781000,0.030000,-0.000000,unrailed,0.030000,,
400.782000,0.030000,0.000000,unrailed,0.030000,,
400.783000,0.030000,-0.000000,unrailed,0.030000,,
400.784000,0.030000,0.000000,unrailed,0.030000,,
400.785000,0.030000,-0.000000,unrailed,0.030000,,
400.786000,0.030000,0.000000,unrailed,0.030000,,
400.787000,0.030000,-0.000000,unrailed,0.030000,,
400.788000,0.030000,0.000000,unrailed,0.030000,,
400.789000,0.030000,-0.000000,unrailed,0.030000,,
400.790000,0.030000,0.000000,unrailed,0.030000,,
400.791000,0.030000,-0.000000,unrailed,0.030000,,
400.792000,0.030000,0.000000,unrailed,0.030000,,
400.793000,0.030000,-0.000000,unrailed,0.030000,,
400.794000,0.030000,0.000000,unrailed,0.030000,,
400.795000,0.030000,-0.000000,unrailed,0.030000,,
400.796000,0.030000,0.000000,unrailed,0.030000,,
400.797000,0.030000,-0.000000,unrailed,0.030000,,
400.798000,0.030000,0.000000,unrailed,0.030000,,
400.799000,0.030000,-0.000000,unrailed,0.030000,,
400.800000,0.030000,0.000000,unrailed,0.030000,,
400.801000,0.030000,-0.000000,unrailed,0.030000,,
400.802000,0.030000,0.000000,unrailed,0.030000,,
400.803000,0.030000,-0.000000,unrailed,0.030000,,
400.804000,0.030000,0.000000,unrailed,0.030000,,
400.805000,0.030000,-0.000000,unrailed,0.030000,,
400.806000,0.030000,0.000000,unrailed,0.030000,,
400.807000,0.030000,-0.000000,unrailed,0.030000,,
400.808000,0.030000,0.000000,unrailed,0.030000,,
400.809000,0.030000,-0.000000,unrailed,0.030000,,
400.810000,0.030000,0.000000,unrailed,0.030000,,
400.811000,0.030000,-0.000000,unrailed,0.030000,,
400.812000,0.030000,0.000000,unrailed,0.030000,,
400.813000,0.030000,-0.000000,unrailed,0.030000,,
400.814000,0.030000,0.000000,unrailed,0.030000,,
400.815000,0.030000,-0.000000,unrailed,0.030000,,
400.816000,0.030000,0.000000,unrailed,0.030000,,
400.817000,0.030000,-0.000000,unrailed,0.030000,,
400.818000,0.030000,0.000000,unrailed,0.030000,,
400.819000,0.030000,-0.000000,unrailed,0.030000,,
400.820000,0.030000,0.000000,unrailed,0.030000,,
400.821000,0.030000,-0.000000,unrailed,0.030000,,
400.822000,0.030000,0.000000,unrailed,0.030000,,
400.823000,0.030000,-0.000000,unrailed,0.030000,,
400.824000,0.030000,0.000000,unrailed,0.030000,,
400.825000,0.030000,-0.000000,unrailed,0.030000,,
400.826000,0.030000,0.000000,unrailed,0.030000,,
400.827000,0.030000,-0.000000,unrailed,0.030000,,
400.828000,0.030000,0.000000,unrailed,0.030000,,
400.829000,0.030000,-0.000000,unrailed,0.030000,,
400.830000,0.030000,0.000000,unrailed,0.030000,,
400.831000,0.030000,-0.000000,unrailed,0.030000,,
400.832000,0.030000,0.000000,unrailed,0.030000,,
400.833000,0.030000,-0.000000,unrailed,0.030000,,
400.834000,0.030000,0.000000,unrailed,0.030000,,
400.835000,0.030000,-0.000000,unrailed,0.030000,,
400.836000,0.030000,0.000000,unrailed,0.030000,,
400.837000,0.030000,-0.000000,unrailed,0.030000,,
400.838000,0.030000,0.000000,unrailed,0.030000,,
400.839000,0.030000,-0.000000,unrailed,0.030000,,
400.840000,0.030000,0.000000,unrailed,0.030000,,
400.841000,0.030000,-0.000000,unrailed,0.030000,,
400.842000,0.030000,0.000000,unrailed,0.030000,,
400.843000,0.030000,-0.000000,unrailed,0.030000,,
400.844000,0.030000,0.000000,unrailed,0.030000,,
400.845000,0.030000,-0.000000,unrailed,0.030000,,
400.846000,0.030000,0.000000,unrailed,0.030000,,
400.847000,0.030000,-0.000000,unrailed,0.030000,,
400.848000,0.030000,0.000000,unrailed,0.030000,,
400.849000,0.030000,-0.000000,unrailed,0.030000,,
400.850000,0.030000,0.000000,unrailed,0.030000,,
400.851000,0.030000,-0.000000,unrailed,0.030000,,
400.852000,0.030000,0.000000,unrailed,0.030000,,
400.853000,0.030000,-0.000000,unrailed,0.030000,,
400.854000,0.030000,0.000000,unrailed,0.030000,,
400.855000,0.030000,-0.000000,unrailed,0.030000,,
400.856000,0.030000,0.000000,unrailed,0.030000,,
400.857000,0.030000,-0.000000,unrailed,0.030000,,
400.858000,0.030000,0.000000,unrailed,0.030000,,
400.859000,0.030000,-0.000000,unrailed,0.030000,,
400.860000,0.030000,0.000000,unrailed,0.030000,,
400.861000,0.030000,-0.000000,unrailed,0.030000,,
400.862000,0.030000,0.000000,unrailed,0.030000,,
400.863000,0.030000,-0.000000,unrailed,0.030000,,
400.864000,0.030000,0.000000,unrailed,0.030000,,
400.865000,0.030000,-0.000000,unrailed,0.030000,,
400.866000,0.030000,0.000000,unrailed,0.030000,,
400.867000,0.030000,-0.000000,unrailed,0.030000,,
400.868000,0.030000,0.000000,unrailed,0.030000,,
400.869000,0.030000,-0.000000,unrailed,0.030000,,
400.870000,0.030000,0.000000,unrailed,0.030000,,
400.871000,0.030000,-0.000000,unrailed,0.030000,,
400.872000,0.030000,0.000000,unrailed,0.030000,,
400.873000,0.030000,-0.000000,unrailed,0.030000,,
400.874000,0.030000,0.000000,unrailed,0.030000,,
400.875000,0.030000,-0.000000,unrailed,0.030000,,
400.876000,0.030000,0.000000,unrailed,0.030000,,
400.877000,0.030000,-0.000000,unrailed,0.030000,,
400.878000,0.030000,0.000000,unrailed,0.030000,,
400.879000,0.030000,-0.000000,unrailed,0.030000,,
400.880000,0.030000,0.000000,unrailed,0.030000,,
400.881000,0.030000,-0.000000,unrailed,0.030000,,
400.882000,0.030000,0.000000,unrailed,0.030000,,
400.883000,0.030000,-0.000000,unrailed,0.030000,,
400.884000,0.030000,0.000000,unrailed,0.030000,,
400.885000,0.030000,-0.000000,unrailed,0.030000,,
400.886000,0.030000,0.000000,unrailed,0.030000,,
400.887000,0.030000,-0.000000,unrailed,0.030000,,
400.888000,0.030000,0.000000,unrailed,0.030000,,
400.889000,0.030000,-0.000000,unrailed,0.030000,,
400.890000,0.030000,0.000000,unrailed,0.030000,,
400.891000,0.030000,-0.000000,unrailed,0.030000,,
400.892000,0.030000,0.000000,unrailed,0.030000,,
400.893000,0.030000,-0.000000,unrailed,0.030000,,
400.894000,0.030000,0.000000,unrailed,0.030000,,
400.895000,0.030000,-0.000000,unrailed,0.030000,,
400.896000,0.030000,0.000000,unrailed,0.030000,,
400.897000,0.030000,-0.000000,unrailed,0.030000,,
400.898000,0.030000,0.000000,unrailed,0.030000,,
400.899000,0.030000,-0.000000,unrailed,0.030000,,
400.900000,0.030000,0.000000,unrailed,0.030000,,
400.901000,0.030000,-0.000000,unrailed,0.030000,,
400.902000,0.030000,0.000000,unrailed,0.030000,,
400.903000,0.030000,-0.000000,unrailed,0.030000,,
400.904000,0.030000,0.000000,unrailed,0.030000,,
400.905000,0.030000,-0.000000,unrailed,0.030000,,
400.906000,0.030000,0.000000,unrailed,0.030000,,
400.907000,0.030000,-0.000000,unrailed,0.030000,,
400.908000,0.030000,0.000000,unrailed,0.030000,,
400.909000,0.030000,-0.000000,unrailed,0.030000,,
400.910000,0.030000,0.000000,unrailed,0.030000,,
400.911000,0.030000,-0.000000,unrailed,0.030000,,
400.912000,0.030000,0.000000,unrailed,0.030000,,
400.913000,0.030000,-0.000000,unrailed,0.030000,,
400.914000,0.030000,0.000000,unrailed,0.030000,,
400.915000,0.030000,-0.000000,unrailed,0.030000,,
400.916000,0.030000,0.000000,unrailed,0.030000,,
400.917000,0.030000,-0.000000,unrailed,0.030000,,
400.918000,0.030000,0.000000,unrailed,0.030000,,
400.919000,0.030000,-0.000000,unrailed,0.030000,,
400.920000,0.030000,0.000000,unrailed,0.030000,,
400.921000,0.030000,-0.000000,unrailed,0.030000,,
400.922000,0.030000,0.000000,unrailed,0.030000,,
400.923000,0.030000,-0.000000,unrailed,0.030000,,
400.924000,0.030000,0.000000,unrailed,0.030000,,
400.925000,0.030000,-0.000000,unrailed,0.030000,,
400.926000,0.030000,0.000000,unrailed,0.030000,,
400.927000,0.030000,-0.000000,unrailed,0.030000,,
400.928000,0.030000,0.000000,unrailed,0.030000,,
400.929000,0.030000,-0.000000,unrailed,0.030000,,
400.930000,0.030000,0.000000,unrailed,0.030000,,
400.931000,0.030000,-0.000000,unrailed,0.030000,,
400.932000,0.030000,0.000000,unrailed,0.030000,,
400.933000,0.030000,-0.000000,unrailed,0.030000,,
400.934000,0.030000,0.000000,unrailed,0.030000,,
400.935000,0.030000,-0.000000,unrailed,0.030000,,
400.936000,0.030000,0.000000,unrailed,0.030000,,
400.937000,0.030000,-0.000000,unrailed,0.030000,,
400.938000,0.030000,0.000000,unrailed,0.030000,,
400.939000,0.030000,-0.000000,unrailed,0.030000,,
400.940000,0.030000,0.000000,unrailed,0.030000,,
400.941000,0.030000,-0.000000,unrailed,0.030000,,
400.942000,0.030000,0.000000,unrailed,0.030000,,
400.943000,0.030000,-0.000000,unrailed,0.030000,,
400.944000,0.030000,0.000000,unrailed,0.030000,,
400.945000,0.030000,-0.000000,unrailed,0.030000,,
400.946000,0.030000,0.000000,unrailed,0.030000,,
400.947000,0.030000,-0.000000,unrailed,0.030000,,
400.948000,0.030000,0.000000,unrailed,0.030000,,
400.949000,0.030000,-0.000000,unrailed,0.030000,,
400.950000,0.030000,0.000000,unrailed,0.030000,,
400.951000,0.030000,-0.000000,unrailed,0.030000,,
400.952000,0.030000,0.000000,unrailed,0.030000,,
400.953000,0.030000,-0.000000,unrailed,0.030000,,
400.954000,0.030000,0.000000,unrailed,0.030000,,
400.955000,0.030000,-0.000000,unrailed,0.030000,,
400.956000,0.030000,0.000000,unrailed,0.030000,,
400.957000,0.030000,-0.000000,unrailed,0.030000,,
400.958000,0.030000,0.000000,unrailed,0.030000,,
400.959000,0.030000,-0.000000,unrailed,0.030000,,
400.960000,0.030000,0.000000,unrailed,0.030000,,
400.961000,0.030000,-0.000000,unrailed,0.030000,,
400.962000,0.030000,0.000000,unrailed,0.030000,,
400.963000,0.030000,-0.000000,unrailed,0.030000,,
400.964000,0.030000,0.000000,unrailed,0.030000,,
400.965000,0.030000,-0.000000,unrailed,0.030000,,
400.966000,0.030000,0.000000,unrailed,0.030000,,
400.967000,0.030000,-0.000000,unrailed,0.030000,,
400.968000,0.030000,0.000000,unrailed,0.030000,,
400.969000,0.030000,-0.000000,unrailed,0.030000,,
400.970000,0.030000,0.000000,unrailed,0.030000,,
400.971000,0.030000,-0.000000,unrailed,0.030000,,
400.972000,0.030000,0.000000,unrailed,0.030000,,
400.973000,0.030000,-0.000000,unrailed,0.030000,,
400.974000,0.030000,0.000000,unrailed,0.030000,,
400.975000,0.030000,-0.000000,unrailed,0.030000,,
400.976000,0.030000,0.000000,unrailed,0.030000,,
400.977000,0.030000,-0.000000,unrailed,0.030000,,
400.978000,0.030000,0.000000,unrailed,0.030000,,
400.979000,0.030000,-0.000000,unrailed,0.030000,,
400.980000,0.030000,0.000000,unrailed,0.030000,,
400.981000,0.030000,-0.000000,unrailed,0.030000,,
400.982000,0.030000,0.000000,unrailed,0.030000,,
400.983000,0.030000,-0.000000,unrailed,0.030000,,
400.984000,0.030000,0.000000,unrailed,0.030000,,
400.985000,0.030000,-0.000000,unrailed,0.030000,,
400.986000,0.030000,0.000000,unrailed,0.030000,,
400.987000,0.030000,-0.000000,unrailed,0.030000,,
400.988000,0.030000,0.000000,unrailed,0.030000,,
400.989000,0.030000,-0.000000,unrailed,0.030000,,
400.990000,0.030000,0.000000,unrailed,0.030000,,
400.991000,0.030000,-0.000000,unrailed,0.030000,,
400.992000,0.030000,0.000000,unrailed,0.030000,,
400.993000,0.030000,-0.000000,unrailed,0.030000,,
400.994000,0.030000,0.000000,unrailed,0.030000,,
400.995000,0.030000,-0.000000,unrailed,0.030000,,
400.996000,0.030000,0.000000,unrailed,0.030000,,
400.997000,0.030000,-0.000000,unrailed,0.030000,,
400.998000,0.030000,0.000000,unrailed,0.030000,,
400.999000,0.030000,-0.000000,unrailed,0.030000,,
401.000000,0.030000,0.000000,unrailed,0.030000,,
401.001000,0.030000,-0.000000,unrailed,0.030000,,
401.002000,0.030000,0.000000,unrailed,0.030000,,
401.003000,0.030000,-0.000000,unrailed,0.030000,,
401.004000,0.030000,0.000000,unrailed,0.030000,,
401.005000,0.030000,-0.000000,unrailed,0.030000,,
401.006000,0.030000,0.000000,unrailed,0.030000,,
401.007000,0.030000,-0.000000,unrailed,0.030000,,
401.008000,0.030000,0.000000,unrailed,0.030000,,
401.009000,0.030000,-0.000000,unrailed,0.030000,,
401.010000,0.030000,0.000000,unrailed,0.030000,,
401.011000,0.030000,-0.000000,unrailed,0.030000,,
401.012000,0.030000,0.000000,unrailed,0.030000,,
401.013000,0.030000,-0.000000,unrailed,0.030000,,
401.014000,0.030000,0.000000,unrailed,0.030000,,
401.015000,0.030000,-0.000000,unrailed,0.030000,,
401.016000,0.030000,0.000000,unrailed,0.030000,,
401.017000,0.030000,-0.000000,unrailed,0.030000,,
401.018000,0.030000,0.000000,unrailed,0.030000,,
401.019000,0.030000,-0.000000,unrailed,0.030000,,
401.020000,0.030000,0.000000,unrailed,0.030000,,
401.021000,0.030000,-0.000000,unrailed,0.030000,,
401.022000,0.030000,0.000000,unrailed,0.030000,,
401.023000,0.030000,-0.000000,unrailed,0.030000,,
401.024000,0.030000,0.000000,unrailed,0.030000,,
401.025000,0.030000,-0.000000,unrailed,0.030000,,
401.026000,0.030000,0.000000,unrailed,0.030000,,
401.027000,0.030000,-0.000000,unrailed,0.030000,,
401.028000,0.030000,0.000000,unrailed,0.030000,,
401.029000,0.030000,-0.000000,unrailed,0.030000,,
401.030000,0.030000,0.000000,unrailed,0.030000,,
401.031000,0.030000,-0.000000,unrailed,0.030000,,
401.032000,0.030000,0.000000,unrailed,0.030000,,
401.033000,0.030000,-0.000000,unrailed,0.030000,,
401.034000,0.030000,0.000000,unrailed,0.030000,,
401.035000,0.030000,-0.000000,unrailed,0.030000,,
401.036000,0.030000,0.000000,unrailed,0.030000,,
401.037000,0.030000,-0.000000,unrailed,0.030000,,
401.038000,0.030000,0.000000,unrailed,0.030000,,
401.039000,0.030000,-0.000000,unrailed,0.030000,,
401.040000,0.030000,0.000000,unrailed,0.030000,,
401.041000,0.030000,-0.000000,unrailed,0.030000,,
401.042000,0.030000,0.000000,unrailed,0.030000,,
401.043000,0.030000,-0.000000,unrailed,0.030000,,
401.044000,0.030000,0.000000,unrailed,0.030000,,
401.045000,0.030000,-0.000000,unrailed,0.030000,,
401.046000,0.030000,0.000000,unrailed,0.030000,,
401.047000,0.030000,-0.000000,unrailed,0.030000,,
401.048000,0.030000,0.000000,unrailed,0.030000,,
401.049000,0.030000,-0.000000,unrailed,0.030000,,
401.050000,0.030000,0.000000,unrailed,0.030000,,
401.051000,0.030000,-0.000000,unrailed,0.030000,,
401.052000,0.030000,0.000000,unrailed,0.030000,,
401.053000,0.030000,-0.000000,unrailed,0.030000,,
401.054000,0.030000,0.000000,unrailed,0.030000,,
401.055000,0.030000,-0.000000,unrailed,0.030000,,
401.056000,0.030000,0.000000,unrailed,0.030000,,
401.057000,0.030000,-0.000000,unrailed,0.030000,,
401.058000,0.030000,0.000000,unrailed,0.030000,,
401.059000,0.030000,-0.000000,unrailed,0.030000,,
401.060000,0.030000,0.000000,unrailed,0.030000,,
401.061000,0.030000,-0.000000,unrailed,0.030000,,
401.062000,0.030000,0.000000,unrailed,0.030000,,
401.063000,0.030000,-0.000000,unrailed,0.030000,,
401.064000,0.030000,0.000000,unrailed,0.030000,,
401.065000,0.030000,-0.000000,unrailed,0.030000,,
401.066000,0.030000,0.000000,unrailed,0.030000,,
401.067000,0.030000,-0.000000,unrailed,0.030000,,
401.068000,0.030000,0.000000,unrailed,0.030000,,
401.069000,0.030000,-0.000000,unrailed,0.030000,,
401.070000,0.030000,0.000000,unrailed,0.030000,,
401.071000,0.030000,-0.000000,unrailed,0.030000,,
401.072000,0.030000,0.000000,unrailed,0.030000,,
401.073000,0.030000,-0.000000,unrailed,0.030000,,
401.074000,0.030000,0.000000,unrailed,0.030000,,
401.075000,0.030000,-0.000000,unrailed,0.030000,,
401.076000,0.030000,0.000000,unrailed,0.030000,,
401.077000,0.030000,-0.000000,unrailed,0.030000,,
401.078000,0.030000,0.000000,unrailed,0.030000,,
401.079000,0.030000,-0.000000,unrailed,0.030000,,
401.080000,0.030000,0.000000,unrailed,0.030000,,
401.081000,0.030000,-0.000000,unrailed,0.030000,,
401.082000,0.030000,0.000000,unrailed,0.030000,,
401.083000,0.030000,-0.000000,unrailed,0.030000,,
401.084000,0.030000,0.000000,unrailed,0.030000,,
401.085000,0.030000,-0.000000,unrailed,0.030000,,
401.086000,0.030000,0.000000,unrailed,0.030000,,
401.087000,0.030000,-0.000000,unrailed,0.030000,,
401.088000,0.030000,0.000000,unrailed,0.030000,,
401.089000,0.030000,-0.000000,unrailed,0.030000,,
401.090000,0.030000,0.000000,unrailed,0.030000,,
401.091000,0.030000,-0.000000,unrailed,0.030000,,
401.092000,0.030000,0.000000,unrailed,0.030000,,
401.093000,0.030000,-0.000000,unrailed,0.030000,,
401.094000,0.030000,0.000000,unrailed,0.030000,,
401.095000,0.030000,-0.000000,unrailed,0.030000,,
401.096000,0.030000,0.000000,unrailed,0.030000,,
401.097000,0.030000,-0.000000,unrailed,0.030000,,
401.098000,0.030000,0.000000,unrailed,0.030000,,
401.099000,0.030000,-0.000000,unrailed,0.030000,,
401.100000,0.030000,0.000000,unrailed,0.030000,,
401.101000,0.030000,-0.000000,unrailed,0.030000,,
401.102000,0.030000,0.000000,unrailed,0.030000,,
401.103000,0.030000,-0.000000,unrailed,0.030000,,
401.104000,0.030000,0.000000,unrailed,0.030000,,
401.105000,0.030000,-0.000000,unrailed,0.030000,,
401.106000,0.030000,0.000000,unrailed,0.030000,,
401.107000,0.030000,-0.000000,unrailed,0.030000,,
401.108000,0.030000,0.000000,unrailed,0.030000,,
401.109000,0.030000,-0.000000,unrailed,0.030000,,
401.110000,0.030000,0.000000,unrailed,0.030000,,
401.111000,0.030000,-0.000000,unrailed,0.030000,,
401.112000,0.030000,0.000000,unrailed,0.030000,,
401.113000,0.030000,-0.000000,unrailed,0.030000,,
401.114000,0.030000,0.000000,unrailed,0.030000,,
401.115000,0.030000,-0.000000,unrailed,0.030000,,
401.116000,0.030000,0.000000,unrailed,0.030000,,
401.117000,0.030000,-0.000000,unrailed,0.030000,,
401.118000,0.030000,0.000000,unrailed,0.030000,,
401.119000,0.030000,-0.000000,unrailed,0.030000,,
401.120000,0.030000,0.000000,unrailed,0.030000,,
401.121000,0.030000,-0.000000,unrailed,0.030000,,
401.122000,0.030000,0.000000,unrailed,0.030000,,
401.123000,0.030000,-0.000000,unrailed,0.030000,,
401.124000,0.030000,0.000000,unrailed,0.030000,,
401.125000,0.030000,-0.000000,unrailed,0.030000,,
401.126000,0.030000,0.000000,unrailed,0.030000,,
401.127000,0.030000,-0.000000,unrailed,0.030000,,
401.128000,0.030000,0.000000,unrailed,0.030000,,
401.129000,0.030000,-0.000000,unrailed,0.030000,,
401.130000,0.030000,0.000000,unrailed,0.030000,,
401.131000,0.030000,-0.000000,unrailed,0.030000,,
401.132000,0.030000,0.000000,unrailed,0.030000,,
401.133000,0.030000,-0.000000,unrailed,0.030000,,
401.134000,0.030000,0.000000,unrailed,0.030000,,
401.135000,0.030000,-0.000000,unrailed,0.030000,,
401.136000,0.030000,0.000000,unrailed,0.030000,,
401.137000,0.030000,-0.000000,unrailed,0.030000,,
401.138000,0.030000,0.000000,unrailed,0.030000,,
401.139000,0.030000,-0.000000,unrailed,0.030000,,
401.140000,0.030000,0.000000,unrailed,0.030000,,
401.141000,0.030000,-0.000000,unrailed,0.030000,,
401.142000,0.030000,0.000000,unrailed,0.030000,,
401.143000,0.030000,-0.000000,unrailed,0.030000,,
401.144000,0.030000,0.000000,unrailed,0.030000,,
401.145000,0.030000,-0.000000,unrailed,0.030000,,
401.146000,0.030000,0.000000,unrailed,0.030000,,
401.147000,0.030000,-0.000000,unrailed,0.030000,,
401.148000,0.030000,0.000000,unrailed,0.030000,,
401.149000,0.030000,-0.000000,unrailed,0.030000,,
401.150000,0.030000,0.000000,unrailed,0.030000,,
401.151000,0.030000,-0.000000,unrailed,0.030000,,
401.152000,0.030000,0.000000,unrailed,0.030000,,
401.153000,0.030000,-0.000000,unrailed,0.030000,,
401.154000,0.030000,0.000000,unrailed,0.030000,,
401.155000,0.030000,-0.000000,unrailed,0.030000,,
401.156000,0.030000,0.000000,unrailed,0.030000,,
401.157000,0.030000,-0.000000,unrailed,0.030000,,
401.158000,0.030000,0.000000,unrailed,0.030000,,
401.159000,0.030000,-0.000000,unrailed,0.030000,,
401.160000,0.030000,0.000000,unrailed,0.030000,,
401.161000,0.030000,-0.000000,unrailed,0.030000,,
401.162000,0.030000,0.000000,unrailed,0.030000,,
401.163000,0.030000,-0.000000,unrailed,0.030000,,
401.164000,0.030000,0.000000,unrailed,0.030000,,
401.165000,0.030000,-0.000000,unrailed,0.030000,,
401.166000,0.030000,0.000000,unrailed,0.030000,,
401.167000,0.030000,-0.000000,unrailed,0.030000,,
401.168000,0.030000,0.000000,unrailed,0.030000,,
401.169000,0.030000,-0.000000,unrailed,0.030000,,
401.170000,0.030000,0.000000,unrailed,0.030000,,
401.171000,0.030000,-0.000000,unrailed,0.030000,,
401.172000,0.030000,0.000000,unrailed,0.030000,,
401.173000,0.030000,-0.000000,unrailed,0.030000,,
401.174000,0.030000,0.000000,unrailed,0.030000,,
401.175000,0.030000,-0.000000,unrailed,0.030000,,
401.176000,0.030000,0.000000,unrailed,0.030000,,
401.177000,0.030000,-0.000000,unrailed,0.030000,,
401.178000,0.030000,0.000000,unrailed,0.030000,,
401.179000,0.030000,-0.000000,unrailed,0.030000,,
401.180000,0.030000,0.000000,unrailed,0.030000,,
401.181000,0.030000,-0.000000,unrailed,0.030000,,
401.182000,0.030000,0.000000,unrailed,0.030000,,
401.183000,0.030000,-0.000000,unrailed,0.030000,,
401.184000,0.030000,0.000000,unrailed,0.030000,,
401.185000,0.030000,-0.000000,unrailed,0.030000,,
401.186000,0.030000,0.000000,unrailed,0.030000,,
401.187000,0.030000,-0.000000,unrailed,0.030000,,
401.188000,0.030000,0.000000,unrailed,0.030000,,
401.189000,0.030000,-0.000000,unrailed,0.030000,,
401.190000,0.030000,0.000000,unrailed,0.030000,,
401.191000,0.030000,-0.000000,unrailed,0.030000,,
401.192000,0.030000,0.000000,unrailed,0.030000,,
401.193000,0.030000,-0.000000,unrailed,0.030000,,
401.194000,0.030000,0.000000,unrailed,0.030000,,
401.195000,0.030000,-0.000000,unrailed,0.030000,,
401.196000,0.030000,0.000000,unrailed,0.030000,,
401.197000,0.030000,-0.000000,unrailed,0.030000,,
401.198000,0.030000,0.000000,unrailed,0.030000,,
401.199000,0.030000,-0.000000,unrailed,0.030000,,
401.200000,0.030000,0.000000,unrailed,0.030000,,
401.201000,0.030000,-0.000000,unrailed,0.030000,,
401.202000,0.030000,0.000000,unrailed,0.030000,,
401.203000,0.030000,-0.000000,unrailed,0.030000,,
401.204000,0.030000,0.000000,unrailed,0.030000,,
401.205000,0.030000,-0.000000,unrailed,0.030000,,
401.206000,0.030000,0.000000,unrailed,0.030000,,
401.207000,0.030000,-0.000000,unrailed,0.030000,,
401.208000,0.030000,0.000000,unrailed,0.030000,,
401.209000,0.030000,-0.000000,unrailed,0.030000,,
401.210000,0.030000,0.000000,unrailed,0.030000,,
401.211000,0.030000,-0.000000,unrailed,0.030000,,
401.212000,0.030000,0.000000,unrailed,0.030000,,
401.213000,0.030000,-0.000000,unrailed,0.030000,,
401.214000,0.030000,0.000000,unrailed,0.030000,,
401.215000,0.030000,-0.000000,unrailed,0.030000,,
401.216000,0.030000,0.000000,unrailed,0.030000,,
401.217000,0.030000,-0.000000,unrailed,0.030000,,
401.218000,0.030000,0.000000,unrailed,0.030000,,
401.219000,0.030000,-0.000000,unrailed,0.030000,,
401.220000,0.030000,0.000000,unrailed,0.030000,,
401.221000,0.030000,-0.000000,unrailed,0.030000,,
401.222000,0.030000,0.000000,unrailed,0.030000,,
401.223000,0.030000,-0.000000,unrailed,0.030000,,
401.224000,0.030000,0.000000,unrailed,0.030000,,
401.225000,0.030000,-0.000000,unrailed,0.030000,,
401.226000,0.030000,0.000000,unrailed,0.030000,,
401.227000,0.030000,-0.000000,unrailed,0.030000,,
401.228000,0.030000,0.000000,unrailed,0.030000,,
401.229000,0.030000,-0.000000,unrailed,0.030000,,
401.230000,0.030000,0.000000,unrailed,0.030000,,
401.231000,0.030000,-0.000000,unrailed,0.030000,,
401.232000,0.030000,0.000000,unrailed,0.030000,,
401.233000,0.030000,-0.000000,unrailed,0.030000,,
401.234000,0.030000,0.000000,unrailed,0.030000,,
401.235000,0.030000,-0.000000,unrailed,0.030000,,
401.236000,0.030000,0.000000,unrailed,0.030000,,
401.237000,0.030000,-0.000000,unrailed,0.030000,,
401.238000,0.030000,0.000000,unrailed,0.030000,,
401.239000,0.030000,-0.000000,unrailed,0.030000,,
401.240000,0.030000,0.000000,unrailed,0.030000,,
401.241000,0.030000,-0.000000,unrailed,0.030000,,
401.242000,0.030000,0.000000,unrailed,0.030000,,
401.243000,0.030000,-0.000000,unrailed,0.030000,,
401.244000,0.030000,0.000000,unrailed,0.030000,,
401.245000,0.030000,-0.000000,unrailed,0.030000,,
401.246000,0.030000,0.000000,unrailed,0.030000,,
401.247000,0.030000,-0.000000,unrailed,0.030000,,
401.248000,0.030000,0.000000,unrailed,0.030000,,
401.249000,0.030000,-0.000000,unrailed,0.030000,,
401.250000,0.030000,0.000000,unrailed,0.030000,,
401.251000,0.030000,-0.000000,unrailed,0.030000,,
401.252000,0.030000,0.000000,unrailed,0.030000,,
401.253000,0.030000,-0.000000,unrailed,0.030000,,
401.254000,0.030000,0.000000,unrailed,0.030000,,
401.255000,0.030000,-0.000000,unrailed,0.030000,,
401.256000,0.030000,0.000000,unrailed,0.030000,,
401.257000,0.030000,-0.000000,unrailed,0.030000,,
401.258000,0.030000,0.000000,unrailed,0.030000,,
401.259000,0.030000,-0.000000,unrailed,0.030000,,
401.260000,0.030000,0.000000,unrailed,0.030000,,
401.261000,0.030000,-0.000000,unrailed,0.030000,,
401.262000,0.030000,0.000000,unrailed,0.030000,,
401.263000,0.030000,-0.000000,unrailed,0.030000,,
401.264000,0.030000,0.000000,unrailed,0.030000,,
401.265000,0.030000,-0.000000,unrailed,0.030000,,
401.266000,0.030000,0.000000,unrailed,0.030000,,
401.267000,0.030000,-0.000000,unrailed,0.030000,,
401.268000,0.030000,0.000000,unrailed,0.030000,,
401.269000,0.030000,-0.000000,unrailed,0.030000,,
401.270000,0.030000,0.000000,unrailed,0.030000,,
401.271000,0.030000,-0.000000,unrailed,0.030000,,
401.272000,0.030000,0.000000,unrailed,0.030000,,
401.273000,0.030000,-0.000000,unrailed,0.030000,,
401.274000,0.030000,0.000000,unrailed,0.030000,,
401.275000,0.030000,-0.000000,unrailed,0.030000,,
401.276000,0.030000,0.000000,unrailed,0.030000,,
401.277000,0.030000,-0.000000,unrailed,0.030000,,
401.278000,0.030000,0.000000,unrailed,0.030000,,
401.279000,0.030000,-0.000000,unrailed,0.030000,,
401.280000,0.030000,0.000000,unrailed,0.030000,,
401.281000,0.030000,-0.000000,unrailed,0.030000,,
401.282000,0.030000,0.000000,unrailed,0.030000,,
401.283000,0.030000,-0.000000,unrailed,0.030000,,
401.284000,0.030000,0.000000,unrailed,0.030000,,
401.285000,0.030000,-0.000000,unrailed,0.030000,,
401.286000,0.030000,0.000000,unrailed,0.030000,,
401.287000,0.030000,-0.000000,unrailed,0.030000,,
401.288000,0.030000,0.000000,unrailed,0.030000,,
401.289000,0.030000,-0.000000,unrailed,0.030000,,
401.290000,0.030000,0.000000,unrailed,0.030000,,
401.291000,0.030000,-0.000000,unrailed,0.030000,,
401.292000,0.030000,0.000000,unrailed,0.030000,,
401.293000,0.030000,-0.000000,unrailed,0.030000,,
401.294000,0.030000,0.000000,unrailed,0.030000,,
401.295000,0.030000,-0.000000,unrailed,0.030000,,
401.296000,0.030000,0.000000,unrailed,0.030000,,
401.297000,0.030000,-0.000000,unrailed,0.030000,,
401.298000,0.030000,0.000000,unrailed,0.030000,,
401.299000,0.030000,-0.000000,unrailed,0.030000,,
401.300000,0.030000,0.000000,unrailed,0.030000,,
401.301000,0.030000,-0.000000,unrailed,0.030000,,
401.302000,0.030000,0.000000,unrailed,0.030000,,
401.303000,0.030000,-0.000000,unrailed,0.030000,,
401.304000,0.030000,0.000000,unrailed,0.030000,,
401.305000,0.030000,-0.000000,unrailed,0.030000,,
401.306000,0.030000,0.000000,unrailed,0.030000,,
401.307000,0.030000,-0.000000,unrailed,0.030000,,
401.308000,0.030000,0.000000,unrailed,0.030000,,
401.309000,0.030000,-0.000000,unrailed,0.030000,,
401.310000,0.030000,0.000000,unrailed,0.030000,,
401.311000,0.030000,-0.000000,unrailed,0.030000,,
401.312000,0.030000,0.000000,unrailed,0.030000,,
401.313000,0.030000,-0.000000,unrailed,0.030000,,
401.314000,0.030000,0.000000,unrailed,0.030000,,
401.315000,0.030000,-0.000000,unrailed,0.030000,,
401.316000,0.030000,0.000000,unrailed,0.030000,,
401.317000,0.030000,-0.000000,unrailed,0.030000,,
401.318000,0.030000,0.000000,unrailed,0.030000,,
401.319000,0.030000,-0.000000,unrailed,0.030000,,
401.320000,0.030000,0.000000,unrailed,0.030000,,
401.321000,0.030000,-0.000000,unrailed,0.030000,,
401.322000,0.030000,0.000000,unrailed,0.030000,,
401.323000,0.030000,-0.000000,unrailed,0.030000,,
401.324000,0.030000,0.000000,unrailed,0.030000,,
401.325000,0.030000,-0.000000,unrailed,0.030000,,
401.326000,0.030000,0.000000,unrailed,0.030000,,
401.327000,0.030000,-0.000000,unrailed,0.030000,,
401.328000,0.030000,0.000000,unrailed,0.030000,,
401.329000,0.030000,-0.000000,unrailed,0.030000,,
401.330000,0.030000,0.000000,unrailed,0.030000,,
401.331000,0.030000,-0.000000,unrailed,0.030000,,
401.332000,0.030000,0.000000,unrailed,0.030000,,
401.333000,0.030000,-0.000000,unrailed,0.030000,,
401.334000,0.030000,0.000000,unrailed,0.030000,,
401.335000,0.030000,-0.000000,unrailed,0.030000,,
401.336000,0.030000,0.000000,unrailed,0.030000,,
401.337000,0.030000,-0.000000,unrailed,0.030000,,
401.338000,0.030000,0.000000,unrailed,0.030000,,
401.339000,0.030000,-0.000000,unrailed,0.030000,,
401.340000,0.030000,0.000000,unrailed,0.030000,,
401.341000,0.030000,-0.000000,unrailed,0.030000,,
401.342000,0.030000,0.000000,unrailed,0.030000,,
401.343000,0.030000,-0.000000,unrailed,0.030000,,
401.344000,0.030000,0.000000,unrailed,0.030000,,
401.345000,0.030000,-0.000000,unrailed,0.030000,,
401.346000,0.030000,0.000000,unrailed,0.030000,,
401.347000,0.030000,-0.000000,unrailed,0.030000,,
401.348000,0.030000,0.000000,unrailed,0.030000,,
401.349000,0.030000,-0.000000,unrailed,0.030000,,
401.350000,0.030000,0.000000,unrailed,0.030000,,
401.351000,0.030000,-0.000000,unrailed,0.030000,,
401.352000,0.030000,0.000000,unrailed,0.030000,,
401.353000,0.030000,-0.000000,unrailed,0.030000,,
401.354000,0.030000,0.000000,unrailed,0.030000,,
401.355000,0.030000,-0.000000,unrailed,0.030000,,
401.356000,0.030000,0.000000,unrailed,0.030000,,
401.357000,0.030000,-0.000000,unrailed,0.030000,,
401.358000,0.030000,0.000000,unrailed,0.030000,,
401.359000,0.030000,-0.000000,unrailed,0.030000,,
401.360000,0.030000,0.000000,unrailed,0.030000,,
401.361000,0.030000,-0.000000,unrailed,0.030000,,
401.362000,0.030000,0.000000,unrailed,0.030000,,
401.363000,0.030000,-0.000000,unrailed,0.030000,,
401.364000,0.030000,0.000000,unrailed,0.030000,,
401.365000,0.030000,-0.000000,unrailed,0.030000,,
401.366000,0.030000,0.000000,unrailed,0.030000,,
401.367000,0.030000,-0.000000,unrailed,0.030000,,
401.368000,0.030000,0.000000,unrailed,0.030000,,
401.369000,0.030000,-0.000000,unrailed,0.030000,,
401.370000,0.030000,0.000000,unrailed,0.030000,,
401.371000,0.030000,-0.000000,unrailed,0.030000,,
401.372000,0.030000,0.000000,unrailed,0.030000,,
401.373000,0.030000,-0.000000,unrailed,0.030000,,
401.374000,0.030000,0.000000,unrailed,0.030000,,
401.375000,0.030000,-0.000000,unrailed,0.030000,,
401.376000,0.030000,0.000000,unrailed,0.030000,,
401.377000,0.030000,-0.000000,unrailed,0.030000,,
401.378000,0.030000,0.000000,unrailed,0.030000,,
401.379000,0.030000,-0.000000,unrailed,0.030000,,
401.380000,0.030000,0.000000,unrailed,0.030000,,
401.381000,0.030000,-0.000000,unrailed,0.030000,,
401.382000,0.030000,0.000000,unrailed,0.030000,,
401.383000,0.030000,-0.000000,unrailed,0.030000,,
401.384000,0.030000,0.000000,unrailed,0.030000,,
401.385000,0.030000,-0.000000,unrailed,0.030000,,
401.386000,0.030000,0.000000,unrailed,0.030000,,
401.387000,0.030000,-0.000000,unrailed,0.030000,,
401.388000,0.030000,0.000000,unrailed,0.030000,,
401.389000,0.030000,-0.000000,unrailed,0.030000,,
401.390000,0.030000,0.000000,unrailed,0.030000,,
401.391000,0.030000,-0.000000,unrailed,0.030000,,
401.392000,0.030000,0.000000,unrailed,0.030000,,
401.393000,0.030000,-0.000000,unrailed,0.030000,,
401.394000,0.030000,0.000000,unrailed,0.030000,,
401.395000,0.030000,-0.000000,unrailed,0.030000,,
401.396000,0.030000,0.000000,unrailed,0.030000,,
401.397000,0.030000,-0.000000,unrailed,0.030000,,
401.398000,0.030000,0.000000,unrailed,0.030000,,
401.399000,0.030000,-0.000000,unrailed,0.030000,,
401.400000,0.030000,0.000000,unrailed,0.030000,,
401.401000,0.030000,-0.000000,unrailed,0.030000,,
401.402000,0.030000,0.000000,unrailed,0.030000,,
401.403000,0.030000,-0.000000,unrailed,0.030000,,
401.404000,0.030000,0.000000,unrailed,0.030000,,
401.405000,0.030000,-0.000000,unrailed,0.030000,,
401.406000,0.030000,0.000000,unrailed,0.030000,,
401.407000,0.030000,-0.000000,unrailed,0.030000,,
401.408000,0.030000,0.000000,unrailed,0.030000,,
401.409000,0.030000,-0.000000,unrailed,0.030000,,
401.410000,0.030000,0.000000,unrailed,0.030000,,
401.411000,0.030000,-0.000000,unrailed,0.030000,,
401.412000,0.030000,0.000000,unrailed,0.030000,,
401.413000,0.030000,-0.000000,unrailed,0.030000,,
401.414000,0.030000,0.000000,unrailed,0.030000,,
401.415000,0.030000,-0.000000,unrailed,0.030000,,
401.416000,0.030000,0.000000,unrailed,0.030000,,
401.417000,0.030000,-0.000000,unrailed,0.030000,,
401.418000,0.030000,0.000000,unrailed,0.030000,,
401.419000,0.030000,-0.000000,unrailed,0.030000,,
401.420000,0.030000,0.000000,unrailed,0.030000,,
401.421000,0.030000,-0.000000,unrailed,0.030000,,
401.422000,0.030000,0.000000,unrailed,0.030000,,
401.423000,0.030000,-0.000000,unrailed,0.030000,,
401.424000,0.030000,0.000000,unrailed,0.030000,,
401.425000,0.030000,-0.000000,unrailed,0.030000,,
401.426000,0.030000,0.000000,unrailed,0.030000,,
401.427000,0.030000,-0.000000,unrailed,0.030000,,
401.428000,0.030000,0.000000,unrailed,0.030000,,
401.429000,0.030000,-0.000000,unrailed,0.030000,,
401.430000,0.030000,0.000000,unrailed,0.030000,,
401.431000,0.030000,-0.000000,unrailed,0.030000,,
401.432000,0.030000,0.000000,unrailed,0.030000,,
401.433000,0.030000,-0.000000,unrailed,0.030000,,
401.434000,0.030000,0.000000,unrailed,0.030000,,
401.435000,0.030000,-0.000000,unrailed,0.030000,,
401.436000,0.030000,0.000000,unrailed,0.030000,,
401.437000,0.030000,-0.000000,unrailed,0.030000,,
401.438000,0.030000,0.000000,unrailed,0.030000,,
401.439000,0.030000,-0.000000,unrailed,0.030000,,
401.440000,0.030000,0.000000,unrailed,0.030000,,
401.441000,0.030000,-0.000000,unrailed,0.030000,,
401.442000,0.030000,0.000000,unrailed,0.030000,,
401.443000,0.030000,-0.000000,unrailed,0.030000,,
401.444000,0.030000,0.000000,unrailed,0.030000,,
401.445000,0.030000,-0.000000,unrailed,0.030000,,
401.446000,0.030000,0.000000,unrailed,0.030000,,
401.447000,0.030000,-0.000000,unrailed,0.030000,,
401.448000,0.030000,0.000000,unrailed,0.030000,,
401.449000,0.030000,-0.000000,unrailed,0.030000,,
401.450000,0.030000,0.000000,unrailed,0.030000,,
401.451000,0.030000,-0.000000,unrailed,0.030000,,
401.452000,0.030000,0.000000,unrailed,0.030000,,
401.453000,0.030000,-0.000000,unrailed,0.030000,,
401.454000,0.030000,0.000000,unrailed,0.030000,,
401.455000,0.030000,-0.000000,unrailed,0.030000,,
401.456000,0.030000,0.000000,unrailed,0.030000,,
401.457000,0.030000,-0.000000,unrailed,0.030000,,
401.458000,0.030000,0.000000,unrailed,0.030000,,
401.459000,0.030000,-0.000000,unrailed,0.030000,,
401.460000,0.030000,0.000000,unrailed,0.030000,,
401.461000,0.030000,-0.000000,unrailed,0.030000,,
401.462000,0.030000,0.000000,unrailed,0.030000,,
401.463000,0.030000,-0.000000,unrailed,0.030000,,
401.464000,0.030000,0.000000,unrailed,0.030000,,
401.465000,0.030000,-0.000000,unrailed,0.030000,,
401.466000,0.030000,0.000000,unrailed,0.030000,,
401.467000,0.030000,-0.000000,unrailed,0.030000,,
401.468000,0.030000,0.000000,unrailed,0.030000,,
401.469000,0.030000,-0.000000,unrailed,0.030000,,
401.470000,0.030000,0.000000,unrailed,0.030000,,
401.471000,0.030000,-0.000000,unrailed,0.030000,,
401.472000,0.030000,0.000000,unrailed,0.030000,,
401.473000,0.030000,-0.000000,unrailed,0.030000,,
401.474000,0.030000,0.000000,unrailed,0.030000,,
401.475000,0.030000,-0.000000,unrailed,0.030000,,
401.476000,0.030000,0.000000,unrailed,0.030000,,
401.477000,0.030000,-0.000000,unrailed,0.030000,,
401.478000,0.030000,0.000000,unrailed,0.030000,,
401.479000,0.030000,-0.000000,unrailed,0.030000,,
401.480000,0.030000,0.000000,unrailed,0.030000,,
401.481000,0.030000,-0.000000,unrailed,0.030000,,
401.482000,0.030000,0.000000,unrailed,0.030000,,
401.483000,0.030000,-0.000000,unrailed,0.030000,,
401.484000,0.030000,0.000000,unrailed,0.030000,,
401.485000,0.030000,-0.000000,unrailed,0.030000,,
401.486000,0.030000,0.000000,unrailed,0.030000,,
401.487000,0.030000,-0.000000,unrailed,0.030000,,
401.488000,0.030000,0.000000,unrailed,0.030000,,
401.489000,0.030000,-0.000000,unrailed,0.030000,,
401.490000,0.030000,0.000000,unrailed,0.030000,,
401.491000,0.030000,-0.000000,unrailed,0.030000,,
401.492000,0.030000,0.000000,unrailed,0.030000,,
401.493000,0.030000,-0.000000,unrailed,0.030000,,
401.494000,0.030000,0.000000,unrailed,0.030000,,
401.495000,0.030000,-0.000000,unrailed,0.030000,,
401.496000,0.030000,0.000000,unrailed,0.030000,,
401.497000,0.030000,-0.000000,unrailed,0.030000,,
401.498000,0.030000,0.000000,unrailed,0.030000,,
401.499000,0.030000,-0.000000,unrailed,0.030000,,
401.500000,0.030000,0.000000,unrailed,0.030000,,
401.501000,0.030000,-0.000000,unrailed,0.030000,,
401.502000,0.030000,0.000000,unrailed,0.030000,,
401.503000,0.030000,-0.000000,unrailed,0.030000,,
401.504000,0.030000,0.000000,unrailed,0.030000,,
401.505000,0.030000,-0.000000,unrailed,0.030000,,
401.506000,0.030000,0.000000,unrailed,0.030000,,
401.507000,0.030000,-0.000000,unrailed,0.030000,,
401.508000,0.030000,0.000000,unrailed,0.030000,,
401.509000,0.030000,-0.000000,unrailed,0.030000,,
401.510000,0.030000,0.000000,unrailed,0.030000,,
401.511000,0.030000,-0.000000,unrailed,0.030000,,
401.512000,0.030000,0.000000,unrailed,0.030000,,
401.513000,0.030000,-0.000000,unrailed,0.030000,,
401.514000,0.030000,0.000000,unrailed,0.030000,,
401.515000,0.030000,-0.000000,unrailed,0.030000,,
401.516000,0.030000,0.000000,unrailed,0.030000,,
401.517000,0.030000,-0.000000,unrailed,0.030000,,
401.518000,0.030000,0.000000,unrailed,0.030000,,
401.519000,0.030000,-0.000000,unrailed,0.030000,,
401.520000,0.030000,0.000000,unrailed,0.030000,,
401.521000,0.030000,-0.000000,unrailed,0.030000,,
401.522000,0.030000,0.000000,unrailed,0.030000,,
401.523000,0.030000,-0.000000,unrailed,0.030000,,
401.524000,0.030000,0.000000,unrailed,0.030000,,
401.525000,0.030000,-0.000000,unrailed,0.030000,,
401.526000,0.030000,0.000000,unrailed,0.030000,,
401.527000,0.030000,-0.000000,unrailed,0.030000,,
401.528000,0.030000,0.000000,unrailed,0.030000,,
401.529000,0.030000,-0.000000,unrailed,0.030000,,
401.530000,0.030000,0.000000,unrailed,0.030000,,
401.531000,0.030000,-0.000000,unrailed,0.030000,,
401.532000,0.030000,0.000000,unrailed,0.030000,,
401.533000,0.030000,-0.000000,unrailed,0.030000,,
401.534000,0.030000,0.000000,unrailed,0.030000,,
401.535000,0.030000,-0.000000,unrailed,0.030000,,
401.536000,0.030000,0.000000,unrailed,0.030000,,
401.537000,0.030000,-0.000000,unrailed,0.030000,,
401.538000,0.030000,0.000000,unrailed,0.030000,,
401.539000,0.030000,-0.000000,unrailed,0.030000,,
401.540000,0.030000,0.000000,unrailed,0.030000,,
401.541000,0.030000,-0.000000,unrailed,0.030000,,
401.542000,0.030000,0.000000,unrailed,0.030000,,
401.543000,0.030000,-0.000000,unrailed,0.030000,,
401.544000,0.030000,0.000000,unrailed,0.030000,,
401.545000,0.030000,-0.000000,unrailed,0.030000,,
401.546000,0.030000,0.000000,unrailed,0.030000,,
401.547000,0.030000,-0.000000,unrailed,0.030000,,
401.548000,0.030000,0.000000,unrailed,0.030000,,
401.549000,0.030000,-0.000000,unrailed,0.030000,,
401.550000,0.030000,0.000000,unrailed,0.030000,,
401.551000,0.030000,-0.000000,unrailed,0.030000,,
401.552000,0.030000,0.000000,unrailed,0.030000,,
401.553000,0.030000,-0.000000,unrailed,0.030000,,
401.554000,0.030000,0.000000,unrailed,0.030000,,
401.555000,0.030000,-0.000000,unrailed,0.030000,,
401.556000,0.030000,0.000000,unrailed,0.030000,,
401.557000,0.030000,-0.000000,unrailed,0.030000,,
401.558000,0.030000,0.000000,unrailed,0.030000,,
401.559000,0.030000,-0.000000,unrailed,0.030000,,
401.560000,0.030000,0.000000,unrailed,0.030000,,
401.561000,0.030000,-0.000000,unrailed,0.030000,,
401.562000,0.030000,0.000000,unrailed,0.030000,,
401.563000,0.030000,-0.000000,unrailed,0.030000,,
401.564000,0.030000,0.000000,unrailed,0.030000,,
401.565000,0.030000,-0.000000,unrailed,0.030000,,
401.566000,0.030000,0.000000,unrailed,0.030000,,
401.567000,0.030000,-0.000000,unrailed,0.030000,,
401.568000,0.030000,0.000000,unrailed,0.030000,,
401.569000,0.030000,-0.000000,unrailed,0.030000,,
401.570000,0.030000,0.000000,unrailed,0.030000,,
401.571000,0.030000,-0.000000,unrailed,0.030000,,
401.572000,0.030000,0.000000,unrailed,0.030000,,
401.573000,0.030000,-0.000000,unrailed,0.030000,,
401.574000,0.030000,0.000000,unrailed,0.030000,,
401.575000,0.030000,-0.000000,unrailed,0.030000,,
401.576000,0.030000,0.000000,unrailed,0.030000,,
401.577000,0.030000,-0.000000,unrailed,0.030000,,
401.578000,0.030000,0.000000,unrailed,0.030000,,
401.579000,0.030000,-0.000000,unrailed,0.030000,,
401.580000,0.030000,0.000000,unrailed,0.030000,,
401.581000,0.030000,-0.000000,unrailed,0.030000,,
401.582000,0.030000,0.000000,unrailed,0.030000,,
401.583000,0.030000,-0.000000,unrailed,0.030000,,
401.584000,0.030000,0.000000,unrailed,0.030000,,
401.585000,0.030000,-0.000000,unrailed,0.030000,,
401.586000,0.030000,0.000000,unrailed,0.030000,,
401.587000,0.030000,-0.000000,unrailed,0.030000,,
401.588000,0.030000,0.000000,unrailed,0.030000,,
401.589000,0.030000,-0.000000,unrailed,0.030000,,
401.590000,0.030000,0.000000,unrailed,0.030000,,
401.591000,0.030000,-0.000000,unrailed,0.030000,,
401.592000,0.030000,0.000000,unrailed,0.030000,,
401.593000,0.030000,-0.000000,unrailed,0.030000,,
401.594000,0.030000,0.000000,unrailed,0.030000,,
401.595000,0.030000,-0.000000,unrailed,0.030000,,
401.596000,0.030000,0.000000,unrailed,0.030000,,
401.597000,0.030000,-0.000000,unrailed,0.030000,,
401.598000,0.030000,0.000000,unrailed,0.030000,,
401.599000,0.030000,-0.000000,unrailed,0.030000,,
401.600000,0.030000,0.000000,unrailed,0.030000,,
401.601000,0.030000,-0.000000,unrailed,0.030000,,
401.602000,0.030000,0.000000,unrailed,0.030000,,
401.603000,0.030000,-0.000000,unrailed,0.030000,,
401.604000,0.030000,0.000000,unrailed,0.030000,,
401.605000,0.030000,-0.000000,unrailed,0.030000,,
401.606000,0.030000,0.000000,unrailed,0.030000,,
401.607000,0.030000,-0.000000,unrailed,0.030000,,
401.608000,0.030000,0.000000,unrailed,0.030000,,
401.609000,0.030000,-0.000000,unrailed,0.030000,,
401.610000,0.030000,0.000000,unrailed,0.030000,,
401.611000,0.030000,-0.000000,unrailed,0.030000,,
401.612000,0.030000,0.000000,unrailed,0.030000,,
401.613000,0.030000,-0.000000,unrailed,0.030000,,
401.614000,0.030000,0.000000,unrailed,0.030000,,
401.615000,0.030000,-0.000000,unrailed,0.030000,,
401.616000,0.030000,0.000000,unrailed,0.030000,,
401.617000,0.030000,-0.000000,unrailed,0.030000,,
401.618000,0.030000,0.000000,unrailed,0.030000,,
401.619000,0.030000,-0.000000,unrailed,0.030000,,
401.620000,0.030000,0.000000,unrailed,0.030000,,
401.621000,0.030000,-0.000000,unrailed,0.030000,,
401.622000,0.030000,0.000000,unrailed,0.030000,,
401.623000,0.030000,-0.000000,unrailed,0.030000,,
401.624000,0.030000,0.000000,unrailed,0.030000,,
401.625000,0.030000,-0.000000,unrailed,0.030000,,
401.626000,0.030000,0.000000,unrailed,0.030000,,
401.627000,0.030000,-0.000000,unrailed,0.030000,,
401.628000,0.030000,0.000000,unrailed,0.030000,,
401.629000,0.030000,-0.000000,unrailed,0.030000,,
401.630000,0.030000,0.000000,unrailed,0.030000,,
401.631000,0.030000,-0.000000,unrailed,0.030000,,
401.632000,0.030000,0.000000,unrailed,0.030000,,
401.633000,0.030000,-0.000000,unrailed,0.030000,,
401.634000,0.030000,0.000000,unrailed,0.030000,,
401.635000,0.030000,-0.000000,unrailed,0.030000,,
401.636000,0.030000,0.000000,unrailed,0.030000,,
401.637000,0.030000,-0.000000,unrailed,0.030000,,
401.638000,0.030000,0.000000,unrailed,0.030000,,
401.639000,0.030000,-0.000000,unrailed,0.030000,,
401.640000,0.030000,0.000000,unrailed,0.030000,,
401.641000,0.030000,-0.000000,unrailed,0.030000,,
401.642000,0.030000,0.000000,unrailed,0.030000,,
401.643000,0.030000,-0.000000,unrailed,0.030000,,
401.644000,0.030000,0.000000,unrailed,0.030000,,
401.645000,0.030000,-0.000000,unrailed,0.030000,,
401.646000,0.030000,0.000000,unrailed,0.030000,,
401.647000,0.030000,-0.000000,unrailed,0.030000,,
401.648000,0.030000,0.000000,unrailed,0.030000,,
401.649000,0.030000,-0.000000,unrailed,0.030000,,
401.650000,0.030000,0.000000,unrailed,0.030000,,
401.651000,0.030000,-0.000000,unrailed,0.030000,,
401.652000,0.030000,0.000000,unrailed,0.030000,,
401.653000,0.030000,-0.000000,unrailed,0.030000,,
401.654000,0.030000,0.000000,unrailed,0.030000,,
401.655000,0.030000,-0.000000,unrailed,0.030000,,
401.656000,0.030000,0.000000,unrailed,0.030000,,
401.657000,0.030000,-0.000000,unrailed,0.030000,,
401.658000,0.030000,0.000000,unrailed,0.030000,,
401.659000,0.030000,-0.000000,unrailed,0.030000,,
401.660000,0.030000,0.000000,unrailed,0.030000,,
401.661000,0.030000,-0.000000,unrailed,0.030000,,
401.662000,0.030000,0.000000,unrailed,0.030000,,
401.663000,0.030000,-0.000000,unrailed,0.030000,,
401.664000,0.030000,0.000000,unrailed,0.030000,,
401.665000,0.030000,-0.000000,unrailed,0.030000,,
401.666000,0.030000,0.000000,unrailed,0.030000,,
401.667000,0.030000,-0.000000,unrailed,0.030000,,
401.668000,0.030000,0.000000,unrailed,0.030000,,
401.669000,0.030000,-0.000000,unrailed,0.030000,,
401.670000,0.030000,0.000000,unrailed,0.030000,,
401.671000,0.030000,-0.000000,unrailed,0.030000,,
401.672000,0.030000,0.000000,unrailed,0.030000,,
401.673000,0.030000,-0.000000,unrailed,0.030000,,
401.674000,0.030000,0.000000,unrailed,0.030000,,
401.675000,0.030000,-0.000000,unrailed,0.030000,,
401.676000,0.030000,0.000000,unrailed,0.030000,,
401.677000,0.030000,-0.000000,unrailed,0.030000,,
401.678000,0.030000,0.000000,unrailed,0.030000,,
401.679000,0.030000,-0.000000,unrailed,0.030000,,
401.680000,0.030000,0.000000,unrailed,0.030000,,
401.681000,0.030000,-0.000000,unrailed,0.030000,,
401.682000,0.030000,0.000000,unrailed,0.030000,,
401.683000,0.030000,-0.000000,unrailed,0.030000,,
401.684000,0.030000,0.000000,unrailed,0.030000,,
401.685000,0.030000,-0.000000,unrailed,0.030000,,
401.686000,0.030000,0.000000,unrailed,0.030000,,
401.687000,0.030000,-0.000000,unrailed,0.030000,,
401.688000,0.030000,0.000000,unrailed,0.030000,,
401.689000,0.030000,-0.000000,unrailed,0.030000,,
401.690000,0.030000,0.000000,unrailed,0.030000,,
401.691000,0.030000,-0.000000,unrailed,0.030000,,
401.692000,0.030000,0.000000,unrailed,0.030000,,
401.693000,0.030000,-0.000000,unrailed,0.030000,,
401.694000,0.030000,0.000000,unrailed,0.030000,,
401.695000,0.030000,-0.000000,unrailed,0.030000,,
401.696000,0.030000,0.000000,unrailed,0.030000,,
401.697000,0.030000,-0.000000,unrailed,0.030000,,
401.698000,0.030000,0.000000,unrailed,0.030000,,
401.699000,0.030000,-0.000000,unrailed,0.030000,,
401.700000,0.030000,0.000000,unrailed,0.030000,,
401.701000,0.030000,-0.000000,unrailed,0.030000,,
401.702000,0.030000,0.000000,unrailed,0.030000,,
401.703000,0.030000,-0.000000,unrailed,0.030000,,
401.704000,0.030000,0.000000,unrailed,0.030000,,
401.705000,0.030000,-0.000000,unrailed,0.030000,,
401.706000,0.030000,0.000000,unrailed,0.030000,,
401.707000,0.030000,-0.000000,unrailed,0.030000,,
401.708000,0.030000,0.000000,unrailed,0.030000,,
401.709000,0.030000,-0.000000,unrailed,0.030000,,
401.710000,0.030000,0.000000,unrailed,0.030000,,
401.711000,0.030000,-0.000000,unrailed,0.030000,,
401.712000,0.030000,0.000000,unrailed,0.030000,,
401.713000,0.030000,-0.000000,unrailed,0.030000,,
401.714000,0.030000,0.000000,unrailed,0.030000,,
401.715000,0.030000,-0.000000,unrailed,0.030000,,
401.716000,0.030000,0.000000,unrailed,0.030000,,
401.717000,0.030000,-0.000000,unrailed,0.030000,,
401.718000,0.030000,0.000000,unrailed,0.030000,,
401.719000,0.030000,-0.000000,unrailed,0.030000,,
401.720000,0.030000,0.000000,unrailed,0.030000,,
401.721000,0.030000,-0.000000,unrailed,0.030000,,
401.722000,0.030000,0.000000,unrailed,0.030000,,
401.723000,0.030000,-0.000000,unrailed,0.030000,,
401.724000,0.030000,0.000000,unrailed,0.030000,,
401.725000,0.030000,-0.000000,unrailed,0.030000,,
401.726000,0.030000,0.000000,unrailed,0.030000,,
401.727000,0.030000,-0.000000,unrailed,0.030000,,
401.728000,0.030000,0.000000,unrailed,0.030000,,
401.729000,0.030000,-0.000000,unrailed,0.030000,,
401.730000,0.030000,0.000000,unrailed,0.030000,,
401.731000,0.030000,-0.000000,unrailed,0.030000,,
401.732000,0.030000,0.000000,unrailed,0.030000,,
401.733000,0.030000,-0.000000,unrailed,0.030000,,
401.734000,0.030000,0.000000,unrailed,0.030000,,
401.735000,0.030000,-0.000000,unrailed,0.030000,,
401.736000,0.030000,0.000000,unrailed,0.030000,,
401.737000,0.030000,-0.000000,unrailed,0.030000,,
401.738000,0.030000,0.000000,unrailed,0.030000,,
401.739000,0.030000,-0.000000,unrailed,0.030000,,
401.740000,0.030000,0.000000,unrailed,0.030000,,
401.741000,0.030000,-0.000000,unrailed,0.030000,,
401.742000,0.030000,0.000000,unrailed,0.030000,,
401.743000,0.030000,-0.000000,unrailed,0.030000,,
401.744000,0.030000,0.000000,unrailed,0.030000,,
401.745000,0.030000,-0.000000,unrailed,0.030000,,
401.746000,0.030000,0.000000,unrailed,0.030000,,
401.747000,0.030000,-0.000000,unrailed,0.030000,,
401.748000,0.030000,0.000000,unrailed,0.030000,,
401.749000,0.030000,-0.000000,unrailed,0.030000,,
401.750000,0.030000,0.000000,unrailed,0.030000,,
401.751000,0.030000,-0.000000,unrailed,0.030000,,
401.752000,0.030000,0.000000,unrailed,0.030000,,
401.753000,0.030000,-0.000000,unrailed,0.030000,,
401.754000,0.030000,0.000000,unrailed,0.030000,,
401.755000,0.030000,-0.000000,unrailed,0.030000,,
401.756000,0.030000,0.000000,unrailed,0.030000,,
401.757000,0.030000,-0.000000,unrailed,0.030000,,
401.758000,0.030000,0.000000,unrailed,0.030000,,
401.759000,0.030000,-0.000000,unrailed,0.030000,,
401.760000,0.030000,0.000000,unrailed,0.030000,,
401.761000,0.030000,-0.000000,unrailed,0.030000,,
401.762000,0.030000,0.000000,unrailed,0.030000,,
401.763000,0.030000,-0.000000,unrailed,0.030000,,
401.764000,0.030000,0.000000,unrailed,0.030000,,
401.765000,0.030000,-0.000000,unrailed,0.030000,,
401.766000,0.030000,0.000000,unrailed,0.030000,,
401.767000,0.030000,-0.000000,unrailed,0.030000,,
401.768000,0.030000,0.000000,unrailed,0.030000,,
401.769000,0.030000,-0.000000,unrailed,0.030000,,
401.770000,0.030000,0.000000,unrailed,0.030000,,
401.771000,0.030000,-0.000000,unrailed,0.030000,,
401.772000,0.030000,0.000000,unrailed,0.030000,,
401.773000,0.030000,-0.000000,unrailed,0.030000,,
401.774000,0.030000,0.000000,unrailed,0.030000,,
401.775000,0.030000,-0.000000,unrailed,0.030000,,
401.776000,0.030000,0.000000,unrailed,0.030000,,
401.777000,0.030000,-0.000000,unrailed,0.030000,,
401.778000,0.030000,0.000000,unrailed,0.030000,,
401.779000,0.030000,-0.000000,unrailed,0.030000,,
401.780000,0.030000,0.000000,unrailed,0.030000,,
401.781000,0.030000,-0.000000,unrailed,0.030000,,
401.782000,0.030000,0.000000,unrailed,0.030000,,
401.783000,0.030000,-0.000000,unrailed,0.030000,,
401.784000,0.030000,0.000000,unrailed,0.030000,,
401.785000,0.030000,-0.000000,unrailed,0.030000,,
401.786000,0.030000,0.000000,unrailed,0.030000,,
401.787000,0.030000,-0.000000,unrailed,0.030000,,
401.788000,0.030000,0.000000,unrailed,0.030000,,
401.789000,0.030000,-0.000000,unrailed,0.030000,,
401.790000,0.030000,0.000000,unrailed,0.030000,,
401.791000,0.030000,-0.000000,unrailed,0.030000,,
401.792000,0.030000,0.000000,unrailed,0.030000,,
401.793000,0.030000,-0.000000,unrailed,0.030000,,
401.794000,0.030000,0.000000,unrailed,0.030000,,
401.795000,0.030000,-0.000000,unrailed,0.030000,,
401.796000,0.030000,0.000000,unrailed,0.030000,,
401.797000,0.030000,-0.000000,unrailed,0.030000,,
401.798000,0.030000,0.000000,unrailed,0.030000,,
401.799000,0.030000,-0.000000,unrailed,0.030000,,
401.800000,0.030000,0.000000,unrailed,0.030000,,
401.801000,0.030000,-0.000000,unrailed,0.030000,,
401.802000,0.030000,0.000000,unrailed,0.030000,,
401.803000,0.030000,-0.000000,unrailed,0.030000,,
401.804000,0.030000,0.000000,unrailed,0.030000,,
401.805000,0.030000,-0.000000,unrailed,0.030000,,
401.806000,0.030000,0.000000,unrailed,0.030000,,
401.807000,0.030000,-0.000000,unrailed,0.030000,,
401.808000,0.030000,0.000000,unrailed,0.030000,,
401.809000,0.030000,-0.000000,unrailed,0.030000,,
401.810000,0.030000,0.000000,unrailed,0.030000,,
401.811000,0.030000,-0.000000,unrailed,0.030000,,
401.812000,0.030000,0.000000,unrailed,0.030000,,
401.813000,0.030000,-0.000000,unrailed,0.030000,,
401.814000,0.030000,0.000000,unrailed,0.030000,,
401.815000,0.030000,-0.000000,unrailed,0.030000,,
401.816000,0.030000,0.000000,unrailed,0.030000,,
401.817000,0.030000,-0.000000,unrailed,0.030000,,
401.818000,0.030000,0.000000,unrailed,0.030000,,
401.819000,0.030000,-0.000000,unrailed,0.030000,,
401.820000,0.030000,0.000000,unrailed,0.030000,,
401.821000,0.030000,-0.000000,unrailed,0.030000,,
401.822000,0.030000,0.000000,unrailed,0.030000,,
401.823000,0.030000,-0.000000,unrailed,0.030000,,
401.824000,0.030000,0.000000,unrailed,0.030000,,
401.825000,0.030000,-0.000000,unrailed,0.030000,,
401.826000,0.030000,0.000000,unrailed,0.030000,,
401.827000,0.030000,-0.000000,unrailed,0.030000,,
401.828000,0.030000,0.000000,unrailed,0.030000,,
401.829000,0.030000,-0.000000,unrailed,0.030000,,
401.830000,0.030000,0.000000,unrailed,0.030000,,
401.831000,0.030000,-0.000000,unrailed,0.030000,,
401.832000,0.030000,0.000000,unrailed,0.030000,,
401.833000,0.030000,-0.000000,unrailed,0.030000,,
401.834000,0.030000,0.000000,unrailed,0.030000,,
401.835000,0.030000,-0.000000,unrailed,0.030000,,
401.836000,0.030000,0.000000,unrailed,0.030000,,
401.837000,0.030000,-0.000000,unrailed,0.030000,,
401.838000,0.030000,0.000000,unrailed,0.030000,,
401.839000,0.030000,-0.000000,unrailed,0.030000,,
401.840000,0.030000,0.000000,unrailed,0.030000,,
401.841000,0.030000,-0.000000,unrailed,0.030000,,
401.842000,0.030000,0.000000,unrailed,0.030000,,
401.843000,0.030000,-0.000000,unrailed,0.030000,,
401.844000,0.030000,0.000000,unrailed,0.030000,,
401.845000,0.030000,-0.000000,unrailed,0.030000,,
401.846000,0.030000,0.000000,unrailed,0.030000,,
401.847000,0.030000,-0.000000,unrailed,0.030000,,
401.848000,0.030000,0.000000,unrailed,0.030000,,
401.849000,0.030000,-0.000000,unrailed,0.030000,,
401.850000,0.030000,0.000000,unrailed,0.030000,,
401.851000,0.030000,-0.000000,unrailed,0.030000,,
401.852000,0.030000,0.000000,unrailed,0.030000,,
401.853000,0.030000,-0.000000,unrailed,0.030000,,
401.854000,0.030000,0.000000,unrailed,0.030000,,
401.855000,0.030000,-0.000000,unrailed,0.030000,,
401.856000,0.030000,0.000000,unrailed,0.030000,,
401.857000,0.030000,-0.000000,unrailed,0.030000,,
401.858000,0.030000,0.000000,unrailed,0.030000,,
401.859000,0.030000,-0.000000,unrailed,0.030000,,
401.860000,0.030000,0.000000,unrailed,0.030000,,
401.861000,0.030000,-0.000000,unrailed,0.030000,,
401.862000,0.030000,0.000000,unrailed,0.030000,,
401.863000,0.030000,-0.000000,unrailed,0.030000,,
401.864000,0.030000,0.000000,unrailed,0.030000,,
401.865000,0.030000,-0.000000,unrailed,0.030000,,
401.866000,0.030000,0.000000,unrailed,0.030000,,
401.867000,0.030000,-0.000000,unrailed,0.030000,,
401.868000,0.030000,0.000000,unrailed,0.030000,,
401.869000,0.030000,-0.000000,unrailed,0.030000,,
401.870000,0.030000,0.000000,unrailed,0.030000,,
401.871000,0.030000,-0.000000,unrailed,0.030000,,
401.872000,0.030000,0.000000,unrailed,0.030000,,
401.873000,0.030000,-0.000000,unrailed,0.030000,,
401.874000,0.030000,0.000000,unrailed,0.030000,,
401.875000,0.030000,-0.000000,unrailed,0.030000,,
401.876000,0.030000,0.000000,unrailed,0.030000,,
401.877000,0.030000,-0.000000,unrailed,0.030000,,
401.878000,0.030000,0.000000,unrailed,0.030000,,
401.879000,0.030000,-0.000000,unrailed,0.030000,,
401.880000,0.030000,0.000000,unrailed,0.030000,,
401.881000,0.030000,-0.000000,unrailed,0.030000,,
401.882000,0.030000,0.000000,unrailed,0.030000,,
401.883000,0.030000,-0.000000,unrailed,0.030000,,
401.884000,0.030000,0.000000,unrailed,0.030000,,
401.885000,0.030000,-0.000000,unrailed,0.030000,,
401.886000,0.030000,0.000000,unrailed,0.030000,,
401.887000,0.030000,-0.000000,unrailed,0.030000,,
401.888000,0.030000,0.000000,unrailed,0.030000,,
401.889000,0.030000,-0.000000,unrailed,0.030000,,
401.890000,0.030000,0.000000,unrailed,0.030000,,
401.891000,0.030000,-0.000000,unrailed,0.030000,,
401.892000,0.030000,0.000000,unrailed,0.030000,,
401.893000,0.030000,-0.000000,unrailed,0.030000,,
401.894000,0.030000,0.000000,unrailed,0.030000,,
401.895000,0.030000,-0.000000,unrailed,0.030000,,
401.896000,0.030000,0.000000,unrailed,0.030000,,
401.897000,0.030000,-0.000000,unrailed,0.030000,,
401.898000,0.030000,0.000000,unrailed,0.030000,,
401.899000,0.030000,-0.000000,unrailed,0.030000,,
401.900000,0.030000,0.000000,unrailed,0.030000,,
401.901000,0.030000,-0.000000,unrailed,0.030000,,
401.902000,0.030000,0.000000,unrailed,0.030000,,
401.903000,0.030000,-0.000000,unrailed,0.030000,,
401.904000,0.030000,0.000000,unrailed,0.030000,,
401.905000,0.030000,-0.000000,unrailed,0.030000,,
401.906000,0.030000,0.000000,unrailed,0.030000,,
401.907000,0.030000,-0.000000,unrailed,0.030000,,
401.908000,0.030000,0.000000,unrailed,0.030000,,
401.909000,0.030000,-0.000000,unrailed,0.030000,,
401.910000,0.030000,0.000000,unrailed,0.030000,,
401.911000,0.030000,-0.000000,unrailed,0.030000,,
401.912000,0.030000,0.000000,unrailed,0.030000,,
401.913000,0.030000,-0.000000,unrailed,0.030000,,
401.914000,0.030000,0.000000,unrailed,0.030000,,
401.915000,0.030000,-0.000000,unrailed,0.030000,,
401.916000,0.030000,0.000000,unrailed,0.030000,,
401.917000,0.030000,-0.000000,unrailed,0.030000,,
401.918000,0.030000,0.000000,unrailed,0.030000,,
401.919000,0.030000,-0.000000,unrailed,0.030000,,
401.920000,0.030000,0.000000,unrailed,0.030000,,
401.921000,0.030000,-0.000000,unrailed,0.030000,,
401.922000,0.030000,0.000000,unrailed,0.030000,,
401.923000,0.030000,-0.000000,unrailed,0.030000,,
401.924000,0.030000,0.000000,unrailed,0.030000,,
401.925000,0.030000,-0.000000,unrailed,0.030000,,
401.926000,0.030000,0.000000,unrailed,0.030000,,
401.927000,0.030000,-0.000000,unrailed,0.030000,,
401.928000,0.030000,0.000000,unrailed,0.030000,,
401.929000,0.030000,-0.000000,unrailed,0.030000,,
401.930000,0.030000,0.000000,unrailed,0.030000,,
401.931000,0.030000,-0.000000,unrailed,0.030000,,
401.932000,0.030000,0.000000,unrailed,0.030000,,
401.933000,0.030000,-0.000000,unrailed,0.030000,,
401.934000,0.030000,0.000000,unrailed,0.030000,,
401.935000,0.030000,-0.000000,unrailed,0.030000,,
401.936000,0.030000,0.000000,unrailed,0.030000,,
401.937000,0.030000,-0.000000,unrailed,0.030000,,
401.938000,0.030000,0.000000,unrailed,0.030000,,
401.939000,0.030000,-0.000000,unrailed,0.030000,,
401.940000,0.030000,0.000000,unrailed,0.030000,,
401.941000,0.030000,-0.000000,unrailed,0.030000,,
401.942000,0.030000,0.000000,unrailed,0.030000,,
401.943000,0.030000,-0.000000,unrailed,0.030000,,
401.944000,0.030000,0.000000,unrailed,0.030000,,
401.945000,0.030000,-0.000000,unrailed,0.030000,,
401.946000,0.030000,0.000000,unrailed,0.030000,,
401.947000,0.030000,-0.000000,unrailed,0.030000,,
401.948000,0.030000,0.000000,unrailed,0.030000,,
401.949000,0.030000,-0.000000,unrailed,0.030000,,
401.950000,0.030000,0.000000,unrailed,0.030000,,
401.951000,0.030000,-0.000000,unrailed,0.030000,,
401.952000,0.030000,0.000000,unrailed,0.030000,,
401.953000,0.030000,-0.000000,unrailed,0.030000,,
401.954000,0.030000,0.000000,unrailed,0.030000,,
401.955000,0.030000,-0.000000,unrailed,0.030000,,
401.956000,0.030000,0.000000,unrailed,0.030000,,
401.957000,0.030000,-0.000000,unrailed,0.030000,,
401.958000,0.030000,0.000000,unrailed,0.030000,,
401.959000,0.030000,-0.000000,unrailed,0.030000,,
401.960000,0.030000,0.000000,unrailed,0.030000,,
401.961000,0.030000,-0.000000,unrailed,0.030000,,
401.962000,0.030000,0.000000,unrailed,0.030000,,
401.963000,0.030000,-0.000000,unrailed,0.030000,,
401.964000,0.030000,0.000000,unrailed,0.030000,,
401.965000,0.030000,-0.000000,unrailed,0.030000,,
401.966000,0.030000,0.000000,unrailed,0.030000,,
401.967000,0.030000,-0.000000,unrailed,0.030000,,
401.968000,0.030000,0.000000,unrailed,0.030000,,
401.969000,0.030000,-0.000000,unrailed,0.030000,,
401.970000,0.030000,0.000000,unrailed,0.030000,,
401.971000,0.030000,-0.000000,unrailed,0.030000,,
401.972000,0.030000,0.000000,unrailed,0.030000,,
401.973000,0.030000,-0.000000,unrailed,0.030000,,
401.974000,0.030000,0.000000,unrailed,0.030000,,
401.975000,0.030000,-0.000000,unrailed,0.030000,,
401.976000,0.030000,0.000000,unrailed,0.030000,,
401.977000,0.030000,-0.000000,unrailed,0.030000,,
401.978000,0.030000,0.000000,unrailed,0.030000,,
401.979000,0.030000,-0.000000,unrailed,0.030000,,
401.980000,0.030000,0.000000,unrailed,0.030000,,
401.981000,0.030000,-0.000000,unrailed,0.030000,,
401.982000,0.030000,0.000000,unrailed,0.030000,,
401.983000,0.030000,-0.000000,unrailed,0.030000,,
401.984000,0.030000,0.000000,unrailed,0.030000,,
401.985000,0.030000,-0.000000,unrailed,0.030000,,
401.986000,0.030000,0.000000,unrailed,0.030000,,
401.987000,0.030000,-0.000000,unrailed,0.030000,,
401.988000,0.030000,0.000000,unrailed,0.030000,,
401.989000,0.030000,-0.000000,unrailed,0.030000,,
401.990000,0.030000,0.000000,unrailed,0.030000,,
401.991000,0.030000,-0.000000,unrailed,0.030000,,
401.992000,0.030000,0.000000,unrailed,0.030000,,
401.993000,0.030000,-0.000000,unrailed,0.030000,,
401.994000,0.030000,0.000000,unrailed,0.030000,,
401.995000,0.030000,-0.000000,unrailed,0.030000,,
401.996000,0.030000,0.000000,unrailed,0.030000,,
401.997000,0.030000,-0.000000,unrailed,0.030000,,
401.998000,0.030000,0.000000,unrailed,0.030000,,
401.999000,0.030000,-0.000000,unrailed,0.030000,,
402.000000,0.030000,0.000000,unrailed,0.030000,,
402.001000,0.030000,-0.000000,unrailed,0.030000,,
402.002000,0.030000,0.000000,unrailed,0.030000,,
402.003000,0.030000,-0.000000,unrailed,0.030000,,
402.004000,0.030000,0.000000,unrailed,0.030000,,
402.005000,0.030000,-0.000000,unrailed,0.030000,,
402.006000,0.030000,0.000000,unrailed,0.030000,,
402.007000,0.030000,-0.000000,unrailed,0.030000,,
402.008000,0.030000,0.000000,unrailed,0.030000,,
402.009000,0.030000,-0.000000,unrailed,0.030000,,
402.010000,0.030000,0.000000,unrailed,0.030000,,
402.011000,0.030000,-0.000000,unrailed,0.030000,,
402.012000,0.030000,0.000000,unrailed,0.030000,,
402.013000,0.030000,-0.000000,unrailed,0.030000,,
402.014000,0.030000,0.000000,unrailed,0.030000,,
402.015000,0.030000,-0.000000,unrailed,0.030000,,
402.016000,0.030000,0.000000,unrailed,0.030000,,
402.017000,0.030000,-0.000000,unrailed,0.030000,,
402.018000,0.030000,0.000000,unrailed,0.030000,,
402.019000,0.030000,-0.000000,unrailed,0.030000,,
402.020000,0.030000,0.000000,unrailed,0.030000,,
402.021000,0.030000,-0.000000,unrailed,0.030000,,
402.022000,0.030000,0.000000,unrailed,0.030000,,
402.023000,0.030000,-0.000000,unrailed,0.030000,,
402.024000,0.030000,0.000000,unrailed,0.030000,,
402.025000,0.030000,-0.000000,unrailed,0.030000,,
402.026000,0.030000,0.000000,unrailed,0.030000,,
402.027000,0.030000,-0.000000,unrailed,0.030000,,
402.028000,0.030000,0.000000,unrailed,0.030000,,
402.029000,0.030000,-0.000000,unrailed,0.030000,,
402.030000,0.030000,0.000000,unrailed,0.030000,,
402.031000,0.030000,-0.000000,unrailed,0.030000,,
402.032000,0.030000,0.000000,unrailed,0.030000,,
402.033000,0.030000,-0.000000,unrailed,0.030000,,
402.034000,0.030000,0.000000,unrailed,0.030000,,
402.035000,0.030000,-0.000000,unrailed,0.030000,,
402.036000,0.030000,0.000000,unrailed,0.030000,,
402.037000,0.030000,-0.000000,unrailed,0.030000,,
402.038000,0.030000,0.000000,unrailed,0.030000,,
402.039000,0.030000,-0.000000,unrailed,0.030000,,
402.040000,0.030000,0.000000,unrailed,0.030000,,
402.041000,0.030000,-0.000000,unrailed,0.030000,,
402.042000,0.030000,0.000000,unrailed,0.030000,,
402.043000,0.030000,-0.000000,unrailed,0.030000,,
402.044000,0.030000,0.000000,unrailed,0.030000,,
402.045000,0.030000,-0.000000,unrailed,0.030000,,
402.046000,0.030000,0.000000,unrailed,0.030000,,
402.047000,0.030000,-0.000000,unrailed,0.030000,,
402.048000,0.030000,0.000000,unrailed,0.030000,,
402.049000,0.030000,-0.000000,unrailed,0.030000,,
402.050000,0.030000,0.000000,unrailed,0.030000,,
402.051000,0.030000,-0.000000,unrailed,0.030000,,
402.052000,0.030000,0.000000,unrailed,0.030000,,
402.053000,0.030000,-0.000000,unrailed,0.030000,,
402.054000,0.030000,0.000000,unrailed,0.030000,,
402.055000,0.030000,-0.000000,unrailed,0.030000,,
402.056000,0.030000,0.000000,unrailed,0.030000,,
402.057000,0.030000,-0.000000,unrailed,0.030000,,
402.058000,0.030000,0.000000,unrailed,0.030000,,
402.059000,0.030000,-0.000000,unrailed,0.030000,,
402.060000,0.030000,0.000000,unrailed,0.030000,,
402.061000,0.030000,-0.000000,unrailed,0.030000,,
402.062000,0.030000,0.000000,unrailed,0.030000,,
402.063000,0.030000,-0.000000,unrailed,0.030000,,
402.064000,0.030000,0.000000,unrailed,0.030000,,
402.065000,0.030000,-0.000000,unrailed,0.030000,,
402.066000,0.030000,0.000000,unrailed,0.030000,,
402.067000,0.030000,-0.000000,unrailed,0.030000,,
402.068000,0.030000,0.000000,unrailed,0.030000,,
402.069000,0.030000,-0.000000,unrailed,0.030000,,
402.070000,0.030000,0.000000,unrailed,0.030000,,
402.071000,0.030000,-0.000000,unrailed,0.030000,,
402.072000,0.030000,0.000000,unrailed,0.030000,,
402.073000,0.030000,-0.000000,unrailed,0.030000,,
402.074000,0.030000,0.000000,unrailed,0.030000,,
402.075000,0.030000,-0.000000,unrailed,0.030000,,
402.076000,0.030000,0.000000,unrailed,0.030000,,
402.077000,0.030000,-0.000000,unrailed,0.030000,,
402.078000,0.030000,0.000000,unrailed,0.030000,,
402.079000,0.030000,-0.000000,unrailed,0.030000,,
402.080000,0.030000,0.000000,unrailed,0.030000,,
402.081000,0.030000,-0.000000,unrailed,0.030000,,
402.082000,0.030000,0.000000,unrailed,0.030000,,
402.083000,0.030000,-0.000000,unrailed,0.030000,,
402.084000,0.030000,0.000000,unrailed,0.030000,,
402.085000,0.030000,-0.000000,unrailed,0.030000,,
402.086000,0.030000,0.000000,unrailed,0.030000,,
402.087000,0.030000,-0.000000,unrailed,0.030000,,
402.088000,0.030000,0.000000,unrailed,0.030000,,
402.089000,0.030000,-0.000000,unrailed,0.030000,,
402.090000,0.030000,0.000000,unrailed,0.030000,,
402.091000,0.030000,-0.000000,unrailed,0.030000,,
402.092000,0.030000,0.000000,unrailed,0.030000,,
402.093000,0.030000,-0.000000,unrailed,0.030000,,
402.094000,0.030000,0.000000,unrailed,0.030000,,
402.095000,0.030000,-0.000000,unrailed,0.030000,,
402.096000,0.030000,0.000000,unrailed,0.030000,,
402.097000,0.030000,-0.000000,unrailed,0.030000,,
402.098000,0.030000,0.000000,unrailed,0.030000,,
402.099000,0.030000,-0.000000,unrailed,0.030000,,
402.100000,0.030000,0.000000,unrailed,0.030000,,
402.101000,0.030000,-0.000000,unrailed,0.030000,,
402.102000,0.030000,0.000000,unrailed,0.030000,,
402.103000,0.030000,-0.000000,unrailed,0.030000,,
402.104000,0.030000,0.000000,unrailed,0.030000,,
402.105000,0.030000,-0.000000,unrailed,0.030000,,
402.106000,0.030000,0.000000,unrailed,0.030000,,
402.107000,0.030000,-0.000000,unrailed,0.030000,,
402.108000,0.030000,0.000000,unrailed,0.030000,,
402.109000,0.030000,-0.000000,unrailed,0.030000,,
402.110000,0.030000,0.000000,unrailed,0.030000,,
402.111000,0.030000,-0.000000,unrailed,0.030000,,
402.112000,0.030000,0.000000,unrailed,0.030000,,
402.113000,0.030000,-0.000000,unrailed,0.030000,,
402.114000,0.030000,0.000000,unrailed,0.030000,,
402.115000,0.030000,-0.000000,unrailed,0.030000,,
402.116000,0.030000,0.000000,unrailed,0.030000,,
402.117000,0.030000,-0.000000,unrailed,0.030000,,
402.118000,0.030000,0.000000,unrailed,0.030000,,
402.119000,0.030000,-0.000000,unrailed,0.030000,,
402.120000,0.030000,0.000000,unrailed,0.030000,,
402.121000,0.030000,-0.000000,unrailed,0.030000,,
402.122000,0.030000,0.000000,unrailed,0.030000,,
402.123000,0.030000,-0.000000,unrailed,0.030000,,
402.124000,0.030000,0.000000,unrailed,0.030000,,
402.125000,0.030000,-0.000000,unrailed,0.030000,,
402.126000,0.030000,0.000000,unrailed,0.030000,,
402.127000,0.030000,-0.000000,unrailed,0.030000,,
402.128000,0.030000,0.000000,unrailed,0.030000,,
402.129000,0.030000,-0.000000,unrailed,0.030000,,
402.130000,0.030000,0.000000,unrailed,0.030000,,
402.131000,0.030000,-0.000000,unrailed,0.030000,,
402.132000,0.030000,0.000000,unrailed,0.030000,,
402.133000,0.030000,-0.000000,unrailed,0.030000,,
402.134000,0.030000,0.000000,unrailed,0.030000,,
402.135000,0.030000,-0.000000,unrailed,0.030000,,
402.136000,0.030000,0.000000,unrailed,0.030000,,
402.137000,0.030000,-0.000000,unrailed,0.030000,,
402.138000,0.030000,0.000000,unrailed,0.030000,,
402.139000,0.030000,-0.000000,unrailed,0.030000,,
402.140000,0.030000,0.000000,unrailed,0.030000,,
402.141000,0.030000,-0.000000,unrailed,0.030000,,
402.142000,0.030000,0.000000,unrailed,0.030000,,
402.143000,0.030000,-0.000000,unrailed,0.030000,,
402.144000,0.030000,0.000000,unrailed,0.030000,,
402.145000,0.030000,-0.000000,unrailed,0.030000,,
402.146000,0.030000,0.000000,unrailed,0.030000,,
402.147000,0.030000,-0.000000,unrailed,0.030000,,
402.148000,0.030000,0.000000,unrailed,0.030000,,
402.149000,0.030000,-0.000000,unrailed,0.030000,,
402.150000,0.030000,0.000000,unrailed,0.030000,,
402.151000,0.030000,-0.000000,unrailed,0.030000,,
402.152000,0.030000,0.000000,unrailed,0.030000,,
402.153000,0.030000,-0.000000,unrailed,0.030000,,
402.154000,0.030000,0.000000,unrailed,0.030000,,
402.155000,0.030000,-0.000000,unrailed,0.030000,,
402.156000,0.030000,0.000000,unrailed,0.030000,,
402.157000,0.030000,-0.000000,unrailed,0.030000,,
402.158000,0.030000,0.000000,unrailed,0.030000,,
402.159000,0.030000,-0.000000,unrailed,0.030000,,
402.160000,0.030000,0.000000,unrailed,0.030000,,
402.161000,0.030000,-0.000000,unrailed,0.030000,,
402.162000,0.030000,0.000000,unrailed,0.030000,,
402.163000,0.030000,-0.000000,unrailed,0.030000,,
402.164000,0.030000,0.000000,unrailed,0.030000,,
402.165000,0.030000,-0.000000,unrailed,0.030000,,
402.166000,0.030000,0.000000,unrailed,0.030000,,
402.167000,0.030000,-0.000000,unrailed,0.030000,,
402.168000,0.030000,0.000000,unrailed,0.030000,,
402.169000,0.030000,-0.000000,unrailed,0.030000,,
402.170000,0.030000,0.000000,unrailed,0.030000,,
402.171000,0.030000,-0.000000,unrailed,0.030000,,
402.172000,0.030000,0.000000,unrailed,0.030000,,
402.173000,0.030000,-0.000000,unrailed,0.030000,,
402.174000,0.030000,0.000000,unrailed,0.030000,,
402.175000,0.030000,-0.000000,unrailed,0.030000,,
402.176000,0.030000,0.000000,unrailed,0.030000,,
402.177000,0.030000,-0.000000,unrailed,0.030000,,
402.178000,0.030000,0.000000,unrailed,0.030000,,
402.179000,0.030000,-0.000000,unrailed,0.030000,,
402.180000,0.030000,0.000000,unrailed,0.030000,,
402.181000,0.030000,-0.000000,unrailed,0.030000,,
402.182000,0.030000,0.000000,unrailed,0.030000,,
402.183000,0.030000,-0.000000,unrailed,0.030000,,
402.184000,0.030000,0.000000,unrailed,0.030000,,
402.185000,0.030000,-0.000000,unrailed,0.030000,,
402.186000,0.030000,0.000000,unrailed,0.030000,,
402.187000,0.030000,-0.000000,unrailed,0.030000,,
402.188000,0.030000,0.000000,unrailed,0.030000,,
402.189000,0.030000,-0.000000,unrailed,0.030000,,
402.190000,0.030000,0.000000,unrailed,0.030000,,
402.191000,0.030000,-0.000000,unrailed,0.030000,,
402.192000,0.030000,0.000000,unrailed,0.030000,,
402.193000,0.030000,-0.000000,unrailed,0.030000,,
402.194000,0.030000,0.000000,unrailed,0.030000,,
402.195000,0.030000,-0.000000,unrailed,0.030000,,
402.196000,0.030000,0.000000,unrailed,0.030000,,
402.197000,0.030000,-0.000000,unrailed,0.030000,,
402.198000,0.030000,0.000000,unrailed,0.030000,,
402.199000,0.030000,-0.000000,unrailed,0.030000,,
402.200000,0.030000,0.000000,unrailed,0.030000,,
402.201000,0.030000,-0.000000,unrailed,0.030000,,
402.202000,0.030000,0.000000,unrailed,0.030000,,
402.203000,0.030000,-0.000000,unrailed,0.030000,,
402.204000,0.030000,0.000000,unrailed,0.030000,,
402.205000,0.030000,-0.000000,unrailed,0.030000,,
402.206000,0.030000,0.000000,unrailed,0.030000,,
402.207000,0.030000,-0.000000,unrailed,0.030000,,
402.208000,0.030000,0.000000,unrailed,0.030000,,
402.209000,0.030000,-0.000000,unrailed,0.030000,,
402.210000,0.030000,0.000000,unrailed,0.030000,,
402.211000,0.030000,-0.000000,unrailed,0.030000,,
402.212000,0.030000,0.000000,unrailed,0.030000,,
402.213000,0.030000,-0.000000,unrailed,0.030000,,
402.214000,0.030000,0.000000,unrailed,0.030000,,
402.215000,0.030000,-0.000000,unrailed,0.030000,,
402.216000,0.030000,0.000000,unrailed,0.030000,,
402.217000,0.030000,-0.000000,unrailed,0.030000,,
402.218000,0.030000,0.000000,unrailed,0.030000,,
402.219000,0.030000,-0.000000,unrailed,0.030000,,
402.220000,0.030000,0.000000,unrailed,0.030000,,
402.221000,0.030000,-0.000000,unrailed,0.030000,,
402.222000,0.030000,0.000000,unrailed,0.030000,,
402.223000,0.030000,-0.000000,unrailed,0.030000,,
402.224000,0.030000,0.000000,unrailed,0.030000,,
402.225000,0.030000,-0.000000,unrailed,0.030000,,
402.226000,0.030000,0.000000,unrailed,0.030000,,
402.227000,0.030000,-0.000000,unrailed,0.030000,,
402.228000,0.030000,0.000000,unrailed,0.030000,,
402.229000,0.030000,-0.000000,unrailed,0.030000,,
402.230000,0.030000,0.000000,unrailed,0.030000,,
402.231000,0.030000,-0.000000,unrailed,0.030000,,
402.232000,0.030000,0.000000,unrailed,0.030000,,
402.233000,0.030000,-0.000000,unrailed,0.030000,,
402.234000,0.030000,0.000000,unrailed,0.030000,,
402.235000,0.030000,-0.000000,unrailed,0.030000,,
402.236000,0.030000,0.000000,unrailed,0.030000,,
402.237000,0.030000,-0.000000,unrailed,0.030000,,
402.238000,0.030000,0.000000,unrailed,0.030000,,
402.239000,0.030000,-0.000000,unrailed,0.030000,,
402.240000,0.030000,0.000000,unrailed,0.030000,,
402.241000,0.030000,-0.000000,unrailed,0.030000,,
402.242000,0.030000,0.000000,unrailed,0.030000,,
402.243000,0.030000,-0.000000,unrailed,0.030000,,
402.244000,0.030000,0.000000,unrailed,0.030000,,
402.245000,0.030000,-0.000000,unrailed,0.030000,,
402.246000,0.030000,0.000000,unrailed,0.030000,,
402.247000,0.030000,-0.000000,unrailed,0.030000,,
402.248000,0.030000,0.000000,unrailed,0.030000,,
402.249000,0.030000,-0.000000,unrailed,0.030000,,
402.250000,0.030000,0.000000,unrailed,0.030000,,
402.251000,0.030000,-0.000000,unrailed,0.030000,,
402.252000,0.030000,0.000000,unrailed,0.030000,,
402.253000,0.030000,-0.000000,unrailed,0.030000,,
402.254000,0.030000,0.000000,unrailed,0.030000,,
402.255000,0.030000,-0.000000,unrailed,0.030000,,
402.256000,0.030000,0.000000,unrailed,0.030000,,
402.257000,0.030000,-0.000000,unrailed,0.030000,,
402.258000,0.030000,0.000000,unrailed,0.030000,,
402.259000,0.030000,-0.000000,unrailed,0.030000,,
402.260000,0.030000,0.000000,unrailed,0.030000,,
402.261000,0.030000,-0.000000,unrailed,0.030000,,
402.262000,0.030000,0.000000,unrailed,0.030000,,
402.263000,0.030000,-0.000000,unrailed,0.030000,,
402.264000,0.030000,0.000000,unrailed,0.030000,,
402.265000,0.030000,-0.000000,unrailed,0.030000,,
402.266000,0.030000,0.000000,unrailed,0.030000,,
402.267000,0.030000,-0.000000,unrailed,0.030000,,
402.268000,0.030000,0.000000,unrailed,0.030000,,
402.269000,0.030000,-0.000000,unrailed,0.030000,,
402.270000,0.030000,0.000000,unrailed,0.030000,,
402.271000,0.030000,-0.000000,unrailed,0.030000,,
402.272000,0.030000,0.000000,unrailed,0.030000,,
402.273000,0.030000,-0.000000,unrailed,0.030000,,
402.274000,0.030000,0.000000,unrailed,0.030000,,
402.275000,0.030000,-0.000000,unrailed,0.030000,,
402.276000,0.030000,0.000000,unrailed,0.030000,,
402.277000,0.030000,-0.000000,unrailed,0.030000,,
402.278000,0.030000,0.000000,unrailed,0.030000,,
402.279000,0.030000,-0.000000,unrailed,0.030000,,
402.280000,0.030000,0.000000,unrailed,0.030000,,
402.281000,0.030000,-0.000000,unrailed,0.030000,,
402.282000,0.030000,0.000000,unrailed,0.030000,,
402.283000,0.030000,-0.000000,unrailed,0.030000,,
402.284000,0.030000,0.000000,unrailed,0.030000,,
402.285000,0.030000,-0.000000,unrailed,0.030000,,
402.286000,0.030000,0.000000,unrailed,0.030000,,
402.287000,0.030000,-0.000000,unrailed,0.030000,,
402.288000,0.030000,0.000000,unrailed,0.030000,,
402.289000,0.030000,-0.000000,unrailed,0.030000,,
402.290000,0.030000,0.000000,unrailed,0.030000,,
402.291000,0.030000,-0.000000,unrailed,0.030000,,
402.292000,0.030000,0.000000,unrailed,0.030000,,
402.293000,0.030000,-0.000000,unrailed,0.030000,,
402.294000,0.030000,0.000000,unrailed,0.030000,,
402.295000,0.030000,-0.000000,unrailed,0.030000,,
402.296000,0.030000,0.000000,unrailed,0.030000,,
402.297000,0.030000,-0.000000,unrailed,0.030000,,
402.298000,0.030000,0.000000,unrailed,0.030000,,
402.299000,0.030000,-0.000000,unrailed,0.030000,,
402.300000,0.030000,0.000000,unrailed,0.030000,,
402.301000,0.030000,-0.000000,unrailed,0.030000,,
402.302000,0.030000,0.000000,unrailed,0.030000,,
402.303000,0.030000,-0.000000,unrailed,0.030000,,
402.304000,0.030000,0.000000,unrailed,0.030000,,
402.305000,0.030000,-0.000000,unrailed,0.030000,,
402.306000,0.030000,0.000000,unrailed,0.030000,,
402.307000,0.030000,-0.000000,unrailed,0.030000,,
402.308000,0.030000,0.000000,unrailed,0.030000,,
402.309000,0.030000,-0.000000,unrailed,0.030000,,
402.310000,0.030000,0.000000,unrailed,0.030000,,
402.311000,0.030000,-0.000000,unrailed,0.030000,,
402.312000,0.030000,0.000000,unrailed,0.030000,,
402.313000,0.030000,-0.000000,unrailed,0.030000,,
402.314000,0.030000,0.000000,unrailed,0.030000,,
402.315000,0.030000,-0.000000,unrailed,0.030000,,
402.316000,0.030000,0.000000,unrailed,0.030000,,
402.317000,0.030000,-0.000000,unrailed,0.030000,,
402.318000,0.030000,0.000000,unrailed,0.030000,,
402.319000,0.030000,-0.000000,unrailed,0.030000,,
402.320000,0.030000,0.000000,unrailed,0.030000,,
402.321000,0.030000,-0.000000,unrailed,0.030000,,
402.322000,0.030000,0.000000,unrailed,0.030000,,
402.323000,0.030000,-0.000000,unrailed,0.030000,,
402.324000,0.030000,0.000000,unrailed,0.030000,,
402.325000,0.030000,-0.000000,unrailed,0.030000,,
402.326000,0.030000,0.000000,unrailed,0.030000,,
402.327000,0.030000,-0.000000,unrailed,0.030000,,
402.328000,0.030000,0.000000,unrailed,0.030000,,
402.329000,0.030000,-0.000000,unrailed,0.030000,,
402.330000,0.030000,0.000000,unrailed,0.030000,,
402.331000,0.030000,-0.000000,unrailed,0.030000,,
402.332000,0.030000,0.000000,unrailed,0.030000,,
402.333000,0.030000,-0.000000,unrailed,0.030000,,
402.334000,0.030000,0.000000,unrailed,0.030000,,
402.335000,0.030000,-0.000000,unrailed,0.030000,,
402.336000,0.030000,0.000000,unrailed,0.030000,,
402.337000,0.030000,-0.000000,unrailed,0.030000,,
402.338000,0.030000,0.000000,unrailed,0.030000,,
402.339000,0.030000,-0.000000,unrailed,0.030000,,
402.340000,0.030000,0.000000,unrailed,0.030000,,
402.341000,0.030000,-0.000000,unrailed,0.030000,,
402.342000,0.030000,0.000000,unrailed,0.030000,,
402.343000,0.030000,-0.000000,unrailed,0.030000,,
402.344000,0.030000,0.000000,unrailed,0.030000,,
402.345000,0.030000,-0.000000,unrailed,0.030000,,
402.346000,0.030000,0.000000,unrailed,0.030000,,
402.347000,0.030000,-0.000000,unrailed,0.030000,,
402.348000,0.030000,0.000000,unrailed,0.030000,,
402.349000,0.030000,-0.000000,unrailed,0.030000,,
402.350000,0.030000,0.000000,unrailed,0.030000,,
402.351000,0.030000,-0.000000,unrailed,0.030000,,
402.352000,0.030000,0.000000,unrailed,0.030000,,
402.353000,0.030000,-0.000000,unrailed,0.030000,,
402.354000,0.030000,0.000000,unrailed,0.030000,,
402.355000,0.030000,-0.000000,unrailed,0.030000,,
402.356000,0.030000,0.000000,unrailed,0.030000,,
402.357000,0.030000,-0.000000,unrailed,0.030000,,
402.358000,0.030000,0.000000,unrailed,0.030000,,
402.359000,0.030000,-0.000000,unrailed,0.030000,,
402.360000,0.030000,0.000000,unrailed,0.030000,,
402.361000,0.030000,-0.000000,unrailed,0.030000,,
402.362000,0.030000,0.000000,unrailed,0.030000,,
402.363000,0.030000,-0.000000,unrailed,0.030000,,
402.364000,0.030000,0.000000,unrailed,0.030000,,
402.365000,0.030000,-0.000000,unrailed,0.030000,,
402.366000,0.030000,0.000000,unrailed,0.030000,,
402.367000,0.030000,-0.000000,unrailed,0.030000,,
402.368000,0.030000,0.000000,unrailed,0.030000,,
402.369000,0.030000,-0.000000,unrailed,0.030000,,
402.370000,0.030000,0.000000,unrailed,0.030000,,
402.371000,0.030000,-0.000000,unrailed,0.030000,,
402.372000,0.030000,0.000000,unrailed,0.030000,,
402.373000,0.030000,-0.000000,unrailed,0.030000,,
402.374000,0.030000,0.000000,unrailed,0.030000,,
402.375000,0.030000,-0.000000,unrailed,0.030000,,
402.376000,0.030000,0.000000,unrailed,0.030000,,
402.377000,0.030000,-0.000000,unrailed,0.030000,,
402.378000,0.030000,0.000000,unrailed,0.030000,,
402.379000,0.030000,-0.000000,unrailed,0.030000,,
402.380000,0.030000,0.000000,unrailed,0.030000,,
402.381000,0.030000,-0.000000,unrailed,0.030000,,
402.382000,0.030000,0.000000,unrailed,0.030000,,
402.383000,0.030000,-0.000000,unrailed,0.030000,,
402.384000,0.030000,0.000000,unrailed,0.030000,,
402.385000,0.030000,-0.000000,unrailed,0.030000,,
402.386000,0.030000,0.000000,unrailed,0.030000,,
402.387000,0.030000,-0.000000,unrailed,0.030000,,
402.388000,0.030000,0.000000,unrailed,0.030000,,
402.389000,0.030000,-0.000000,unrailed,0.030000,,
402.390000,0.030000,0.000000,unrailed,0.030000,,
402.391000,0.030000,-0.000000,unrailed,0.030000,,
402.392000,0.030000,0.000000,unrailed,0.030000,,
402.393000,0.030000,-0.000000,unrailed,0.030000,,
402.394000,0.030000,0.000000,unrailed,0.030000,,
402.395000,0.030000,-0.000000,unrailed,0.030000,,
402.396000,0.030000,0.000000,unrailed,0.030000,,
402.397000,0.030000,-0.000000,unrailed,0.030000,,
402.398000,0.030000,0.000000,unrailed,0.030000,,
402.399000,0.030000,-0.000000,unrailed,0.030000,,
402.400000,0.030000,0.000000,unrailed,0.030000,,
402.401000,0.030000,-0.000000,unrailed,0.030000,,
402.402000,0.030000,0.000000,unrailed,0.030000,,
402.403000,0.030000,-0.000000,unrailed,0.030000,,
402.404000,0.030000,0.000000,unrailed,0.030000,,
402.405000,0.030000,-0.000000,unrailed,0.030000,,
402.406000,0.030000,0.000000,unrailed,0.030000,,
402.407000,0.030000,-0.000000,unrailed,0.030000,,
402.408000,0.030000,0.000000,unrailed,0.030000,,
402.409000,0.030000,-0.000000,unrailed,0.030000,,
402.410000,0.030000,0.000000,unrailed,0.030000,,
402.411000,0.030000,-0.000000,unrailed,0.030000,,
402.412000,0.030000,0.000000,unrailed,0.030000,,
402.413000,0.030000,-0.000000,unrailed,0.030000,,
402.414000,0.030000,0.000000,unrailed,0.030000,,
402.415000,0.030000,-0.000000,unrailed,0.030000,,
402.416000,0.030000,0.000000,unrailed,0.030000,,
402.417000,0.030000,-0.000000,unrailed,0.030000,,
402.418000,0.030000,0.000000,unrailed,0.030000,,
402.419000,0.030000,-0.000000,unrailed,0.030000,,
402.420000,0.030000,0.000000,unrailed,0.030000,,
402.421000,0.030000,-0.000000,unrailed,0.030000,,
402.422000,0.030000,0.000000,unrailed,0.030000,,
402.423000,0.030000,-0.000000,unrailed,0.030000,,
402.424000,0.030000,0.000000,unrailed,0.030000,,
402.425000,0.030000,-0.000000,unrailed,0.030000,,
402.426000,0.030000,0.000000,unrailed,0.030000,,
402.427000,0.030000,-0.000000,unrailed,0.030000,,
402.428000,0.030000,0.000000,unrailed,0.030000,,
402.429000,0.030000,-0.000000,unrailed,0.030000,,
402.430000,0.030000,0.000000,unrailed,0.030000,,
402.431000,0.030000,-0.000000,unrailed,0.030000,,
402.432000,0.030000,0.000000,unrailed,0.030000,,
402.433000,0.030000,-0.000000,unrailed,0.030000,,
402.434000,0.030000,0.000000,unrailed,0.030000,,
402.435000,0.030000,-0.000000,unrailed,0.030000,,
402.436000,0.030000,0.000000,unrailed,0.030000,,
402.437000,0.030000,-0.000000,unrailed,0.030000,,
402.438000,0.030000,0.000000,unrailed,0.030000,,
402.439000,0.030000,-0.000000,unrailed,0.030000,,
402.440000,0.030000,0.000000,unrailed,0.030000,,
402.441000,0.030000,-0.000000,unrailed,0.030000,,
402.442000,0.030000,0.000000,unrailed,0.030000,,
402.443000,0.030000,-0.000000,unrailed,0.030000,,
402.444000,0.030000,0.000000,unrailed,0.030000,,
402.445000,0.030000,-0.000000,unrailed,0.030000,,
402.446000,0.030000,0.000000,unrailed,0.030000,,
402.447000,0.030000,-0.000000,unrailed,0.030000,,
402.448000,0.030000,0.000000,unrailed,0.030000,,
402.449000,0.030000,-0.000000,unrailed,0.030000,,
402.450000,0.030000,0.000000,unrailed,0.030000,,
402.451000,0.030000,-0.000000,unrailed,0.030000,,
402.452000,0.030000,0.000000,unrailed,0.030000,,
402.453000,0.030000,-0.000000,unrailed,0.030000,,
402.454000,0.030000,0.000000,unrailed,0.030000,,
402.455000,0.030000,-0.000000,unrailed,0.030000,,
402.456000,0.030000,0.000000,unrailed,0.030000,,
402.457000,0.030000,-0.000000,unrailed,0.030000,,
402.458000,0.030000,0.000000,unrailed,0.030000,,
402.459000,0.030000,-0.000000,unrailed,0.030000,,
402.460000,0.030000,0.000000,unrailed,0.030000,,
402.461000,0.030000,-0.000000,unrailed,0.030000,,
402.462000,0.030000,0.000000,unrailed,0.030000,,
402.463000,0.030000,-0.000000,unrailed,0.030000,,
402.464000,0.030000,0.000000,unrailed,0.030000,,
402.465000,0.030000,-0.000000,unrailed,0.030000,,
402.466000,0.030000,0.000000,unrailed,0.030000,,
402.467000,0.030000,-0.000000,unrailed,0.030000,,
402.468000,0.030000,0.000000,unrailed,0.030000,,
402.469000,0.030000,-0.000000,unrailed,0.030000,,
402.470000,0.030000,0.000000,unrailed,0.030000,,
402.471000,0.030000,-0.000000,unrailed,0.030000,,
402.472000,0.030000,0.000000,unrailed,0.030000,,
402.473000,0.030000,-0.000000,unrailed,0.030000,,
402.474000,0.030000,0.000000,unrailed,0.030000,,
402.475000,0.030000,-0.000000,unrailed,0.030000,,
402.476000,0.030000,0.000000,unrailed,0.030000,,
402.477000,0.030000,-0.000000,unrailed,0.030000,,
402.478000,0.030000,0.000000,unrailed,0.030000,,
402.479000,0.030000,-0.000000,unrailed,0.030000,,
402.480000,0.030000,0.000000,unrailed,0.030000,,
402.481000,0.030000,-0.000000,unrailed,0.030000,,
402.482000,0.030000,0.000000,unrailed,0.030000,,
402.483000,0.030000,-0.000000,unrailed,0.030000,,
402.484000,0.030000,0.000000,unrailed,0.030000,,
402.485000,0.030000,-0.000000,unrailed,0.030000,,
402.486000,0.030000,0.000000,unrailed,0.030000,,
402.487000,0.030000,-0.000000,unrailed,0.030000,,
402.488000,0.030000,0.000000,unrailed,0.030000,,
402.489000,0.030000,-0.000000,unrailed,0.030000,,
402.490000,0.030000,0.000000,unrailed,0.030000,,
402.491000,0.030000,-0.000000,unrailed,0.030000,,
402.492000,0.030000,0.000000,unrailed,0.030000,,
402.493000,0.030000,-0.000000,unrailed,0.030000,,
402.494000,0.030000,0.000000,unrailed,0.030000,,
402.495000,0.030000,-0.000000,unrailed,0.030000,,
402.496000,0.030000,0.000000,unrailed,0.030000,,
402.497000,0.030000,-0.000000,unrailed,0.030000,,
402.498000,0.030000,0.000000,unrailed,0.030000,,
402.499000,0.030000,-0.000000,unrailed,0.030000,,
402.500000,0.030000,0.000000,unrailed,0.030000,,
402.501000,0.030000,-0.000000,unrailed,0.030000,,
402.502000,0.030000,0.000000,unrailed,0.030000,,
402.503000,0.030000,-0.000000,unrailed,0.030000,,
402.504000,0.030000,0.000000,unrailed,0.030000,,
402.505000,0.030000,-0.000000,unrailed,0.030000,,
402.506000,0.030000,0.000000,unrailed,0.030000,,
402.507000,0.030000,-0.000000,unrailed,0.030000,,
402.508000,0.030000,0.000000,unrailed,0.030000,,
402.509000,0.030000,-0.000000,unrailed,0.030000,,
402.510000,0.030000,0.000000,unrailed,0.030000,,
402.511000,0.030000,-0.000000,unrailed,0.030000,,
402.512000,0.030000,0.000000,unrailed,0.030000,,
402.513000,0.030000,-0.000000,unrailed,0.030000,,
402.514000,0.030000,0.000000,unrailed,0.030000,,
402.515000,0.030000,-0.000000,unrailed,0.030000,,
402.516000,0.030000,0.000000,unrailed,0.030000,,
402.517000,0.030000,-0.000000,unrailed,0.030000,,
402.518000,0.030000,0.000000,unrailed,0.030000,,
402.519000,0.030000,-0.000000,unrailed,0.030000,,
402.520000,0.030000,0.000000,unrailed,0.030000,,
402.521000,0.030000,-0.000000,unrailed,0.030000,,
402.522000,0.030000,0.000000,unrailed,0.030000,,
402.523000,0.030000,-0.000000,unrailed,0.030000,,
402.524000,0.030000,0.000000,unrailed,0.030000,,
402.525000,0.030000,-0.000000,unrailed,0.030000,,
402.526000,0.030000,0.000000,unrailed,0.030000,,
402.527000,0.030000,-0.000000,unrailed,0.030000,,
402.528000,0.030000,0.000000,unrailed,0.030000,,
402.529000,0.030000,-0.000000,unrailed,0.030000,,
402.530000,0.030000,0.000000,unrailed,0.030000,,
402.531000,0.030000,-0.000000,unrailed,0.030000,,
402.532000,0.030000,0.000000,unrailed,0.030000,,
402.533000,0.030000,-0.000000,unrailed,0.030000,,
402.534000,0.030000,0.000000,unrailed,0.030000,,
402.535000,0.030000,-0.000000,unrailed,0.030000,,
402.536000,0.030000,0.000000,unrailed,0.030000,,
402.537000,0.030000,-0.000000,unrailed,0.030000,,
402.538000,0.030000,0.000000,unrailed,0.030000,,
402.539000,0.030000,-0.000000,unrailed,0.030000,,
402.540000,0.030000,0.000000,unrailed,0.030000,,
402.541000,0.030000,-0.000000,unrailed,0.030000,,
402.542000,0.030000,0.000000,unrailed,0.030000,,
402.543000,0.030000,-0.000000,unrailed,0.030000,,
402.544000,0.030000,0.000000,unrailed,0.030000,,
402.545000,0.030000,-0.000000,unrailed,0.030000,,
402.546000,0.030000,0.000000,unrailed,0.030000,,
402.547000,0.030000,-0.000000,unrailed,0.030000,,
402.548000,0.030000,0.000000,unrailed,0.030000,,
402.549000,0.030000,-0.000000,unrailed,0.030000,,
402.550000,0.030000,0.000000,unrailed,0.030000,,
402.551000,0.030000,-0.000000,unrailed,0.030000,,
402.552000,0.030000,0.000000,unrailed,0.030000,,
402.553000,0.030000,-0.000000,unrailed,0.030000,,
402.554000,0.030000,0.000000,unrailed,0.030000,,
402.555000,0.030000,-0.000000,unrailed,0.030000,,
402.556000,0.030000,0.000000,unrailed,0.030000,,
402.557000,0.030000,-0.000000,unrailed,0.030000,,
402.558000,0.030000,0.000000,unrailed,0.030000,,
402.559000,0.030000,-0.000000,unrailed,0.030000,,
402.560000,0.030000,0.000000,unrailed,0.030000,,
402.561000,0.030000,-0.000000,unrailed,0.030000,,
402.562000,0.030000,0.000000,unrailed,0.030000,,
402.563000,0.030000,-0.000000,unrailed,0.030000,,
402.564000,0.030000,0.000000,unrailed,0.030000,,
402.565000,0.030000,-0.000000,unrailed,0.030000,,
402.566000,0.030000,0.000000,unrailed,0.030000,,
402.567000,0.030000,-0.000000,unrailed,0.030000,,
402.568000,0.030000,0.000000,unrailed,0.030000,,
402.569000,0.030000,-0.000000,unrailed,0.030000,,
402.570000,0.030000,0.000000,unrailed,0.030000,,
402.571000,0.030000,-0.000000,unrailed,0.030000,,
402.572000,0.030000,0.000000,unrailed,0.030000,,
402.573000,0.030000,-0.000000,unrailed,0.030000,,
402.574000,0.030000,0.000000,unrailed,0.030000,,
402.575000,0.030000,-0.000000,unrailed,0.030000,,
402.576000,0.030000,0.000000,unrailed,0.030000,,
402.577000,0.030000,-0.000000,unrailed,0.030000,,
402.578000,0.030000,0.000000,unrailed,0.030000,,
402.579000,0.030000,-0.000000,unrailed,0.030000,,
402.580000,0.030000,0.000000,unrailed,0.030000,,
402.581000,0.030000,-0.000000,unrailed,0.030000,,
402.582000,0.030000,0.000000,unrailed,0.030000,,
402.583000,0.030000,-0.000000,unrailed,0.030000,,
402.584000,0.030000,0.000000,unrailed,0.030000,,
402.585000,0.030000,-0.000000,unrailed,0.030000,,
402.586000,0.030000,0.000000,unrailed,0.030000,,
402.587000,0.030000,-0.000000,unrailed,0.030000,,
402.588000,0.030000,0.000000,unrailed,0.030000,,
402.589000,0.030000,-0.000000,unrailed,0.030000,,
402.590000,0.030000,0.000000,unrailed,0.030000,,
402.591000,0.030000,-0.000000,unrailed,0.030000,,
402.592000,0.030000,0.000000,unrailed,0.030000,,
402.593000,0.030000,-0.000000,unrailed,0.030000,,
402.594000,0.030000,0.000000,unrailed,0.030000,,
402.595000,0.030000,-0.000000,unrailed,0.030000,,
402.596000,0.030000,0.000000,unrailed,0.030000,,
402.597000,0.030000,-0.000000,unrailed,0.030000,,
402.598000,0.030000,0.000000,unrailed,0.030000,,
402.599000,0.030000,-0.000000,unrailed,0.030000,,
402.600000,0.030000,0.000000,unrailed,0.030000,,
402.601000,0.030000,-0.000000,unrailed,0.030000,,
402.602000,0.030000,0.000000,unrailed,0.030000,,
402.603000,0.030000,-0.000000,unrailed,0.030000,,
402.604000,0.030000,0.000000,unrailed,0.030000,,
402.605000,0.030000,-0.000000,unrailed,0.030000,,
402.606000,0.030000,0.000000,unrailed,0.030000,,
402.607000,0.030000,-0.000000,unrailed,0.030000,,
402.608000,0.030000,0.000000,unrailed,0.030000,,
402.609000,0.030000,-0.000000,unrailed,0.030000,,
402.610000,0.030000,0.000000,unrailed,0.030000,,
402.611000,0.030000,-0.000000,unrailed,0.030000,,
402.612000,0.030000,0.000000,unrailed,0.030000,,
402.613000,0.030000,-0.000000,unrailed,0.030000,,
402.614000,0.030000,0.000000,unrailed,0.030000,,
402.615000,0.030000,-0.000000,unrailed,0.030000,,
402.616000,0.030000,0.000000,unrailed,0.030000,,
402.617000,0.030000,-0.000000,unrailed,0.030000,,
402.618000,0.030000,0.000000,unrailed,0.030000,,
402.619000,0.030000,-0.000000,unrailed,0.030000,,
402.620000,0.030000,0.000000,unrailed,0.030000,,
402.621000,0.030000,-0.000000,unrailed,0.030000,,
402.622000,0.030000,0.000000,unrailed,0.030000,,
402.623000,0.030000,-0.000000,unrailed,0.030000,,
402.624000,0.030000,0.000000,unrailed,0.030000,,
402.625000,0.030000,-0.000000,unrailed,0.030000,,
402.626000,0.030000,0.000000,unrailed,0.030000,,
402.627000,0.030000,-0.000000,unrailed,0.030000,,
402.628000,0.030000,0.000000,unrailed,0.030000,,
402.629000,0.030000,-0.000000,unrailed,0.030000,,
402.630000,0.030000,0.000000,unrailed,0.030000,,
402.631000,0.030000,-0.000000,unrailed,0.030000,,
402.632000,0.030000,0.000000,unrailed,0.030000,,
402.633000,0.030000,-0.000000,unrailed,0.030000,,
402.634000,0.030000,0.000000,unrailed,0.030000,,
402.635000,0.030000,-0.000000,unrailed,0.030000,,
402.636000,0.030000,0.000000,unrailed,0.030000,,
402.637000,0.030000,-0.000000,unrailed,0.030000,,
402.638000,0.030000,0.000000,unrailed,0.030000,,
402.639000,0.030000,-0.000000,unrailed,0.030000,,
402.640000,0.030000,0.000000,unrailed,0.030000,,
402.641000,0.030000,-0.000000,unrailed,0.030000,,
402.642000,0.030000,0.000000,unrailed,0.030000,,
402.643000,0.030000,-0.000000,unrailed,0.030000,,
402.644000,0.030000,0.000000,unrailed,0.030000,,
402.645000,0.030000,-0.000000,unrailed,0.030000,,
402.646000,0.030000,0.000000,unrailed,0.030000,,
402.647000,0.030000,-0.000000,unrailed,0.030000,,
402.648000,0.030000,0.000000,unrailed,0.030000,,
402.649000,0.030000,-0.000000,unrailed,0.030000,,
402.650000,0.030000,0.000000,unrailed,0.030000,,
402.651000,0.030000,-0.000000,unrailed,0.030000,,
402.652000,0.030000,0.000000,unrailed,0.030000,,
402.653000,0.030000,-0.000000,unrailed,0.030000,,
402.654000,0.030000,0.000000,unrailed,0.030000,,
402.655000,0.030000,-0.000000,unrailed,0.030000,,
402.656000,0.030000,0.000000,unrailed,0.030000,,
402.657000,0.030000,-0.000000,unrailed,0.030000,,
402.658000,0.030000,0.000000,unrailed,0.030000,,
402.659000,0.030000,-0.000000,unrailed,0.030000,,
402.660000,0.030000,0.000000,unrailed,0.030000,,
402.661000,0.030000,-0.000000,unrailed,0.030000,,
402.662000,0.030000,0.000000,unrailed,0.030000,,
402.663000,0.030000,-0.000000,unrailed,0.030000,,
402.664000,0.030000,0.000000,unrailed,0.030000,,
402.665000,0.030000,-0.000000,unrailed,0.030000,,
402.666000,0.030000,0.000000,unrailed,0.030000,,
402.667000,0.030000,-0.000000,unrailed,0.030000,,
402.668000,0.030000,0.000000,unrailed,0.030000,,
402.669000,0.030000,-0.000000,unrailed,0.030000,,
402.670000,0.030000,0.000000,unrailed,0.030000,,
402.671000,0.030000,-0.000000,unrailed,0.030000,,
402.672000,0.030000,0.000000,unrailed,0.030000,,
402.673000,0.030000,-0.000000,unrailed,0.030000,,
402.674000,0.030000,0.000000,unrailed,0.030000,,
402.675000,0.030000,-0.000000,unrailed,0.030000,,
402.676000,0.030000,0.000000,unrailed,0.030000,,
402.677000,0.030000,-0.000000,unrailed,0.030000,,
402.678000,0.030000,0.000000,unrailed,0.030000,,
402.679000,0.030000,-0.000000,unrailed,0.030000,,
402.680000,0.030000,0.000000,unrailed,0.030000,,
402.681000,0.030000,-0.000000,unrailed,0.030000,,
402.682000,0.030000,0.000000,unrailed,0.030000,,
402.683000,0.030000,-0.000000,unrailed,0.030000,,
402.684000,0.030000,0.000000,unrailed,0.030000,,
402.685000,0.030000,-0.000000,unrailed,0.030000,,
402.686000,0.030000,0.000000,unrailed,0.030000,,
402.687000,0.030000,-0.000000,unrailed,0.030000,,
402.688000,0.030000,0.000000,unrailed,0.030000,,
402.689000,0.030000,-0.000000,unrailed,0.030000,,
402.690000,0.030000,0.000000,unrailed,0.030000,,
402.691000,0.030000,-0.000000,unrailed,0.030000,,
402.692000,0.030000,0.000000,unrailed,0.030000,,
402.693000,0.030000,-0.000000,unrailed,0.030000,,
402.694000,0.030000,0.000000,unrailed,0.030000,,
402.695000,0.030000,-0.000000,unrailed,0.030000,,
402.696000,0.030000,0.000000,unrailed,0.030000,,
402.697000,0.030000,-0.000000,unrailed,0.030000,,
402.698000,0.030000,0.000000,unrailed,0.030000,,
402.699000,0.030000,-0.000000,unrailed,0.030000,,
402.700000,0.030000,0.000000,unrailed,0.030000,,
402.701000,0.030000,-0.000000,unrailed,0.030000,,
402.702000,0.030000,0.000000,unrailed,0.030000,,
402.703000,0.030000,-0.000000,unrailed,0.030000,,
402.704000,0.030000,0.000000,unrailed,0.030000,,
402.705000,0.030000,-0.000000,unrailed,0.030000,,
402.706000,0.030000,0.000000,unrailed,0.030000,,
402.707000,0.030000,-0.000000,unrailed,0.030000,,
402.708000,0.030000,0.000000,unrailed,0.030000,,
402.709000,0.030000,-0.000000,unrailed,0.030000,,
402.710000,0.030000,0.000000,unrailed,0.030000,,
402.711000,0.030000,-0.000000,unrailed,0.030000,,
402.712000,0.030000,0.000000,unrailed,0.030000,,
402.713000,0.030000,-0.000000,unrailed,0.030000,,
402.714000,0.030000,0.000000,unrailed,0.030000,,
402.715000,0.030000,-0.000000,unrailed,0.030000,,
402.716000,0.030000,0.000000,unrailed,0.030000,,
402.717000,0.030000,-0.000000,unrailed,0.030000,,
402.718000,0.030000,0.000000,unrailed,0.030000,,
402.719000,0.030000,-0.000000,unrailed,0.030000,,
402.720000,0.030000,0.000000,unrailed,0.030000,,
402.721000,0.030000,-0.000000,unrailed,0.030000,,
402.722000,0.030000,0.000000,unrailed,0.030000,,
402.723000,0.030000,-0.000000,unrailed,0.030000,,
402.724000,0.030000,0.000000,unrailed,0.030000,,
402.725000,0.030000,-0.000000,unrailed,0.030000,,
402.726000,0.030000,0.000000,unrailed,0.030000,,
402.727000,0.030000,-0.000000,unrailed,0.030000,,
402.728000,0.030000,0.000000,unrailed,0.030000,,
402.729000,0.030000,-0.000000,unrailed,0.030000,,
402.730000,0.030000,0.000000,unrailed,0.030000,,
402.731000,0.030000,-0.000000,unrailed,0.030000,,
402.732000,0.030000,0.000000,unrailed,0.030000,,
402.733000,0.030000,-0.000000,unrailed,0.030000,,
402.734000,0.030000,0.000000,unrailed,0.030000,,
402.735000,0.030000,-0.000000,unrailed,0.030000,,
402.736000,0.030000,0.000000,unrailed,0.030000,,
402.737000,0.030000,-0.000000,unrailed,0.030000,,
402.738000,0.030000,0.000000,unrailed,0.030000,,
402.739000,0.030000,-0.000000,unrailed,0.030000,,
402.740000,0.030000,0.000000,unrailed,0.030000,,
402.741000,0.030000,-0.000000,unrailed,0.030000,,
402.742000,0.030000,0.000000,unrailed,0.030000,,
402.743000,0.030000,-0.000000,unrailed,0.030000,,
402.744000,0.030000,0.000000,unrailed,0.030000,,
402.745000,0.030000,-0.000000,unrailed,0.030000,,
402.746000,0.030000,0.000000,unrailed,0.030000,,
402.747000,0.030000,-0.000000,unrailed,0.030000,,
402.748000,0.030000,0.000000,unrailed,0.030000,,
402.749000,0.030000,-0.000000,unrailed,0.030000,,
402.750000,0.030000,0.000000,unrailed,0.030000,,
402.751000,0.030000,-0.000000,unrailed,0.030000,,
402.752000,0.030000,0.000000,unrailed,0.030000,,
402.753000,0.030000,-0.000000,unrailed,0.030000,,
402.754000,0.030000,0.000000,unrailed,0.030000,,
402.755000,0.030000,-0.000000,unrailed,0.030000,,
402.756000,0.030000,0.000000,unrailed,0.030000,,
402.757000,0.030000,-0.000000,unrailed,0.030000,,
402.758000,0.030000,0.000000,unrailed,0.030000,,
402.759000,0.030000,-0.000000,unrailed,0.030000,,
402.760000,0.030000,0.000000,unrailed,0.030000,,
402.761000,0.030000,-0.000000,unrailed,0.030000,,
402.762000,0.030000,0.000000,unrailed,0.030000,,
402.763000,0.030000,-0.000000,unrailed,0.030000,,
402.764000,0.030000,0.000000,unrailed,0.030000,,
402.765000,0.030000,-0.000000,unrailed,0.030000,,
402.766000,0.030000,0.000000,unrailed,0.030000,,
402.767000,0.030000,-0.000000,unrailed,0.030000,,
402.768000,0.030000,0.000000,unrailed,0.030000,,
402.769000,0.030000,-0.000000,unrailed,0.030000,,
402.770000,0.030000,0.000000,unrailed,0.030000,,
402.771000,0.030000,-0.000000,unrailed,0.030000,,
402.772000,0.030000,0.000000,unrailed,0.030000,,
402.773000,0.030000,-0.000000,unrailed,0.030000,,
402.774000,0.030000,0.000000,unrailed,0.030000,,
402.775000,0.030000,-0.000000,unrailed,0.030000,,
402.776000,0.030000,0.000000,unrailed,0.030000,,
402.777000,0.030000,-0.000000,unrailed,0.030000,,
402.778000,0.030000,0.000000,unrailed,0.030000,,
402.779000,0.030000,-0.000000,unrailed,0.030000,,
402.780000,0.030000,0.000000,unrailed,0.030000,,
402.781000,0.030000,-0.000000,unrailed,0.030000,,
402.782000,0.030000,0.000000,unrailed,0.030000,,
402.783000,0.030000,-0.000000,unrailed,0.030000,,
402.784000,0.030000,0.000000,unrailed,0.030000,,
402.785000,0.030000,-0.000000,unrailed,0.030000,,
402.786000,0.030000,0.000000,unrailed,0.030000,,
402.787000,0.030000,-0.000000,unrailed,0.030000,,
402.788000,0.030000,0.000000,unrailed,0.030000,,
402.789000,0.030000,-0.000000,unrailed,0.030000,,
402.790000,0.030000,0.000000,unrailed,0.030000,,
402.791000,0.030000,-0.000000,unrailed,0.030000,,
402.792000,0.030000,0.000000,unrailed,0.030000,,
402.793000,0.030000,-0.000000,unrailed,0.030000,,
402.794000,0.030000,0.000000,unrailed,0.030000,,
402.795000,0.030000,-0.000000,unrailed,0.030000,,
402.796000,0.030000,0.000000,unrailed,0.030000,,
402.797000,0.030000,-0.000000,unrailed,0.030000,,
402.798000,0.030000,0.000000,unrailed,0.030000,,
402.799000,0.030000,-0.000000,unrailed,0.030000,,
402.800000,0.030000,0.000000,unrailed,0.030000,,
402.801000,0.030000,-0.000000,unrailed,0.030000,,
402.802000,0.030000,0.000000,unrailed,0.030000,,
402.803000,0.030000,-0.000000,unrailed,0.030000,,
402.804000,0.030000,0.000000,unrailed,0.030000,,
402.805000,0.030000,-0.000000,unrailed,0.030000,,
402.806000,0.030000,0.000000,unrailed,0.030000,,
402.807000,0.030000,-0.000000,unrailed,0.030000,,
402.808000,0.030000,0.000000,unrailed,0.030000,,
402.809000,0.030000,-0.000000,unrailed,0.030000,,
402.810000,0.030000,0.000000,unrailed,0.030000,,
402.811000,0.030000,-0.000000,unrailed,0.030000,,
402.812000,0.030000,0.000000,unrailed,0.030000,,
402.813000,0.030000,-0.000000,unrailed,0.030000,,
402.814000,0.030000,0.000000,unrailed,0.030000,,
402.815000,0.030000,-0.000000,unrailed,0.030000,,
402.816000,0.030000,0.000000,unrailed,0.030000,,
402.817000,0.030000,-0.000000,unrailed,0.030000,,
402.818000,0.030000,0.000000,unrailed,0.030000,,
402.819000,0.030000,-0.000000,unrailed,0.030000,,
402.820000,0.030000,0.000000,unrailed,0.030000,,
402.821000,0.030000,-0.000000,unrailed,0.030000,,
402.822000,0.030000,0.000000,unrailed,0.030000,,
402.823000,0.030000,-0.000000,unrailed,0.030000,,
402.824000,0.030000,0.000000,unrailed,0.030000,,
402.825000,0.030000,-0.000000,unrailed,0.030000,,
402.826000,0.030000,0.000000,unrailed,0.030000,,
402.827000,0.030000,-0.000000,unrailed,0.030000,,
402.828000,0.030000,0.000000,unrailed,0.030000,,
402.829000,0.030000,-0.000000,unrailed,0.030000,,
402.830000,0.030000,0.000000,unrailed,0.030000,,
402.831000,0.030000,-0.000000,unrailed,0.030000,,
402.832000,0.030000,0.000000,unrailed,0.030000,,
402.833000,0.030000,-0.000000,unrailed,0.030000,,
402.834000,0.030000,0.000000,unrailed,0.030000,,
402.835000,0.030000,-0.000000,unrailed,0.030000,,
402.836000,0.030000,0.000000,unrailed,0.030000,,
402.837000,0.030000,-0.000000,unrailed,0.030000,,
402.838000,0.030000,0.000000,unrailed,0.030000,,
402.839000,0.030000,-0.000000,unrailed,0.030000,,
402.840000,0.030000,0.000000,unrailed,0.030000,,
402.841000,0.030000,-0.000000,unrailed,0.030000,,
402.842000,0.030000,0.000000,unrailed,0.030000,,
402.843000,0.030000,-0.000000,unrailed,0.030000,,
402.844000,0.030000,0.000000,unrailed,0.030000,,
402.845000,0.030000,-0.000000,unrailed,0.030000,,
402.846000,0.030000,0.000000,unrailed,0.030000,,
402.847000,0.030000,-0.000000,unrailed,0.030000,,
402.848000,0.030000,0.000000,unrailed,0.030000,,
402.849000,0.030000,-0.000000,unrailed,0.030000,,
402.850000,0.030000,0.000000,unrailed,0.030000,,
402.851000,0.030000,-0.000000,unrailed,0.030000,,
402.852000,0.030000,0.000000,unrailed,0.030000,,
402.853000,0.030000,-0.000000,unrailed,0.030000,,
402.854000,0.030000,0.000000,unrailed,0.030000,,
402.855000,0.030000,-0.000000,unrailed,0.030000,,
402.856000,0.030000,0.000000,unrailed,0.030000,,
402.857000,0.030000,-0.000000,unrailed,0.030000,,
402.858000,0.030000,0.000000,unrailed,0.030000,,
402.859000,0.030000,-0.000000,unrailed,0.030000,,
402.860000,0.030000,0.000000,unrailed,0.030000,,
402.861000,0.030000,-0.000000,unrailed,0.030000,,
402.862000,0.030000,0.000000,unrailed,0.030000,,
402.863000,0.030000,-0.000000,unrailed,0.030000,,
402.864000,0.030000,0.000000,unrailed,0.030000,,
402.865000,0.030000,-0.000000,unrailed,0.030000,,
402.866000,0.030000,0.000000,unrailed,0.030000,,
402.867000,0.030000,-0.000000,unrailed,0.030000,,
402.868000,0.030000,0.000000,unrailed,0.030000,,
402.869000,0.030000,-0.000000,unrailed,0.030000,,
402.870000,0.030000,0.000000,unrailed,0.030000,,
402.871000,0.030000,-0.000000,unrailed,0.030000,,
402.872000,0.030000,0.000000,unrailed,0.030000,,
402.873000,0.030000,-0.000000,unrailed,0.030000,,
402.874000,0.030000,0.000000,unrailed,0.030000,,
402.875000,0.030000,-0.000000,unrailed,0.030000,,
402.876000,0.030000,0.000000,unrailed,0.030000,,
402.877000,0.030000,-0.000000,unrailed,0.030000,,
402.878000,0.030000,0.000000,unrailed,0.030000,,
402.879000,0.030000,-0.000000,unrailed,0.030000,,
402.880000,0.030000,0.000000,unrailed,0.030000,,
402.881000,0.030000,-0.000000,unrailed,0.030000,,
402.882000,0.030000,0.000000,unrailed,0.030000,,
402.883000,0.030000,-0.000000,unrailed,0.030000,,
402.884000,0.030000,0.000000,unrailed,0.030000,,
402.885000,0.030000,-0.000000,unrailed,0.030000,,
402.886000,0.030000,0.000000,unrailed,0.030000,,
402.887000,0.030000,-0.000000,unrailed,0.030000,,
402.888000,0.030000,0.000000,unrailed,0.030000,,
402.889000,0.030000,-0.000000,unrailed,0.030000,,
402.890000,0.030000,0.000000,unrailed,0.030000,,
402.891000,0.030000,-0.000000,unrailed,0.030000,,
402.892000,0.030000,0.000000,unrailed,0.030000,,
402.893000,0.030000,-0.000000,unrailed,0.030000,,
402.894000,0.030000,0.000000,unrailed,0.030000,,
402.895000,0.030000,-0.000000,unrailed,0.030000,,
402.896000,0.030000,0.000000,unrailed,0.030000,,
402.897000,0.030000,-0.000000,unrailed,0.030000,,
402.898000,0.030000,0.000000,unrailed,0.030000,,
402.899000,0.030000,-0.000000,unrailed,0.030000,,
402.900000,0.030000,0.000000,unrailed,0.030000,,
402.901000,0.030000,-0.000000,unrailed,0.030000,,
402.902000,0.030000,0.000000,unrailed,0.030000,,
402.903000,0.030000,-0.000000,unrailed,0.030000,,
402.904000,0.030000,0.000000,unrailed,0.030000,,
402.905000,0.030000,-0.000000,unrailed,0.030000,,
402.906000,0.030000,0.000000,unrailed,0.030000,,
402.907000,0.030000,-0.000000,unrailed,0.030000,,
402.908000,0.030000,0.000000,unrailed,0.030000,,
402.909000,0.030000,-0.000000,unrailed,0.030000,,
402.910000,0.030000,0.000000,unrailed,0.030000,,
402.911000,0.030000,-0.000000,unrailed,0.030000,,
402.912000,0.030000,0.000000,unrailed,0.030000,,
402.913000,0.030000,-0.000000,unrailed,0.030000,,
402.914000,0.030000,0.000000,unrailed,0.030000,,
402.915000,0.030000,-0.000000,unrailed,0.030000,,
402.916000,0.030000,0.000000,unrailed,0.030000,,
402.917000,0.030000,-0.000000,unrailed,0.030000,,
402.918000,0.030000,0.000000,unrailed,0.030000,,
402.919000,0.030000,-0.000000,unrailed,0.030000,,
402.920000,0.030000,0.000000,unrailed,0.030000,,
402.921000,0.030000,-0.000000,unrailed,0.030000,,
402.922000,0.030000,0.000000,unrailed,0.030000,,
402.923000,0.030000,-0.000000,unrailed,0.030000,,
402.924000,0.030000,0.000000,unrailed,0.030000,,
402.925000,0.030000,-0.000000,unrailed,0.030000,,
402.926000,0.030000,0.000000,unrailed,0.030000,,
402.927000,0.030000,-0.000000,unrailed,0.030000,,
402.928000,0.030000,0.000000,unrailed,0.030000,,
402.929000,0.030000,-0.000000,unrailed,0.030000,,
402.930000,0.030000,0.000000,unrailed,0.030000,,
402.931000,0.030000,-0.000000,unrailed,0.030000,,
402.932000,0.030000,0.000000,unrailed,0.030000,,
402.933000,0.030000,-0.000000,unrailed,0.030000,,
402.934000,0.030000,0.000000,unrailed,0.030000,,
402.935000,0.030000,-0.000000,unrailed,0.030000,,
402.936000,0.030000,0.000000,unrailed,0.030000,,
402.937000,0.030000,-0.000000,unrailed,0.030000,,
402.938000,0.030000,0.000000,unrailed,0.030000,,
402.939000,0.030000,-0.000000,unrailed,0.030000,,
402.940000,0.030000,0.000000,unrailed,0.030000,,
402.941000,0.030000,-0.000000,unrailed,0.030000,,
402.942000,0.030000,0.000000,unrailed,0.030000,,
402.943000,0.030000,-0.000000,unrailed,0.030000,,
402.944000,0.030000,0.000000,unrailed,0.030000,,
402.945000,0.030000,-0.000000,unrailed,0.030000,,
402.946000,0.030000,0.000000,unrailed,0.030000,,
402.947000,0.030000,-0.000000,unrailed,0.030000,,
402.948000,0.030000,0.000000,unrailed,0.030000,,
402.949000,0.030000,-0.000000,unrailed,0.030000,,
402.950000,0.030000,0.000000,unrailed,0.030000,,
402.951000,0.030000,-0.000000,unrailed,0.030000,,
402.952000,0.030000,0.000000,unrailed,0.030000,,
402.953000,0.030000,-0.000000,unrailed,0.030000,,
402.954000,0.030000,0.000000,unrailed,0.030000,,
402.955000,0.030000,-0.000000,unrailed,0.030000,,
402.956000,0.030000,0.000000,unrailed,0.030000,,
402.957000,0.030000,-0.000000,unrailed,0.030000,,
402.958000,0.030000,0.000000,unrailed,0.030000,,
402.959000,0.030000,-0.000000,unrailed,0.030000,,
402.960000,0.030000,0.000000,unrailed,0.030000,,
402.961000,0.030000,-0.000000,unrailed,0.030000,,
402.962000,0.030000,0.000000,unrailed,0.030000,,
402.963000,0.030000,-0.000000,unrailed,0.030000,,
402.964000,0.030000,0.000000,unrailed,0.030000,,
402.965000,0.030000,-0.000000,unrailed,0.030000,,
402.966000,0.030000,0.000000,unrailed,0.030000,,
402.967000,0.030000,-0.000000,unrailed,0.030000,,
402.968000,0.030000,0.000000,unrailed,0.030000,,
402.969000,0.030000,-0.000000,unrailed,0.030000,,
402.970000,0.030000,0.000000,unrailed,0.030000,,
402.971000,0.030000,-0.000000,unrailed,0.030000,,
402.972000,0.030000,0.000000,unrailed,0.030000,,
402.973000,0.030000,-0.000000,unrailed,0.030000,,
402.974000,0.030000,0.000000,unrailed,0.030000,,
402.975000,0.030000,-0.000000,unrailed,0.030000,,
402.976000,0.030000,0.000000,unrailed,0.030000,,
402.977000,0.030000,-0.000000,unrailed,0.030000,,
402.978000,0.030000,0.000000,unrailed,0.030000,,
402.979000,0.030000,-0.000000,unrailed,0.030000,,
402.980000,0.030000,0.000000,unrailed,0.030000,,
402.981000,0.030000,-0.000000,unrailed,0.030000,,
402.982000,0.030000,0.000000,unrailed,0.030000,,
402.983000,0.030000,-0.000000,unrailed,0.030000,,
402.984000,0.030000,0.000000,unrailed,0.030000,,
402.985000,0.030000,-0.000000,unrailed,0.030000,,
402.986000,0.030000,0.000000,unrailed,0.030000,,
402.987000,0.030000,-0.000000,unrailed,0.030000,,
402.988000,0.030000,0.000000,unrailed,0.030000,,
402.989000,0.030000,-0.000000,unrailed,0.030000,,
402.990000,0.030000,0.000000,unrailed,0.030000,,
402.991000,0.030000,-0.000000,unrailed,0.030000,,
402.992000,0.030000,0.000000,unrailed,0.030000,,
402.993000,0.030000,-0.000000,unrailed,0.030000,,
402.994000,0.030000,0.000000,unrailed,0.030000,,
402.995000,0.030000,-0.000000,unrailed,0.030000,,
402.996000,0.030000,0.000000,unrailed,0.030000,,
402.997000,0.030000,-0.000000,unrailed,0.030000,,
402.998000,0.030000,0.000000,unrailed,0.030000,,
402.999000,0.030000,-0.000000,unrailed,0.030000,,
403.000000,0.030000,0.000000,unrailed,0.030000,,
403.001000,0.030000,-0.000000,unrailed,0.030000,,
403.002000,0.030000,0.000000,unrailed,0.030000,,
403.003000,0.030000,-0.000000,unrailed,0.030000,,
403.004000,0.030000,0.000000,unrailed,0.030000,,
403.005000,0.030000,-0.000000,unrailed,0.030000,,
403.006000,0.030000,0.000000,unrailed,0.030000,,
403.007000,0.030000,-0.000000,unrailed,0.030000,,
403.008000,0.030000,0.000000,unrailed,0.030000,,
403.009000,0.030000,-0.000000,unrailed,0.030000,,
403.010000,0.030000,0.000000,unrailed,0.030000,,
403.011000,0.030000,-0.000000,unrailed,0.030000,,
403.012000,0.030000,0.000000,unrailed,0.030000,,
403.013000,0.030000,-0.000000,unrailed,0.030000,,
403.014000,0.030000,0.000000,unrailed,0.030000,,
403.015000,0.030000,-0.000000,unrailed,0.030000,,
403.016000,0.030000,0.000000,unrailed,0.030000,,
403.017000,0.030000,-0.000000,unrailed,0.030000,,
403.018000,0.030000,0.000000,unrailed,0.030000,,
403.019000,0.030000,-0.000000,unrailed,0.030000,,
403.020000,0.030000,0.000000,unrailed,0.030000,,
403.021000,0.030000,-0.000000,unrailed,0.030000,,
403.022000,0.030000,0.000000,unrailed,0.030000,,
403.023000,0.030000,-0.000000,unrailed,0.030000,,
403.024000,0.030000,0.000000,unrailed,0.030000,,
403.025000,0.030000,-0.000000,unrailed,0.030000,,
403.026000,0.030000,0.000000,unrailed,0.030000,,
403.027000,0.030000,-0.000000,unrailed,0.030000,,
403.028000,0.030000,0.000000,unrailed,0.030000,,
403.029000,0.030000,-0.000000,unrailed,0.030000,,
403.030000,0.030000,0.000000,unrailed,0.030000,,
403.031000,0.030000,-0.000000,unrailed,0.030000,,
403.032000,0.030000,0.000000,unrailed,0.030000,,
403.033000,0.030000,-0.000000,unrailed,0.030000,,
403.034000,0.030000,0.000000,unrailed,0.030000,,
403.035000,0.030000,-0.000000,unrailed,0.030000,,
403.036000,0.030000,0.000000,unrailed,0.030000,,
403.037000,0.030000,-0.000000,unrailed,0.030000,,
403.038000,0.030000,0.000000,unrailed,0.030000,,
403.039000,0.030000,-0.000000,unrailed,0.030000,,
403.040000,0.030000,0.000000,unrailed,0.030000,,
403.041000,0.030000,-0.000000,unrailed,0.030000,,
403.042000,0.030000,0.000000,unrailed,0.030000,,
403.043000,0.030000,-0.000000,unrailed,0.030000,,
403.044000,0.030000,0.000000,unrailed,0.030000,,
403.045000,0.030000,-0.000000,unrailed,0.030000,,
403.046000,0.030000,0.000000,unrailed,0.030000,,
403.047000,0.030000,-0.000000,unrailed,0.030000,,
403.048000,0.030000,0.000000,unrailed,0.030000,,
403.049000,0.030000,-0.000000,unrailed,0.030000,,
403.050000,0.030000,0.000000,unrailed,0.030000,,
403.051000,0.030000,-0.000000,unrailed,0.030000,,
403.052000,0.030000,0.000000,unrailed,0.030000,,
403.053000,0.030000,-0.000000,unrailed,0.030000,,
403.054000,0.030000,0.000000,unrailed,0.030000,,
403.055000,0.030000,-0.000000,unrailed,0.030000,,
403.056000,0.030000,0.000000,unrailed,0.030000,,
403.057000,0.030000,-0.000000,unrailed,0.030000,,
403.058000,0.030000,0.000000,unrailed,0.030000,,
403.059000,0.030000,-0.000000,unrailed,0.030000,,
403.060000,0.030000,0.000000,unrailed,0.030000,,
403.061000,0.030000,-0.000000,unrailed,0.030000,,
403.062000,0.030000,0.000000,unrailed,0.030000,,
403.063000,0.030000,-0.000000,unrailed,0.030000,,
403.064000,0.030000,0.000000,unrailed,0.030000,,
403.065000,0.030000,-0.000000,unrailed,0.030000,,
403.066000,0.030000,0.000000,unrailed,0.030000,,
403.067000,0.030000,-0.000000,unrailed,0.030000,,
403.068000,0.030000,0.000000,unrailed,0.030000,,
403.069000,0.030000,-0.000000,unrailed,0.030000,,
403.070000,0.030000,0.000000,unrailed,0.030000,,
403.071000,0.030000,-0.000000,unrailed,0.030000,,
403.072000,0.030000,0.000000,unrailed,0.030000,,
403.073000,0.030000,-0.000000,unrailed,0.030000,,
403.074000,0.030000,0.000000,unrailed,0.030000,,
403.075000,0.030000,-0.000000,unrailed,0.030000,,
403.076000,0.030000,0.000000,unrailed,0.030000,,
403.077000,0.030000,-0.000000,unrailed,0.030000,,
403.078000,0.030000,0.000000,unrailed,0.030000,,
403.079000,0.030000,-0.000000,unrailed,0.030000,,
403.080000,0.030000,0.000000,unrailed,0.030000,,
403.081000,0.030000,-0.000000,unrailed,0.030000,,
403.082000,0.030000,0.000000,unrailed,0.030000,,
403.083000,0.030000,-0.000000,unrailed,0.030000,,
403.084000,0.030000,0.000000,unrailed,0.030000,,
403.085000,0.030000,-0.000000,unrailed,0.030000,,
403.086000,0.030000,0.000000,unrailed,0.030000,,
403.087000,0.030000,-0.000000,unrailed,0.030000,,
403.088000,0.030000,0.000000,unrailed,0.030000,,
403.089000,0.030000,-0.000000,unrailed,0.030000,,
403.090000,0.030000,0.000000,unrailed,0.030000,,
403.091000,0.030000,-0.000000,unrailed,0.030000,,
403.092000,0.030000,0.000000,unrailed,0.030000,,
403.093000,0.030000,-0.000000,unrailed,0.030000,,
403.094000,0.030000,0.000000,unrailed,0.030000,,
403.095000,0.030000,-0.000000,unrailed,0.030000,,
403.096000,0.030000,0.000000,unrailed,0.030000,,
403.097000,0.030000,-0.000000,unrailed,0.030000,,
403.098000,0.030000,0.000000,unrailed,0.030000,,
403.099000,0.030000,-0.000000,unrailed,0.030000,,
403.100000,0.030000,0.000000,unrailed,0.030000,,
403.101000,0.030000,-0.000000,unrailed,0.030000,,
403.102000,0.030000,0.000000,unrailed,0.030000,,
403.103000,0.030000,-0.000000,unrailed,0.030000,,
403.104000,0.030000,0.000000,unrailed,0.030000,,
403.105000,0.030000,-0.000000,unrailed,0.030000,,
403.106000,0.030000,0.000000,unrailed,0.030000,,
403.107000,0.030000,-0.000000,unrailed,0.030000,,
403.108000,0.030000,0.000000,unrailed,0.030000,,
403.109000,0.030000,-0.000000,unrailed,0.030000,,
403.110000,0.030000,0.000000,unrailed,0.030000,,
403.111000,0.030000,-0.000000,unrailed,0.030000,,
403.112000,0.030000,0.000000,unrailed,0.030000,,
403.113000,0.030000,-0.000000,unrailed,0.030000,,
403.114000,0.030000,0.000000,unrailed,0.030000,,
403.115000,0.030000,-0.000000,unrailed,0.030000,,
403.116000,0.030000,0.000000,unrailed,0.030000,,
403.117000,0.030000,-0.000000,unrailed,0.030000,,
403.118000,0.030000,0.000000,unrailed,0.030000,,
403.119000,0.030000,-0.000000,unrailed,0.030000,,
403.120000,0.030000,0.000000,unrailed,0.030000,,
403.121000,0.030000,-0.000000,unrailed,0.030000,,
403.122000,0.030000,0.000000,unrailed,0.030000,,
403.123000,0.030000,-0.000000,unrailed,0.030000,,
403.124000,0.030000,0.000000,unrailed,0.030000,,
403.125000,0.030000,-0.000000,unrailed,0.030000,,
403.126000,0.030000,0.000000,unrailed,0.030000,,
403.127000,0.030000,-0.000000,unrailed,0.030000,,
403.128000,0.030000,0.000000,unrailed,0.030000,,
403.129000,0.030000,-0.000000,unrailed,0.030000,,
403.130000,0.030000,0.000000,unrailed,0.030000,,
403.131000,0.030000,-0.000000,unrailed,0.030000,,
403.132000,0.030000,0.000000,unrailed,0.030000,,
403.133000,0.030000,-0.000000,unrailed,0.030000,,
403.134000,0.030000,0.000000,unrailed,0.030000,,
403.135000,0.030000,-0.000000,unrailed,0.030000,,
403.136000,0.030000,0.000000,unrailed,0.030000,,
403.137000,0.030000,-0.000000,unrailed,0.030000,,
403.138000,0.030000,0.000000,unrailed,0.030000,,
403.139000,0.030000,-0.000000,unrailed,0.030000,,
403.140000,0.030000,0.000000,unrailed,0.030000,,
403.141000,0.030000,-0.000000,unrailed,0.030000,,
403.142000,0.030000,0.000000,unrailed,0.030000,,
403.143000,0.030000,-0.000000,unrailed,0.030000,,
403.144000,0.030000,0.000000,unrailed,0.030000,,
403.145000,0.030000,-0.000000,unrailed,0.030000,,
403.146000,0.030000,0.000000,unrailed,0.030000,,
403.147000,0.030000,-0.000000,unrailed,0.030000,,
403.148000,0.030000,0.000000,unrailed,0.030000,,
403.149000,0.030000,-0.000000,unrailed,0.030000,,
403.150000,0.030000,0.000000,unrailed,0.030000,,
403.151000,0.030000,-0.000000,unrailed,0.030000,,
403.152000,0.030000,0.000000,unrailed,0.030000,,
403.153000,0.030000,-0.000000,unrailed,0.030000,,
403.154000,0.030000,0.000000,unrailed,0.030000,,
403.155000,0.030000,-0.000000,unrailed,0.030000,,
403.156000,0.030000,0.000000,unrailed,0.030000,,
403.157000,0.030000,-0.000000,unrailed,0.030000,,
403.158000,0.030000,0.000000,unrailed,0.030000,,
403.159000,0.030000,-0.000000,unrailed,0.030000,,
403.160000,0.030000,0.000000,unrailed,0.030000,,
403.161000,0.030000,-0.000000,unrailed,0.030000,,
403.162000,0.030000,0.000000,unrailed,0.030000,,
403.163000,0.030000,-0.000000,unrailed,0.030000,,
403.164000,0.030000,0.000000,unrailed,0.030000,,
403.165000,0.030000,-0.000000,unrailed,0.030000,,
403.166000,0.030000,0.000000,unrailed,0.030000,,
403.167000,0.030000,-0.000000,unrailed,0.030000,,
403.168000,0.030000,0.000000,unrailed,0.030000,,
403.169000,0.030000,-0.000000,unrailed,0.030000,,
403.170000,0.030000,0.000000,unrailed,0.030000,,
403.171000,0.030000,-0.000000,unrailed,0.030000,,
403.172000,0.030000,0.000000,unrailed,0.030000,,
403.173000,0.030000,-0.000000,unrailed,0.030000,,
403.174000,0.030000,0.000000,unrailed,0.030000,,
403.175000,0.030000,-0.000000,unrailed,0.030000,,
403.176000,0.030000,0.000000,unrailed,0.030000,,
403.177000,0.030000,-0.000000,unrailed,0.030000,,
403.178000,0.030000,0.000000,unrailed,0.030000,,
403.179000,0.030000,-0.000000,unrailed,0.030000,,
403.180000,0.030000,0.000000,unrailed,0.030000,,
403.181000,0.030000,-0.000000,unrailed,0.030000,,
403.182000,0.030000,0.000000,unrailed,0.030000,,
403.183000,0.030000,-0.000000,unrailed,0.030000,,
403.184000,0.030000,0.000000,unrailed,0.030000,,
403.185000,0.030000,-0.000000,unrailed,0.030000,,
403.186000,0.030000,0.000000,unrailed,0.030000,,
403.187000,0.030000,-0.000000,unrailed,0.030000,,
403.188000,0.030000,0.000000,unrailed,0.030000,,
403.189000,0.030000,-0.000000,unrailed,0.030000,,
403.190000,0.030000,0.000000,unrailed,0.030000,,
403.191000,0.030000,-0.000000,unrailed,0.030000,,
403.192000,0.030000,0.000000,unrailed,0.030000,,
403.193000,0.030000,-0.000000,unrailed,0.030000,,
403.194000,0.030000,0.000000,unrailed,0.030000,,
403.195000,0.030000,-0.000000,unrailed,0.030000,,
403.196000,0.030000,0.000000,unrailed,0.030000,,
403.197000,0.030000,-0.000000,unrailed,0.030000,,
403.198000,0.030000,0.000000,unrailed,0.030000,,
403.199000,0.030000,-0.000000,unrailed,0.030000,,
403.200000,0.030000,0.000000,unrailed,0.030000,,
403.201000,0.030000,-0.000000,unrailed,0.030000,,
403.202000,0.030000,0.000000,unrailed,0.030000,,
403.203000,0.030000,-0.000000,unrailed,0.030000,,
403.204000,0.030000,0.000000,unrailed,0.030000,,
403.205000,0.030000,-0.000000,unrailed,0.030000,,
403.206000,0.030000,0.000000,unrailed,0.030000,,
403.207000,0.030000,-0.000000,unrailed,0.030000,,
403.208000,0.030000,0.000000,unrailed,0.030000,,
403.209000,0.030000,-0.000000,unrailed,0.030000,,
403.210000,0.030000,0.000000,unrailed,0.030000,,
403.211000,0.030000,-0.000000,unrailed,0.030000,,
403.212000,0.030000,0.000000,unrailed,0.030000,,
403.213000,0.030000,-0.000000,unrailed,0.030000,,
403.214000,0.030000,0.000000,unrailed,0.030000,,
403.215000,0.030000,-0.000000,unrailed,0.030000,,
403.216000,0.030000,0.000000,unrailed,0.030000,,
403.217000,0.030000,-0.000000,unrailed,0.030000,,
403.218000,0.030000,0.000000,unrailed,0.030000,,
403.219000,0.030000,-0.000000,unrailed,0.030000,,
403.220000,0.030000,0.000000,unrailed,0.030000,,
403.221000,0.030000,-0.000000,unrailed,0.030000,,
403.222000,0.030000,0.000000,unrailed,0.030000,,
403.223000,0.030000,-0.000000,unrailed,0.030000,,
403.224000,0.030000,0.000000,unrailed,0.030000,,
403.225000,0.030000,-0.000000,unrailed,0.030000,,
403.226000,0.030000,0.000000,unrailed,0.030000,,
403.227000,0.030000,-0.000000,unrailed,0.030000,,
403.228000,0.030000,0.000000,unrailed,0.030000,,
403.229000,0.030000,-0.000000,unrailed,0.030000,,
403.230000,0.030000,0.000000,unrailed,0.030000,,
403.231000,0.030000,-0.000000,unrailed,0.030000,,
403.232000,0.030000,0.000000,unrailed,0.030000,,
403.233000,0.030000,-0.000000,unrailed,0.030000,,
403.234000,0.030000,0.000000,unrailed,0.030000,,
403.235000,0.030000,-0.000000,unrailed,0.030000,,
403.236000,0.030000,0.000000,unrailed,0.030000,,
403.237000,0.030000,-0.000000,unrailed,0.030000,,
403.238000,0.030000,0.000000,unrailed,0.030000,,
403.239000,0.030000,-0.000000,unrailed,0.030000,,
403.240000,0.030000,0.000000,unrailed,0.030000,,
403.241000,0.030000,-0.000000,unrailed,0.030000,,
403.242000,0.030000,0.000000,unrailed,0.030000,,
403.243000,0.030000,-0.000000,unrailed,0.030000,,
403.244000,0.030000,0.000000,unrailed,0.030000,,
403.245000,0.030000,-0.000000,unrailed,0.030000,,
403.246000,0.030000,0.000000,unrailed,0.030000,,
403.247000,0.030000,-0.000000,unrailed,0.030000,,
403.248000,0.030000,0.000000,unrailed,0.030000,,
403.249000,0.030000,-0.000000,unrailed,0.030000,,
403.250000,0.030000,0.000000,unrailed,0.030000,,
403.251000,0.030000,-0.000000,unrailed,0.030000,,
403.252000,0.030000,0.000000,unrailed,0.030000,,
403.253000,0.030000,-0.000000,unrailed,0.030000,,
403.254000,0.030000,0.000000,unrailed,0.030000,,
403.255000,0.030000,-0.000000,unrailed,0.030000,,
403.256000,0.030000,0.000000,unrailed,0.030000,,
403.257000,0.030000,-0.000000,unrailed,0.030000,,
403.258000,0.030000,0.000000,unrailed,0.030000,,
403.259000,0.030000,-0.000000,unrailed,0.030000,,
403.260000,0.030000,0.000000,unrailed,0.030000,,
403.261000,0.030000,-0.000000,unrailed,0.030000,,
403.262000,0.030000,0.000000,unrailed,0.030000,,
403.263000,0.030000,-0.000000,unrailed,0.030000,,
403.264000,0.030000,0.000000,unrailed,0.030000,,
403.265000,0.030000,-0.000000,unrailed,0.030000,,
403.266000,0.030000,0.000000,unrailed,0.030000,,
403.267000,0.030000,-0.000000,unrailed,0.030000,,
403.268000,0.030000,0.000000,unrailed,0.030000,,
403.269000,0.030000,-0.000000,unrailed,0.030000,,
403.270000,0.030000,0.000000,unrailed,0.030000,,
403.271000,0.030000,-0.000000,unrailed,0.030000,,
403.272000,0.030000,0.000000,unrailed,0.030000,,
403.273000,0.030000,-0.000000,unrailed,0.030000,,
403.274000,0.030000,0.000000,unrailed,0.030000,,
403.275000,0.030000,-0.000000,unrailed,0.030000,,
403.276000,0.030000,0.000000,unrailed,0.030000,,
403.277000,0.030000,-0.000000,unrailed,0.030000,,
403.278000,0.030000,0.000000,unrailed,0.030000,,
403.279000,0.030000,-0.000000,unrailed,0.030000,,
403.280000,0.030000,0.000000,unrailed,0.030000,,
403.281000,0.030000,-0.000000,unrailed,0.030000,,
403.282000,0.030000,0.000000,unrailed,0.030000,,
403.283000,0.030000,-0.000000,unrailed,0.030000,,
403.284000,0.030000,0.000000,unrailed,0.030000,,
403.285000,0.030000,-0.000000,unrailed,0.030000,,
403.286000,0.030000,0.000000,unrailed,0.030000,,
403.287000,0.030000,-0.000000,unrailed,0.030000,,
403.288000,0.030000,0.000000,unrailed,0.030000,,
403.289000,0.030000,-0.000000,unrailed,0.030000,,
403.290000,0.030000,0.000000,unrailed,0.030000,,
403.291000,0.030000,-0.000000,unrailed,0.030000,,
403.292000,0.030000,0.000000,unrailed,0.030000,,
403.293000,0.030000,-0.000000,unrailed,0.030000,,
403.294000,0.030000,0.000000,unrailed,0.030000,,
403.295000,0.030000,-0.000000,unrailed,0.030000,,
403.296000,0.030000,0.000000,unrailed,0.030000,,
403.297000,0.030000,-0.000000,unrailed,0.030000,,
403.298000,0.030000,0.000000,unrailed,0.030000,,
403.299000,0.030000,-0.000000,unrailed,0.030000,,
403.300000,0.030000,0.000000,unrailed,0.030000,,
403.301000,0.030000,-0.000000,unrailed,0.030000,,
403.302000,0.030000,0.000000,unrailed,0.030000,,
403.303000,0.030000,-0.000000,unrailed,0.030000,,
403.304000,0.030000,0.000000,unrailed,0.030000,,
403.305000,0.030000,-0.000000,unrailed,0.030000,,
403.306000,0.030000,0.000000,unrailed,0.030000,,
403.307000,0.030000,-0.000000,unrailed,0.030000,,
403.308000,0.030000,0.000000,unrailed,0.030000,,
403.309000,0.030000,-0.000000,unrailed,0.030000,,
403.310000,0.030000,0.000000,unrailed,0.030000,,
403.311000,0.030000,-0.000000,unrailed,0.030000,,
403.312000,0.030000,0.000000,unrailed,0.030000,,
403.313000,0.030000,-0.000000,unrailed,0.030000,,
403.314000,0.030000,0.000000,unrailed,0.030000,,
403.315000,0.030000,-0.000000,unrailed,0.030000,,
403.316000,0.030000,0.000000,unrailed,0.030000,,
403.317000,0.030000,-0.000000,unrailed,0.030000,,
403.318000,0.030000,0.000000,unrailed,0.030000,,
403.319000,0.030000,-0.000000,unrailed,0.030000,,
403.320000,0.030000,0.000000,unrailed,0.030000,,
403.321000,0.030000,-0.000000,unrailed,0.030000,,
403.322000,0.030000,0.000000,unrailed,0.030000,,
403.323000,0.030000,-0.000000,unrailed,0.030000,,
403.324000,0.030000,0.000000,unrailed,0.030000,,
403.325000,0.030000,-0.000000,unrailed,0.030000,,
403.326000,0.030000,0.000000,unrailed,0.030000,,
403.327000,0.030000,-0.000000,unrailed,0.030000,,
403.328000,0.030000,0.000000,unrailed,0.030000,,
403.329000,0.030000,-0.000000,unrailed,0.030000,,
403.330000,0.030000,0.000000,unrailed,0.030000,,
403.331000,0.030000,-0.000000,unrailed,0.030000,,
403.332000,0.030000,0.000000,unrailed,0.030000,,
403.333000,0.030000,-0.000000,unrailed,0.030000,,
403.334000,0.030000,0.000000,unrailed,0.030000,,
403.335000,0.030000,-0.000000,unrailed,0.030000,,
403.336000,0.030000,0.000000,unrailed,0.030000,,
403.337000,0.030000,-0.000000,unrailed,0.030000,,
403.338000,0.030000,0.000000,unrailed,0.030000,,
403.339000,0.030000,-0.000000,unrailed,0.030000,,
403.340000,0.030000,0.000000,unrailed,0.030000,,
403.341000,0.030000,-0.000000,unrailed,0.030000,,
403.342000,0.030000,0.000000,unrailed,0.030000,,
403.343000,0.030000,-0.000000,unrailed,0.030000,,
403.344000,0.030000,0.000000,unrailed,0.030000,,
403.345000,0.030000,-0.000000,unrailed,0.030000,,
403.346000,0.030000,0.000000,unrailed,0.030000,,
403.347000,0.030000,-0.000000,unrailed,0.030000,,
403.348000,0.030000,0.000000,unrailed,0.030000,,
403.349000,0.030000,-0.000000,unrailed,0.030000,,
403.350000,0.030000,0.000000,unrailed,0.030000,,
403.351000,0.030000,-0.000000,unrailed,0.030000,,
403.352000,0.030000,0.000000,unrailed,0.030000,,
403.353000,0.030000,-0.000000,unrailed,0.030000,,
403.354000,0.030000,0.000000,unrailed,0.030000,,
403.355000,0.030000,-0.000000,unrailed,0.030000,,
403.356000,0.030000,0.000000,unrailed,0.030000,,
403.357000,0.030000,-0.000000,unrailed,0.030000,,
403.358000,0.030000,0.000000,unrailed,0.030000,,
403.359000,0.030000,-0.000000,unrailed,0.030000,,
403.360000,0.030000,0.000000,unrailed,0.030000,,
403.361000,0.030000,-0.000000,unrailed,0.030000,,
403.362000,0.030000,0.000000,unrailed,0.030000,,
403.363000,0.030000,-0.000000,unrailed,0.030000,,
403.364000,0.030000,0.000000,unrailed,0.030000,,
403.365000,0.030000,-0.000000,unrailed,0.030000,,
403.366000,0.030000,0.000000,unrailed,0.030000,,
403.367000,0.030000,-0.000000,unrailed,0.030000,,
403.368000,0.030000,0.000000,unrailed,0.030000,,
403.369000,0.030000,-0.000000,unrailed,0.030000,,
403.370000,0.030000,0.000000,unrailed,0.030000,,
403.371000,0.030000,-0.000000,unrailed,0.030000,,
403.372000,0.030000,0.000000,unrailed,0.030000,,
403.373000,0.030000,-0.000000,unrailed,0.030000,,
403.374000,0.030000,0.000000,unrailed,0.030000,,
403.375000,0.030000,-0.000000,unrailed,0.030000,,
403.376000,0.030000,0.000000,unrailed,0.030000,,
403.377000,0.030000,-0.000000,unrailed,0.030000,,
403.378000,0.030000,0.000000,unrailed,0.030000,,
403.379000,0.030000,-0.000000,unrailed,0.030000,,
403.380000,0.030000,0.000000,unrailed,0.030000,,
403.381000,0.030000,-0.000000,unrailed,0.030000,,
403.382000,0.030000,0.000000,unrailed,0.030000,,
403.383000,0.030000,-0.000000,unrailed,0.030000,,
403.384000,0.030000,0.000000,unrailed,0.030000,,
403.385000,0.030000,-0.000000,unrailed,0.030000,,
403.386000,0.030000,0.000000,unrailed,0.030000,,
403.387000,0.030000,-0.000000,unrailed,0.030000,,
403.388000,0.030000,0.000000,unrailed,0.030000,,
403.389000,0.030000,-0.000000,unrailed,0.030000,,
403.390000,0.030000,0.000000,unrailed,0.030000,,
403.391000,0.030000,-0.000000,unrailed,0.030000,,
403.392000,0.030000,0.000000,unrailed,0.030000,,
403.393000,0.030000,-0.000000,unrailed,0.030000,,
403.394000,0.030000,0.000000,unrailed,0.030000,,
403.395000,0.030000,-0.000000,unrailed,0.030000,,
403.396000,0.030000,0.000000,unrailed,0.030000,,
403.397000,0.030000,-0.000000,unrailed,0.030000,,
403.398000,0.030000,0.000000,unrailed,0.030000,,
403.399000,0.030000,-0.000000,unrailed,0.030000,,
403.400000,0.030000,0.000000,unrailed,0.030000,,
403.401000,0.030000,-0.000000,unrailed,0.030000,,
403.402000,0.030000,0.000000,unrailed,0.030000,,
403.403000,0.030000,-0.000000,unrailed,0.030000,,
403.404000,0.030000,0.000000,unrailed,0.030000,,
403.405000,0.030000,-0.000000,unrailed,0.030000,,
403.406000,0.030000,0.000000,unrailed,0.030000,,
403.407000,0.030000,-0.000000,unrailed,0.030000,,
403.408000,0.030000,0.000000,unrailed,0.030000,,
403.409000,0.030000,-0.000000,unrailed,0.030000,,
403.410000,0.030000,0.000000,unrailed,0.030000,,
403.411000,0.030000,-0.000000,unrailed,0.030000,,
403.412000,0.030000,0.000000,unrailed,0.030000,,
403.413000,0.030000,-0.000000,unrailed,0.030000,,
403.414000,0.030000,0.000000,unrailed,0.030000,,
403.415000,0.030000,-0.000000,unrailed,0.030000,,
403.416000,0.030000,0.000000,unrailed,0.030000,,
403.417000,0.030000,-0.000000,unrailed,0.030000,,
403.418000,0.030000,0.000000,unrailed,0.030000,,
403.419000,0.030000,-0.000000,unrailed,0.030000,,
403.420000,0.030000,0.000000,unrailed,0.030000,,
403.421000,0.030000,-0.000000,unrailed,0.030000,,
403.422000,0.030000,0.000000,unrailed,0.030000,,
403.423000,0.030000,-0.000000,unrailed,0.030000,,
403.424000,0.030000,0.000000,unrailed,0.030000,,
403.425000,0.030000,-0.000000,unrailed,0.030000,,
403.426000,0.030000,0.000000,unrailed,0.030000,,
403.427000,0.030000,-0.000000,unrailed,0.030000,,
403.428000,0.030000,0.000000,unrailed,0.030000,,
403.429000,0.030000,-0.000000,unrailed,0.030000,,
403.430000,0.030000,0.000000,unrailed,0.030000,,
403.431000,0.030000,-0.000000,unrailed,0.030000,,
403.432000,0.030000,0.000000,unrailed,0.030000,,
403.433000,0.030000,-0.000000,unrailed,0.030000,,
403.434000,0.030000,0.000000,unrailed,0.030000,,
403.435000,0.030000,-0.000000,unrailed,0.030000,,
403.436000,0.030000,0.000000,unrailed,0.030000,,
403.437000,0.030000,-0.000000,unrailed,0.030000,,
403.438000,0.030000,0.000000,unrailed,0.030000,,
403.439000,0.030000,-0.000000,unrailed,0.030000,,
403.440000,0.030000,0.000000,unrailed,0.030000,,
403.441000,0.030000,-0.000000,unrailed,0.030000,,
403.442000,0.030000,0.000000,unrailed,0.030000,,
403.443000,0.030000,-0.000000,unrailed,0.030000,,
403.444000,0.030000,0.000000,unrailed,0.030000,,
403.445000,0.030000,-0.000000,unrailed,0.030000,,
403.446000,0.030000,0.000000,unrailed,0.030000,,
403.447000,0.030000,-0.000000,unrailed,0.030000,,
403.448000,0.030000,0.000000,unrailed,0.030000,,
403.449000,0.030000,-0.000000,unrailed,0.030000,,
403.450000,0.030000,0.000000,unrailed,0.030000,,
403.451000,0.030000,-0.000000,unrailed,0.030000,,
403.452000,0.030000,0.000000,unrailed,0.030000,,
403.453000,0.030000,-0.000000,unrailed,0.030000,,
403.454000,0.030000,0.000000,unrailed,0.030000,,
403.455000,0.030000,-0.000000,unrailed,0.030000,,
403.456000,0.030000,0.000000,unrailed,0.030000,,
403.457000,0.030000,-0.000000,unrailed,0.030000,,
403.458000,0.030000,0.000000,unrailed,0.030000,,
403.459000,0.030000,-0.000000,unrailed,0.030000,,
403.460000,0.030000,0.000000,unrailed,0.030000,,
403.461000,0.030000,-0.000000,unrailed,0.030000,,
403.462000,0.030000,0.000000,unrailed,0.030000,,
403.463000,0.030000,-0.000000,unrailed,0.030000,,
403.464000,0.030000,0.000000,unrailed,0.030000,,
403.465000,0.030000,-0.000000,unrailed,0.030000,,
403.466000,0.030000,0.000000,unrailed,0.030000,,
403.467000,0.030000,-0.000000,unrailed,0.030000,,
403.468000,0.030000,0.000000,unrailed,0.030000,,
403.469000,0.030000,-0.000000,unrailed,0.030000,,
403.470000,0.030000,0.000000,unrailed,0.030000,,
403.471000,0.030000,-0.000000,unrailed,0.030000,,
403.472000,0.030000,0.000000,unrailed,0.030000,,
403.473000,0.030000,-0.000000,unrailed,0.030000,,
403.474000,0.030000,0.000000,unrailed,0.030000,,
403.475000,0.030000,-0.000000,unrailed,0.030000,,
403.476000,0.030000,0.000000,unrailed,0.030000,,
403.477000,0.030000,-0.000000,unrailed,0.030000,,
403.478000,0.030000,0.000000,unrailed,0.030000,,
403.479000,0.030000,-0.000000,unrailed,0.030000,,
403.480000,0.030000,0.000000,unrailed,0.030000,,
403.481000,0.030000,-0.000000,unrailed,0.030000,,
403.482000,0.030000,0.000000,unrailed,0.030000,,
403.483000,0.030000,-0.000000,unrailed,0.030000,,
403.484000,0.030000,0.000000,unrailed,0.030000,,
403.485000,0.030000,-0.000000,unrailed,0.030000,,
403.486000,0.030000,0.000000,unrailed,0.030000,,
403.487000,0.030000,-0.000000,unrailed,0.030000,,
403.488000,0.030000,0.000000,unrailed,0.030000,,
403.489000,0.030000,-0.000000,unrailed,0.030000,,
403.490000,0.030000,0.000000,unrailed,0.030000,,
403.491000,0.030000,-0.000000,unrailed,0.030000,,
403.492000,0.030000,0.000000,unrailed,0.030000,,
403.493000,0.030000,-0.000000,unrailed,0.030000,,
403.494000,0.030000,0.000000,unrailed,0.030000,,
403.495000,0.030000,-0.000000,unrailed,0.030000,,
403.496000,0.030000,0.000000,unrailed,0.030000,,
403.497000,0.030000,-0.000000,unrailed,0.030000,,
403.498000,0.030000,0.000000,unrailed,0.030000,,
403.499000,0.030000,-0.000000,unrailed,0.030000,,
403.500000,0.030000,0.000000,unrailed,0.030000,,
403.501000,0.030000,-0.000000,unrailed,0.030000,,
403.502000,0.030000,0.000000,unrailed,0.030000,,
403.503000,0.030000,-0.000000,unrailed,0.030000,,
403.504000,0.030000,0.000000,unrailed,0.030000,,
403.505000,0.030000,-0.000000,unrailed,0.030000,,
403.506000,0.030000,0.000000,unrailed,0.030000,,
403.507000,0.030000,-0.000000,unrailed,0.030000,,
403.508000,0.030000,0.000000,unrailed,0.030000,,
403.509000,0.030000,-0.000000,unrailed,0.030000,,
403.510000,0.030000,0.000000,unrailed,0.030000,,
403.511000,0.030000,-0.000000,unrailed,0.030000,,
403.512000,0.030000,0.000000,unrailed,0.030000,,
403.513000,0.030000,-0.000000,unrailed,0.030000,,
403.514000,0.030000,0.000000,unrailed,0.030000,,
403.515000,0.030000,-0.000000,unrailed,0.030000,,
403.516000,0.030000,0.000000,unrailed,0.030000,,
403.517000,0.030000,-0.000000,unrailed,0.030000,,
403.518000,0.030000,0.000000,unrailed,0.030000,,
403.519000,0.030000,-0.000000,unrailed,0.030000,,
403.520000,0.030000,0.000000,unrailed,0.030000,,
403.521000,0.030000,-0.000000,unrailed,0.030000,,
403.522000,0.030000,0.000000,unrailed,0.030000,,
403.523000,0.030000,-0.000000,unrailed,0.030000,,
403.524000,0.030000,0.000000,unrailed,0.030000,,
403.525000,0.030000,-0.000000,unrailed,0.030000,,
403.526000,0.030000,0.000000,unrailed,0.030000,,
403.527000,0.030000,-0.000000,unrailed,0.030000,,
403.528000,0.030000,0.000000,unrailed,0.030000,,
403.529000,0.030000,-0.000000,unrailed,0.030000,,
403.530000,0.030000,0.000000,unrailed,0.030000,,
403.531000,0.030000,-0.000000,unrailed,0.030000,,
403.532000,0.030000,0.000000,unrailed,0.030000,,
403.533000,0.030000,-0.000000,unrailed,0.030000,,
403.534000,0.030000,0.000000,unrailed,0.030000,,
403.535000,0.030000,-0.000000,unrailed,0.030000,,
403.536000,0.030000,0.000000,unrailed,0.030000,,
403.537000,0.030000,-0.000000,unrailed,0.030000,,
403.538000,0.030000,0.000000,unrailed,0.030000,,
403.539000,0.030000,-0.000000,unrailed,0.030000,,
403.540000,0.030000,0.000000,unrailed,0.030000,,
403.541000,0.030000,-0.000000,unrailed,0.030000,,
403.542000,0.030000,0.000000,unrailed,0.030000,,
403.543000,0.030000,-0.000000,unrailed,0.030000,,
403.544000,0.030000,0.000000,unrailed,0.030000,,
403.545000,0.030000,-0.000000,unrailed,0.030000,,
403.546000,0.030000,0.000000,unrailed,0.030000,,
403.547000,0.030000,-0.000000,unrailed,0.030000,,
403.548000,0.030000,0.000000,unrailed,0.030000,,
403.549000,0.030000,-0.000000,unrailed,0.030000,,
403.550000,0.030000,0.000000,unrailed,0.030000,,
403.551000,0.030000,-0.000000,unrailed,0.030000,,
403.552000,0.030000,0.000000,unrailed,0.030000,,
403.553000,0.030000,-0.000000,unrailed,0.030000,,
403.554000,0.030000,0.000000,unrailed,0.030000,,
403.555000,0.030000,-0.000000,unrailed,0.030000,,
403.556000,0.030000,0.000000,unrailed,0.030000,,
403.557000,0.030000,-0.000000,unrailed,0.030000,,
403.558000,0.030000,0.000000,unrailed,0.030000,,
403.559000,0.030000,-0.000000,unrailed,0.030000,,
403.560000,0.030000,0.000000,unrailed,0.030000,,
403.561000,0.030000,-0.000000,unrailed,0.030000,,
403.562000,0.030000,0.000000,unrailed,0.030000,,
403.563000,0.030000,-0.000000,unrailed,0.030000,,
403.564000,0.030000,0.000000,unrailed,0.030000,,
403.565000,0.030000,-0.000000,unrailed,0.030000,,
403.566000,0.030000,0.000000,unrailed,0.030000,,
403.567000,0.030000,-0.000000,unrailed,0.030000,,
403.568000,0.030000,0.000000,unrailed,0.030000,,
403.569000,0.030000,-0.000000,unrailed,0.030000,,
403.570000,0.030000,0.000000,unrailed,0.030000,,
403.571000,0.030000,-0.000000,unrailed,0.030000,,
403.572000,0.030000,0.000000,unrailed,0.030000,,
403.573000,0.030000,-0.000000,unrailed,0.030000,,
403.574000,0.030000,0.000000,unrailed,0.030000,,
403.575000,0.030000,-0.000000,unrailed,0.030000,,
403.576000,0.030000,0.000000,unrailed,0.030000,,
403.577000,0.030000,-0.000000,unrailed,0.030000,,
403.578000,0.030000,0.000000,unrailed,0.030000,,
403.579000,0.030000,-0.000000,unrailed,0.030000,,
403.580000,0.030000,0.000000,unrailed,0.030000,,
403.581000,0.030000,-0.000000,unrailed,0.030000,,
403.582000,0.030000,0.000000,unrailed,0.030000,,
403.583000,0.030000,-0.000000,unrailed,0.030000,,
403.584000,0.030000,0.000000,unrailed,0.030000,,
403.585000,0.030000,-0.000000,unrailed,0.030000,,
403.586000,0.030000,0.000000,unrailed,0.030000,,
403.587000,0.030000,-0.000000,unrailed,0.030000,,
403.588000,0.030000,0.000000,unrailed,0.030000,,
403.589000,0.030000,-0.000000,unrailed,0.030000,,
403.590000,0.030000,0.000000,unrailed,0.030000,,
403.591000,0.030000,-0.000000,unrailed,0.030000,,
403.592000,0.030000,0.000000,unrailed,0.030000,,
403.593000,0.030000,-0.000000,unrailed,0.030000,,
403.594000,0.030000,0.000000,unrailed,0.030000,,
403.595000,0.030000,-0.000000,unrailed,0.030000,,
403.596000,0.030000,0.000000,unrailed,0.030000,,
403.597000,0.030000,-0.000000,unrailed,0.030000,,
403.598000,0.030000,0.000000,unrailed,0.030000,,
403.599000,0.030000,-0.000000,unrailed,0.030000,,
403.600000,0.030000,0.000000,unrailed,0.030000,,
403.601000,0.030000,-0.000000,unrailed,0.030000,,
403.602000,0.030000,0.000000,unrailed,0.030000,,
403.603000,0.030000,-0.000000,unrailed,0.030000,,
403.604000,0.030000,0.000000,unrailed,0.030000,,
403.605000,0.030000,-0.000000,unrailed,0.030000,,
403.606000,0.030000,0.000000,unrailed,0.030000,,
403.607000,0.030000,-0.000000,unrailed,0.030000,,
403.608000,0.030000,0.000000,unrailed,0.030000,,
403.609000,0.030000,-0.000000,unrailed,0.030000,,
403.610000,0.030000,0.000000,unrailed,0.030000,,
403.611000,0.030000,-0.000000,unrailed,0.030000,,
403.612000,0.030000,0.000000,unrailed,0.030000,,
403.613000,0.030000,-0.000000,unrailed,0.030000,,
403.614000,0.030000,0.000000,unrailed,0.030000,,
403.615000,0.030000,-0.000000,unrailed,0.030000,,
403.616000,0.030000,0.000000,unrailed,0.030000,,
403.617000,0.030000,-0.000000,unrailed,0.030000,,
403.618000,0.030000,0.000000,unrailed,0.030000,,
403.619000,0.030000,-0.000000,unrailed,0.030000,,
403.620000,0.030000,0.000000,unrailed,0.030000,,
403.621000,0.030000,-0.000000,unrailed,0.030000,,
403.622000,0.030000,0.000000,unrailed,0.030000,,
403.623000,0.030000,-0.000000,unrailed,0.030000,,
403.624000,0.030000,0.000000,unrailed,0.030000,,
403.625000,0.030000,-0.000000,unrailed,0.030000,,
403.626000,0.030000,0.000000,unrailed,0.030000,,
403.627000,0.030000,-0.000000,unrailed,0.030000,,
403.628000,0.030000,0.000000,unrailed,0.030000,,
403.629000,0.030000,-0.000000,unrailed,0.030000,,
403.630000,0.030000,0.000000,unrailed,0.030000,,
403.631000,0.030000,-0.000000,unrailed,0.030000,,
403.632000,0.030000,0.000000,unrailed,0.030000,,
403.633000,0.030000,-0.000000,unrailed,0.030000,,
403.634000,0.030000,0.000000,unrailed,0.030000,,
403.635000,0.030000,-0.000000,unrailed,0.030000,,
403.636000,0.030000,0.000000,unrailed,0.030000,,
403.637000,0.030000,-0.000000,unrailed,0.030000,,
403.638000,0.030000,0.000000,unrailed,0.030000,,
403.639000,0.030000,-0.000000,unrailed,0.030000,,
403.640000,0.030000,0.000000,unrailed,0.030000,,
403.641000,0.030000,-0.000000,unrailed,0.030000,,
403.642000,0.030000,0.000000,unrailed,0.030000,,
403.643000,0.030000,-0.000000,unrailed,0.030000,,
403.644000,0.030000,0.000000,unrailed,0.030000,,
403.645000,0.030000,-0.000000,unrailed,0.030000,,
403.646000,0.030000,0.000000,unrailed,0.030000,,
403.647000,0.030000,-0.000000,unrailed,0.030000,,
403.648000,0.030000,0.000000,unrailed,0.030000,,
403.649000,0.030000,-0.000000,unrailed,0.030000,,
403.650000,0.030000,0.000000,unrailed,0.030000,,
403.651000,0.030000,-0.000000,unrailed,0.030000,,
403.652000,0.030000,0.000000,unrailed,0.030000,,
403.653000,0.030000,-0.000000,unrailed,0.030000,,
403.654000,0.030000,0.000000,unrailed,0.030000,,
403.655000,0.030000,-0.000000,unrailed,0.030000,,
403.656000,0.030000,0.000000,unrailed,0.030000,,
403.657000,0.030000,-0.000000,unrailed,0.030000,,
403.658000,0.030000,0.000000,unrailed,0.030000,,
403.659000,0.030000,-0.000000,unrailed,0.030000,,
403.660000,0.030000,0.000000,unrailed,0.030000,,
403.661000,0.030000,-0.000000,unrailed,0.030000,,
403.662000,0.030000,0.000000,unrailed,0.030000,,
403.663000,0.030000,-0.000000,unrailed,0.030000,,
403.664000,0.030000,0.000000,unrailed,0.030000,,
403.665000,0.030000,-0.000000,unrailed,0.030000,,
403.666000,0.030000,0.000000,unrailed,0.030000,,
403.667000,0.030000,-0.000000,unrailed,0.030000,,
403.668000,0.030000,0.000000,unrailed,0.030000,,
403.669000,0.030000,-0.000000,unrailed,0.030000,,
403.670000,0.030000,0.000000,unrailed,0.030000,,
403.671000,0.030000,-0.000000,unrailed,0.030000,,
403.672000,0.030000,0.000000,unrailed,0.030000,,
403.673000,0.030000,-0.000000,unrailed,0.030000,,
403.674000,0.030000,0.000000,unrailed,0.030000,,
403.675000,0.030000,-0.000000,unrailed,0.030000,,
403.676000,0.030000,0.000000,unrailed,0.030000,,
403.677000,0.030000,-0.000000,unrailed,0.030000,,
403.678000,0.030000,0.000000,unrailed,0.030000,,
403.679000,0.030000,-0.000000,unrailed,0.030000,,
403.680000,0.030000,0.000000,unrailed,0.030000,,
403.681000,0.030000,-0.000000,unrailed,0.030000,,
403.682000,0.030000,0.000000,unrailed,0.030000,,
403.683000,0.030000,-0.000000,unrailed,0.030000,,
403.684000,0.030000,0.000000,unrailed,0.030000,,
403.685000,0.030000,-0.000000,unrailed,0.030000,,
403.686000,0.030000,0.000000,unrailed,0.030000,,
403.687000,0.030000,-0.000000,unrailed,0.030000,,
403.688000,0.030000,0.000000,unrailed,0.030000,,
403.689000,0.030000,-0.000000,unrailed,0.030000,,
403.690000,0.030000,0.000000,unrailed,0.030000,,
403.691000,0.030000,-0.000000,unrailed,0.030000,,
403.692000,0.030000,0.000000,unrailed,0.030000,,
403.693000,0.030000,-0.000000,unrailed,0.030000,,
403.694000,0.030000,0.000000,unrailed,0.030000,,
403.695000,0.030000,-0.000000,unrailed,0.030000,,
403.696000,0.030000,0.000000,unrailed,0.030000,,
403.697000,0.030000,-0.000000,unrailed,0.030000,,
403.698000,0.030000,0.000000,unrailed,0.030000,,
403.699000,0.030000,-0.000000,unrailed,0.030000,,
403.700000,0.030000,0.000000,unrailed,0.030000,,
403.701000,0.030000,-0.000000,unrailed,0.030000,,
403.702000,0.030000,0.000000,unrailed,0.030000,,
403.703000,0.030000,-0.000000,unrailed,0.030000,,
403.704000,0.030000,0.000000,unrailed,0.030000,,
403.705000,0.030000,-0.000000,unrailed,0.030000,,
403.706000,0.030000,0.000000,unrailed,0.030000,,
403.707000,0.030000,-0.000000,unrailed,0.030000,,
403.708000,0.030000,0.000000,unrailed,0.030000,,
403.709000,0.030000,-0.000000,unrailed,0.030000,,
403.710000,0.030000,0.000000,unrailed,0.030000,,
403.711000,0.030000,-0.000000,unrailed,0.030000,,
403.712000,0.030000,0.000000,unrailed,0.030000,,
403.713000,0.030000,-0.000000,unrailed,0.030000,,
403.714000,0.030000,0.000000,unrailed,0.030000,,
403.715000,0.030000,-0.000000,unrailed,0.030000,,
403.716000,0.030000,0.000000,unrailed,0.030000,,
403.717000,0.030000,-0.000000,unrailed,0.030000,,
403.718000,0.030000,0.000000,unrailed,0.030000,,
403.719000,0.030000,-0.000000,unrailed,0.030000,,
403.720000,0.030000,0.000000,unrailed,0.030000,,
403.721000,0.030000,-0.000000,unrailed,0.030000,,
403.722000,0.030000,0.000000,unrailed,0.030000,,
403.723000,0.030000,-0.000000,unrailed,0.030000,,
403.724000,0.030000,0.000000,unrailed,0.030000,,
403.725000,0.030000,-0.000000,unrailed,0.030000,,
403.726000,0.030000,0.000000,unrailed,0.030000,,
403.727000,0.030000,-0.000000,unrailed,0.030000,,
403.728000,0.030000,0.000000,unrailed,0.030000,,
403.729000,0.030000,-0.000000,unrailed,0.030000,,
403.730000,0.030000,0.000000,unrailed,0.030000,,
403.731000,0.030000,-0.000000,unrailed,0.030000,,
403.732000,0.030000,0.000000,unrailed,0.030000,,
403.733000,0.030000,-0.000000,unrailed,0.030000,,
403.734000,0.030000,0.000000,unrailed,0.030000,,
403.735000,0.030000,-0.000000,unrailed,0.030000,,
403.736000,0.030000,0.000000,unrailed,0.030000,,
403.737000,0.030000,-0.000000,unrailed,0.030000,,
403.738000,0.030000,0.000000,unrailed,0.030000,,
403.739000,0.030000,-0.000000,unrailed,0.030000,,
403.740000,0.030000,0.000000,unrailed,0.030000,,
403.741000,0.030000,-0.000000,unrailed,0.030000,,
403.742000,0.030000,0.000000,unrailed,0.030000,,
403.743000,0.030000,-0.000000,unrailed,0.030000,,
403.744000,0.030000,0.000000,unrailed,0.030000,,
403.745000,0.030000,-0.000000,unrailed,0.030000,,
403.746000,0.030000,0.000000,unrailed,0.030000,,
403.747000,0.030000,-0.000000,unrailed,0.030000,,
403.748000,0.030000,0.000000,unrailed,0.030000,,
403.749000,0.030000,-0.000000,unrailed,0.030000,,
403.750000,0.030000,0.000000,unrailed,0.030000,,
403.751000,0.030000,-0.000000,unrailed,0.030000,,
403.752000,0.030000,0.000000,unrailed,0.030000,,
403.753000,0.030000,-0.000000,unrailed,0.030000,,
403.754000,0.030000,0.000000,unrailed,0.030000,,
403.755000,0.030000,-0.000000,unrailed,0.030000,,
403.756000,0.030000,0.000000,unrailed,0.030000,,
403.757000,0.030000,-0.000000,unrailed,0.030000,,
403.758000,0.030000,0.000000,unrailed,0.030000,,
403.759000,0.030000,-0.000000,unrailed,0.030000,,
403.760000,0.030000,0.000000,unrailed,0.030000,,
403.761000,0.030000,-0.000000,unrailed,0.030000,,
403.762000,0.030000,0.000000,unrailed,0.030000,,
403.763000,0.030000,-0.000000,unrailed,0.030000,,
403.764000,0.030000,0.000000,unrailed,0.030000,,
403.765000,0.030000,-0.000000,unrailed,0.030000,,
403.766000,0.030000,0.000000,unrailed,0.030000,,
403.767000,0.030000,-0.000000,unrailed,0.030000,,
403.768000,0.030000,0.000000,unrailed,0.030000,,
403.769000,0.030000,-0.000000,unrailed,0.030000,,
403.770000,0.030000,0.000000,unrailed,0.030000,,
403.771000,0.030000,-0.000000,unrailed,0.030000,,
403.772000,0.030000,0.000000,unrailed,0.030000,,
403.773000,0.030000,-0.000000,unrailed,0.030000,,
403.774000,0.030000,0.000000,unrailed,0.030000,,
403.775000,0.030000,-0.000000,unrailed,0.030000,,
403.776000,0.030000,0.000000,unrailed,0.030000,,
403.777000,0.030000,-0.000000,unrailed,0.030000,,
403.778000,0.030000,0.000000,unrailed,0.030000,,
403.779000,0.030000,-0.000000,unrailed,0.030000,,
403.780000,0.030000,0.000000,unrailed,0.030000,,
403.781000,0.030000,-0.000000,unrailed,0.030000,,
403.782000,0.030000,0.000000,unrailed,0.030000,,
403.783000,0.030000,-0.000000,unrailed,0.030000,,
403.784000,0.030000,0.000000,unrailed,0.030000,,
403.785000,0.030000,-0.000000,unrailed,0.030000,,
403.786000,0.030000,0.000000,unrailed,0.030000,,
403.787000,0.030000,-0.000000,unrailed,0.030000,,
403.788000,0.030000,0.000000,unrailed,0.030000,,
403.789000,0.030000,-0.000000,unrailed,0.030000,,
403.790000,0.030000,0.000000,unrailed,0.030000,,
403.791000,0.030000,-0.000000,unrailed,0.030000,,
403.792000,0.030000,0.000000,unrailed,0.030000,,
403.793000,0.030000,-0.000000,unrailed,0.030000,,
403.794000,0.030000,0.000000,unrailed,0.030000,,
403.795000,0.030000,-0.000000,unrailed,0.030000,,
403.796000,0.030000,0.000000,unrailed,0.030000,,
403.797000,0.030000,-0.000000,unrailed,0.030000,,
403.798000,0.030000,0.000000,unrailed,0.030000,,
403.799000,0.030000,-0.000000,unrailed,0.030000,,
403.800000,0.030000,0.000000,unrailed,0.030000,,
403.801000,0.030000,-0.000000,unrailed,0.030000,,
403.802000,0.030000,0.000000,unrailed,0.030000,,
403.803000,0.030000,-0.000000,unrailed,0.030000,,
403.804000,0.030000,0.000000,unrailed,0.030000,,
403.805000,0.030000,-0.000000,unrailed,0.030000,,
403.806000,0.030000,0.000000,unrailed,0.030000,,
403.807000,0.030000,-0.000000,unrailed,0.030000,,
403.808000,0.030000,0.000000,unrailed,0.030000,,
403.809000,0.030000,-0.000000,unrailed,0.030000,,
403.810000,0.030000,0.000000,unrailed,0.030000,,
403.811000,0.030000,-0.000000,unrailed,0.030000,,
403.812000,0.030000,0.000000,unrailed,0.030000,,
403.813000,0.030000,-0.000000,unrailed,0.030000,,
403.814000,0.030000,0.000000,unrailed,0.030000,,
403.815000,0.030000,-0.000000,unrailed,0.030000,,
403.816000,0.030000,0.000000,unrailed,0.030000,,
403.817000,0.030000,-0.000000,unrailed,0.030000,,
403.818000,0.030000,0.000000,unrailed,0.030000,,
403.819000,0.030000,-0.000000,unrailed,0.030000,,
403.820000,0.030000,0.000000,unrailed,0.030000,,
403.821000,0.030000,-0.000000,unrailed,0.030000,,
403.822000,0.030000,0.000000,unrailed,0.030000,,
403.823000,0.030000,-0.000000,unrailed,0.030000,,
403.824000,0.030000,0.000000,unrailed,0.030000,,
403.825000,0.030000,-0.000000,unrailed,0.030000,,
403.826000,0.030000,0.000000,unrailed,0.030000,,
403.827000,0.030000,-0.000000,unrailed,0.030000,,
403.828000,0.030000,0.000000,unrailed,0.030000,,
403.829000,0.030000,-0.000000,unrailed,0.030000,,
403.830000,0.030000,0.000000,unrailed,0.030000,,
403.831000,0.030000,-0.000000,unrailed,0.030000,,
403.832000,0.030000,0.000000,unrailed,0.030000,,
403.833000,0.030000,-0.000000,unrailed,0.030000,,
403.834000,0.030000,0.000000,unrailed,0.030000,,
403.835000,0.030000,-0.000000,unrailed,0.030000,,
403.836000,0.030000,0.000000,unrailed,0.030000,,
403.837000,0.030000,-0.000000,unrailed,0.030000,,
403.838000,0.030000,0.000000,unrailed,0.030000,,
403.839000,0.030000,-0.000000,unrailed,0.030000,,
403.840000,0.030000,0.000000,unrailed,0.030000,,
403.841000,0.030000,-0.000000,unrailed,0.030000,,
403.842000,0.030000,0.000000,unrailed,0.030000,,
403.843000,0.030000,-0.000000,unrailed,0.030000,,
403.844000,0.030000,0.000000,unrailed,0.030000,,
403.845000,0.030000,-0.000000,unrailed,0.030000,,
403.846000,0.030000,0.000000,unrailed,0.030000,,
403.847000,0.030000,-0.000000,unrailed,0.030000,,
403.848000,0.030000,0.000000,unrailed,0.030000,,
403.849000,0.030000,-0.000000,unrailed,0.030000,,
403.850000,0.030000,0.000000,unrailed,0.030000,,
403.851000,0.030000,-0.000000,unrailed,0.030000,,
403.852000,0.030000,0.000000,unrailed,0.030000,,
403.853000,0.030000,-0.000000,unrailed,0.030000,,
403.854000,0.030000,0.000000,unrailed,0.030000,,
403.855000,0.030000,-0.000000,unrailed,0.030000,,
403.856000,0.030000,0.000000,unrailed,0.030000,,
403.857000,0.030000,-0.000000,unrailed,0.030000,,
403.858000,0.030000,0.000000,unrailed,0.030000,,
403.859000,0.030000,-0.000000,unrailed,0.030000,,
403.860000,0.030000,0.000000,unrailed,0.030000,,
403.861000,0.030000,-0.000000,unrailed,0.030000,,
403.862000,0.030000,0.000000,unrailed,0.030000,,
403.863000,0.030000,-0.000000,unrailed,0.030000,,
403.864000,0.030000,0.000000,unrailed,0.030000,,
403.865000,0.030000,-0.000000,unrailed,0.030000,,
403.866000,0.030000,0.000000,unrailed,0.030000,,
403.867000,0.030000,-0.000000,unrailed,0.030000,,
403.868000,0.030000,0.000000,unrailed,0.030000,,
403.869000,0.030000,-0.000000,unrailed,0.030000,,
403.870000,0.030000,0.000000,unrailed,0.030000,,
403.871000,0.030000,-0.000000,unrailed,0.030000,,
403.872000,0.030000,0.000000,unrailed,0.030000,,
403.873000,0.030000,-0.000000,unrailed,0.030000,,
403.874000,0.030000,0.000000,unrailed,0.030000,,
403.875000,0.030000,-0.000000,unrailed,0.030000,,
403.876000,0.030000,0.000000,unrailed,0.030000,,
403.877000,0.030000,-0.000000,unrailed,0.030000,,
403.878000,0.030000,0.000000,unrailed,0.030000,,
403.879000,0.030000,-0.000000,unrailed,0.030000,,
403.880000,0.030000,0.000000,unrailed,0.030000,,
403.881000,0.030000,-0.000000,unrailed,0.030000,,
403.882000,0.030000,0.000000,unrailed,0.030000,,
403.883000,0.030000,-0.000000,unrailed,0.030000,,
403.884000,0.030000,0.000000,unrailed,0.030000,,
403.885000,0.030000,-0.000000,unrailed,0.030000,,
403.886000,0.030000,0.000000,unrailed,0.030000,,
403.887000,0.030000,-0.000000,unrailed,0.030000,,
403.888000,0.030000,0.000000,unrailed,0.030000,,
403.889000,0.030000,-0.000000,unrailed,0.030000,,
403.890000,0.030000,0.000000,unrailed,0.030000,,
403.891000,0.030000,-0.000000,unrailed,0.030000,,
403.892000,0.030000,0.000000,unrailed,0.030000,,
403.893000,0.030000,-0.000000,unrailed,0.030000,,
403.894000,0.030000,0.000000,unrailed,0.030000,,
403.895000,0.030000,-0.000000,unrailed,0.030000,,
403.896000,0.030000,0.000000,unrailed,0.030000,,
403.897000,0.030000,-0.000000,unrailed,0.030000,,
403.898000,0.030000,0.000000,unrailed,0.030000,,
403.899000,0.030000,-0.000000,unrailed,0.030000,,
403.900000,0.030000,0.000000,unrailed,0.030000,,
403.901000,0.030000,-0.000000,unrailed,0.030000,,
403.902000,0.030000,0.000000,unrailed,0.030000,,
403.903000,0.030000,-0.000000,unrailed,0.030000,,
403.904000,0.030000,0.000000,unrailed,0.030000,,
403.905000,0.030000,-0.000000,unrailed,0.030000,,
403.906000,0.030000,0.000000,unrailed,0.030000,,
403.907000,0.030000,-0.000000,unrailed,0.030000,,
403.908000,0.030000,0.000000,unrailed,0.030000,,
403.909000,0.030000,-0.000000,unrailed,0.030000,,
403.910000,0.030000,0.000000,unrailed,0.030000,,
403.911000,0.030000,-0.000000,unrailed,0.030000,,
403.912000,0.030000,0.000000,unrailed,0.030000,,
403.913000,0.030000,-0.000000,unrailed,0.030000,,
403.914000,0.030000,0.000000,unrailed,0.030000,,
403.915000,0.030000,-0.000000,unrailed,0.030000,,
403.916000,0.030000,0.000000,unrailed,0.030000,,
403.917000,0.030000,-0.000000,unrailed,0.030000,,
403.918000,0.030000,0.000000,unrailed,0.030000,,
403.919000,0.030000,-0.000000,unrailed,0.030000,,
403.920000,0.030000,0.000000,unrailed,0.030000,,
403.921000,0.030000,-0.000000,unrailed,0.030000,,
403.922000,0.030000,0.000000,unrailed,0.030000,,
403.923000,0.030000,-0.000000,unrailed,0.030000,,
403.924000,0.030000,0.000000,unrailed,0.030000,,
403.925000,0.030000,-0.000000,unrailed,0.030000,,
403.926000,0.030000,0.000000,unrailed,0.030000,,
403.927000,0.030000,-0.000000,unrailed,0.030000,,
403.928000,0.030000,0.000000,unrailed,0.030000,,
403.929000,0.030000,-0.000000,unrailed,0.030000,,
403.930000,0.030000,0.000000,unrailed,0.030000,,
403.931000,0.030000,-0.000000,unrailed,0.030000,,
403.932000,0.030000,0.000000,unrailed,0.030000,,
403.933000,0.030000,-0.000000,unrailed,0.030000,,
403.934000,0.030000,0.000000,unrailed,0.030000,,
403.935000,0.030000,-0.000000,unrailed,0.030000,,
403.936000,0.030000,0.000000,unrailed,0.030000,,
403.937000,0.030000,-0.000000,unrailed,0.030000,,
403.938000,0.030000,0.000000,unrailed,0.030000,,
403.939000,0.030000,-0.000000,unrailed,0.030000,,
403.940000,0.030000,0.000000,unrailed,0.030000,,
403.941000,0.030000,-0.000000,unrailed,0.030000,,
403.942000,0.030000,0.000000,unrailed,0.030000,,
403.943000,0.030000,-0.000000,unrailed,0.030000,,
403.944000,0.030000,0.000000,unrailed,0.030000,,
403.945000,0.030000,-0.000000,unrailed,0.030000,,
403.946000,0.030000,0.000000,unrailed,0.030000,,
403.947000,0.030000,-0.000000,unrailed,0.030000,,
403.948000,0.030000,0.000000,unrailed,0.030000,,
403.949000,0.030000,-0.000000,unrailed,0.030000,,
403.950000,0.030000,0.000000,unrailed,0.030000,,
403.951000,0.030000,-0.000000,unrailed,0.030000,,
403.952000,0.030000,0.000000,unrailed,0.030000,,
403.953000,0.030000,-0.000000,unrailed,0.030000,,
403.954000,0.030000,0.000000,unrailed,0.030000,,
403.955000,0.030000,-0.000000,unrailed,0.030000,,
403.956000,0.030000,0.000000,unrailed,0.030000,,
403.957000,0.030000,-0.000000,unrailed,0.030000,,
403.958000,0.030000,0.000000,unrailed,0.030000,,
403.959000,0.030000,-0.000000,unrailed,0.030000,,
403.960000,0.030000,0.000000,unrailed,0.030000,,
403.961000,0.030000,-0.000000,unrailed,0.030000,,
403.962000,0.030000,0.000000,unrailed,0.030000,,
403.963000,0.030000,-0.000000,unrailed,0.030000,,
403.964000,0.030000,0.000000,unrailed,0.030000,,
403.965000,0.030000,-0.000000,unrailed,0.030000,,
403.966000,0.030000,0.000000,unrailed,0.030000,,
403.967000,0.030000,-0.000000,unrailed,0.030000,,
403.968000,0.030000,0.000000,unrailed,0.030000,,
403.969000,0.030000,-0.000000,unrailed,0.030000,,
403.970000,0.030000,0.000000,unrailed,0.030000,,
403.971000,0.030000,-0.000000,unrailed,0.030000,,
403.972000,0.030000,0.000000,unrailed,0.030000,,
403.973000,0.030000,-0.000000,unrailed,0.030000,,
403.974000,0.030000,0.000000,unrailed,0.030000,,
403.975000,0.030000,-0.000000,unrailed,0.030000,,
403.976000,0.030000,0.000000,unrailed,0.030000,,
403.977000,0.030000,-0.000000,unrailed,0.030000,,
403.978000,0.030000,0.000000,unrailed,0.030000,,
403.979000,0.030000,-0.000000,unrailed,0.030000,,
403.980000,0.030000,0.000000,unrailed,0.030000,,
403.981000,0.030000,-0.000000,unrailed,0.030000,,
403.982000,0.030000,0.000000,unrailed,0.030000,,
403.983000,0.030000,-0.000000,unrailed,0.030000,,
403.984000,0.030000,0.000000,unrailed,0.030000,,
403.985000,0.030000,-0.000000,unrailed,0.030000,,
403.986000,0.030000,0.000000,unrailed,0.030000,,
403.987000,0.030000,-0.000000,unrailed,0.030000,,
403.988000,0.030000,0.000000,unrailed,0.030000,,
403.989000,0.030000,-0.000000,unrailed,0.030000,,
403.990000,0.030000,0.000000,unrailed,0.030000,,
403.991000,0.030000,-0.000000,unrailed,0.030000,,
403.992000,0.030000,0.000000,unrailed,0.030000,,
403.993000,0.030000,-0.000000,unrailed,0.030000,,
403.994000,0.030000,0.000000,unrailed,0.030000,,
403.995000,0.030000,-0.000000,unrailed,0.030000,,
403.996000,0.030000,0.000000,unrailed,0.030000,,
403.997000,0.030000,-0.000000,unrailed,0.030000,,
403.998000,0.030000,0.000000,unrailed,0.030000,,
403.999000,0.030000,-0.000000,unrailed,0.030000,,
404.000000,0.030000,0.000000,unrailed,0.030000,,
404.001000,0.030000,-0.000000,unrailed,0.030000,,
404.002000,0.030000,0.000000,unrailed,0.030000,,
404.003000,0.030000,-0.000000,unrailed,0.030000,,
404.004000,0.030000,0.000000,unrailed,0.030000,,
404.005000,0.030000,-0.000000,unrailed,0.030000,,
404.006000,0.030000,0.000000,unrailed,0.030000,,
404.007000,0.030000,-0.000000,unrailed,0.030000,,
404.008000,0.030000,0.000000,unrailed,0.030000,,
404.009000,0.030000,-0.000000,unrailed,0.030000,,
404.010000,0.030000,0.000000,unrailed,0.030000,,
404.011000,0.030000,-0.000000,unrailed,0.030000,,
404.012000,0.030000,0.000000,unrailed,0.030000,,
404.013000,0.030000,-0.000000,unrailed,0.030000,,
404.014000,0.030000,0.000000,unrailed,0.030000,,
404.015000,0.030000,-0.000000,unrailed,0.030000,,
404.016000,0.030000,0.000000,unrailed,0.030000,,
404.017000,0.030000,-0.000000,unrailed,0.030000,,
404.018000,0.030000,0.000000,unrailed,0.030000,,
404.019000,0.030000,-0.000000,unrailed,0.030000,,
404.020000,0.030000,0.000000,unrailed,0.030000,,
404.021000,0.030000,-0.000000,unrailed,0.030000,,
404.022000,0.030000,0.000000,unrailed,0.030000,,
404.023000,0.030000,-0.000000,unrailed,0.030000,,
404.024000,0.030000,0.000000,unrailed,0.030000,,
404.025000,0.030000,-0.000000,unrailed,0.030000,,
404.026000,0.030000,0.000000,unrailed,0.030000,,
404.027000,0.030000,-0.000000,unrailed,0.030000,,
404.028000,0.030000,0.000000,unrailed,0.030000,,
404.029000,0.030000,-0.000000,unrailed,0.030000,,
404.030000,0.030000,0.000000,unrailed,0.030000,,
404.031000,0.030000,-0.000000,unrailed,0.030000,,
404.032000,0.030000,0.000000,unrailed,0.030000,,
404.033000,0.030000,-0.000000,unrailed,0.030000,,
404.034000,0.030000,0.000000,unrailed,0.030000,,
404.035000,0.030000,-0.000000,unrailed,0.030000,,
404.036000,0.030000,0.000000,unrailed,0.030000,,
404.037000,0.030000,-0.000000,unrailed,0.030000,,
404.038000,0.030000,0.000000,unrailed,0.030000,,
404.039000,0.030000,-0.000000,unrailed,0.030000,,
404.040000,0.030000,0.000000,unrailed,0.030000,,
404.041000,0.030000,-0.000000,unrailed,0.030000,,
404.042000,0.030000,0.000000,unrailed,0.030000,,
404.043000,0.030000,-0.000000,unrailed,0.030000,,
404.044000,0.030000,0.000000,unrailed,0.030000,,
404.045000,0.030000,-0.000000,unrailed,0.030000,,
404.046000,0.030000,0.000000,unrailed,0.030000,,
404.047000,0.030000,-0.000000,unrailed,0.030000,,
404.048000,0.030000,0.000000,unrailed,0.030000,,
404.049000,0.030000,-0.000000,unrailed,0.030000,,
404.050000,0.030000,0.000000,unrailed,0.030000,,
404.051000,0.030000,-0.000000,unrailed,0.030000,,
404.052000,0.030000,0.000000,unrailed,0.030000,,
404.053000,0.030000,-0.000000,unrailed,0.030000,,
404.054000,0.030000,0.000000,unrailed,0.030000,,
404.055000,0.030000,-0.000000,unrailed,0.030000,,
404.056000,0.030000,0.000000,unrailed,0.030000,,
404.057000,0.030000,-0.000000,unrailed,0.030000,,
404.058000,0.030000,0.000000,unrailed,0.030000,,
404.059000,0.030000,-0.000000,unrailed,0.030000,,
404.060000,0.030000,0.000000,unrailed,0.030000,,
404.061000,0.030000,-0.000000,unrailed,0.030000,,
404.062000,0.030000,0.000000,unrailed,0.030000,,
404.063000,0.030000,-0.000000,unrailed,0.030000,,
404.064000,0.030000,0.000000,unrailed,0.030000,,
404.065000,0.030000,-0.000000,unrailed,0.030000,,
404.066000,0.030000,0.000000,unrailed,0.030000,,
404.067000,0.030000,-0.000000,unrailed,0.030000,,
404.068000,0.030000,0.000000,unrailed,0.030000,,
404.069000,0.030000,-0.000000,unrailed,0.030000,,
404.070000,0.030000,0.000000,unrailed,0.030000,,
404.071000,0.030000,-0.000000,unrailed,0.030000,,
404.072000,0.030000,0.000000,unrailed,0.030000,,
404.073000,0.030000,-0.000000,unrailed,0.030000,,
404.074000,0.030000,0.000000,unrailed,0.030000,,
404.075000,0.030000,-0.000000,unrailed,0.030000,,
404.076000,0.030000,0.000000,unrailed,0.030000,,
404.077000,0.030000,-0.000000,unrailed,0.030000,,
404.078000,0.030000,0.000000,unrailed,0.030000,,
404.079000,0.030000,-0.000000,unrailed,0.030000,,
404.080000,0.030000,0.000000,unrailed,0.030000,,
404.081000,0.030000,-0.000000,unrailed,0.030000,,
404.082000,0.030000,0.000000,unrailed,0.030000,,
404.083000,0.030000,-0.000000,unrailed,0.030000,,
404.084000,0.030000,0.000000,unrailed,0.030000,,
404.085000,0.030000,-0.000000,unrailed,0.030000,,
404.086000,0.030000,0.000000,unrailed,0.030000,,
404.087000,0.030000,-0.000000,unrailed,0.030000,,
404.088000,0.030000,0.000000,unrailed,0.030000,,
404.089000,0.030000,-0.000000,unrailed,0.030000,,
404.090000,0.030000,0.000000,unrailed,0.030000,,
404.091000,0.030000,-0.000000,unrailed,0.030000,,
404.092000,0.030000,0.000000,unrailed,0.030000,,
404.093000,0.030000,-0.000000,unrailed,0.030000,,
404.094000,0.030000,0.000000,unrailed,0.030000,,
404.095000,0.030000,-0.000000,unrailed,0.030000,,
404.096000,0.030000,0.000000,unrailed,0.030000,,
404.097000,0.030000,-0.000000,unrailed,0.030000,,
404.098000,0.030000,0.000000,unrailed,0.030000,,
404.099000,0.030000,-0.000000,unrailed,0.030000,,
404.100000,0.030000,0.000000,unrailed,0.030000,,
404.101000,0.030000,-0.000000,unrailed,0.030000,,
404.102000,0.030000,0.000000,unrailed,0.030000,,
404.103000,0.030000,-0.000000,unrailed,0.030000,,
404.104000,0.030000,0.000000,unrailed,0.030000,,
404.105000,0.030000,-0.000000,unrailed,0.030000,,
404.106000,0.030000,0.000000,unrailed,0.030000,,
404.107000,0.030000,-0.000000,unrailed,0.030000,,
404.108000,0.030000,0.000000,unrailed,0.030000,,
404.109000,0.030000,-0.000000,unrailed,0.030000,,
404.110000,0.030000,0.000000,unrailed,0.030000,,
404.111000,0.030000,-0.000000,unrailed,0.030000,,
404.112000,0.030000,0.000000,unrailed,0.030000,,
404.113000,0.030000,-0.000000,unrailed,0.030000,,
404.114000,0.030000,0.000000,unrailed,0.030000,,
404.115000,0.030000,-0.000000,unrailed,0.030000,,
404.116000,0.030000,0.000000,unrailed,0.030000,,
404.117000,0.030000,-0.000000,unrailed,0.030000,,
404.118000,0.030000,0.000000,unrailed,0.030000,,
404.119000,0.030000,-0.000000,unrailed,0.030000,,
404.120000,0.030000,0.000000,unrailed,0.030000,,
404.121000,0.030000,-0.000000,unrailed,0.030000,,
404.122000,0.030000,0.000000,unrailed,0.030000,,
404.123000,0.030000,-0.000000,unrailed,0.030000,,
404.124000,0.030000,0.000000,unrailed,0.030000,,
404.125000,0.030000,-0.000000,unrailed,0.030000,,
404.126000,0.030000,0.000000,unrailed,0.030000,,
404.127000,0.030000,-0.000000,unrailed,0.030000,,
404.128000,0.030000,0.000000,unrailed,0.030000,,
404.129000,0.030000,-0.000000,unrailed,0.030000,,
404.130000,0.030000,0.000000,unrailed,0.030000,,
404.131000,0.030000,-0.000000,unrailed,0.030000,,
404.132000,0.030000,0.000000,unrailed,0.030000,,
404.133000,0.030000,-0.000000,unrailed,0.030000,,
404.134000,0.030000,0.000000,unrailed,0.030000,,
404.135000,0.030000,-0.000000,unrailed,0.030000,,
404.136000,0.030000,0.000000,unrailed,0.030000,,
404.137000,0.030000,-0.000000,unrailed,0.030000,,
404.138000,0.030000,0.000000,unrailed,0.030000,,
404.139000,0.030000,-0.000000,unrailed,0.030000,,
404.140000,0.030000,0.000000,unrailed,0.030000,,
404.141000,0.030000,-0.000000,unrailed,0.030000,,
404.142000,0.030000,0.000000,unrailed,0.030000,,
404.143000,0.030000,-0.000000,unrailed,0.030000,,
404.144000,0.030000,0.000000,unrailed,0.030000,,
404.145000,0.030000,-0.000000,unrailed,0.030000,,
404.146000,0.030000,0.000000,unrailed,0.030000,,
404.147000,0.030000,-0.000000,unrailed,0.030000,,
404.148000,0.030000,0.000000,unrailed,0.030000,,
404.149000,0.030000,-0.000000,unrailed,0.030000,,
404.150000,0.030000,0.000000,unrailed,0.030000,,
404.151000,0.030000,-0.000000,unrailed,0.030000,,
404.152000,0.030000,0.000000,unrailed,0.030000,,
404.153000,0.030000,-0.000000,unrailed,0.030000,,
404.154000,0.030000,0.000000,unrailed,0.030000,,
404.155000,0.030000,-0.000000,unrailed,0.030000,,
404.156000,0.030000,0.000000,unrailed,0.030000,,
404.157000,0.030000,-0.000000,unrailed,0.030000,,
404.158000,0.030000,0.000000,unrailed,0.030000,,
404.159000,0.030000,-0.000000,unrailed,0.030000,,
404.160000,0.030000,0.000000,unrailed,0.030000,,
404.161000,0.030000,-0.000000,unrailed,0.030000,,
404.162000,0.030000,0.000000,unrailed,0.030000,,
404.163000,0.030000,-0.000000,unrailed,0.030000,,
404.164000,0.030000,0.000000,unrailed,0.030000,,
404.165000,0.030000,-0.000000,unrailed,0.030000,,
404.166000,0.030000,0.000000,unrailed,0.030000,,
404.167000,0.030000,-0.000000,unrailed,0.030000,,
404.168000,0.030000,0.000000,unrailed,0.030000,,
404.169000,0.030000,-0.000000,unrailed,0.030000,,
404.170000,0.030000,0.000000,unrailed,0.030000,,
404.171000,0.030000,-0.000000,unrailed,0.030000,,
404.172000,0.030000,0.000000,unrailed,0.030000,,
404.173000,0.030000,-0.000000,unrailed,0.030000,,
404.174000,0.030000,0.000000,unrailed,0.030000,,
404.175000,0.030000,-0.000000,unrailed,0.030000,,
404.176000,0.030000,0.000000,unrailed,0.030000,,
404.177000,0.030000,-0.000000,unrailed,0.030000,,
404.178000,0.030000,0.000000,unrailed,0.030000,,
404.179000,0.030000,-0.000000,unrailed,0.030000,,
404.180000,0.030000,0.000000,unrailed,0.030000,,
404.181000,0.030000,-0.000000,unrailed,0.030000,,
404.182000,0.030000,0.000000,unrailed,0.030000,,
404.183000,0.030000,-0.000000,unrailed,0.030000,,
404.184000,0.030000,0.000000,unrailed,0.030000,,
404.185000,0.030000,-0.000000,unrailed,0.030000,,
404.186000,0.030000,0.000000,unrailed,0.030000,,
404.187000,0.030000,-0.000000,unrailed,0.030000,,
404.188000,0.030000,0.000000,unrailed,0.030000,,
404.189000,0.030000,-0.000000,unrailed,0.030000,,
404.190000,0.030000,0.000000,unrailed,0.030000,,
404.191000,0.030000,-0.000000,unrailed,0.030000,,
404.192000,0.030000,0.000000,unrailed,0.030000,,
404.193000,0.030000,-0.000000,unrailed,0.030000,,
404.194000,0.030000,0.000000,unrailed,0.030000,,
404.195000,0.030000,-0.000000,unrailed,0.030000,,
404.196000,0.030000,0.000000,unrailed,0.030000,,
404.197000,0.030000,-0.000000,unrailed,0.030000,,
404.198000,0.030000,0.000000,unrailed,0.030000,,
404.199000,0.030000,-0.000000,unrailed,0.030000,,
404.200000,0.030000,0.000000,unrailed,0.030000,,
404.201000,0.030000,-0.000000,unrailed,0.030000,,
404.202000,0.030000,0.000000,unrailed,0.030000,,
404.203000,0.030000,-0.000000,unrailed,0.030000,,
404.204000,0.030000,0.000000,unrailed,0.030000,,
404.205000,0.030000,-0.000000,unrailed,0.030000,,
404.206000,0.030000,0.000000,unrailed,0.030000,,
404.207000,0.030000,-0.000000,unrailed,0.030000,,
404.208000,0.030000,0.000000,unrailed,0.030000,,
404.209000,0.030000,-0.000000,unrailed,0.030000,,
404.210000,0.030000,0.000000,unrailed,0.030000,,
404.211000,0.030000,-0.000000,unrailed,0.030000,,
404.212000,0.030000,0.000000,unrailed,0.030000,,
404.213000,0.030000,-0.000000,unrailed,0.030000,,
404.214000,0.030000,0.000000,unrailed,0.030000,,
404.215000,0.030000,-0.000000,unrailed,0.030000,,
404.216000,0.030000,0.000000,unrailed,0.030000,,
404.217000,0.030000,-0.000000,unrailed,0.030000,,
404.218000,0.030000,0.000000,unrailed,0.030000,,
404.219000,0.030000,-0.000000,unrailed,0.030000,,
404.220000,0.030000,0.000000,unrailed,0.030000,,
404.221000,0.030000,-0.000000,unrailed,0.030000,,
404.222000,0.030000,0.000000,unrailed,0.030000,,
404.223000,0.030000,-0.000000,unrailed,0.030000,,
404.224000,0.030000,0.000000,unrailed,0.030000,,
404.225000,0.030000,-0.000000,unrailed,0.030000,,
404.226000,0.030000,0.000000,unrailed,0.030000,,
404.227000,0.030000,-0.000000,unrailed,0.030000,,
404.228000,0.030000,0.000000,unrailed,0.030000,,
404.229000,0.030000,-0.000000,unrailed,0.030000,,
404.230000,0.030000,0.000000,unrailed,0.030000,,
404.231000,0.030000,-0.000000,unrailed,0.030000,,
404.232000,0.030000,0.000000,unrailed,0.030000,,
404.233000,0.030000,-0.000000,unrailed,0.030000,,
404.234000,0.030000,0.000000,unrailed,0.030000,,
404.235000,0.030000,-0.000000,unrailed,0.030000,,
404.236000,0.030000,0.000000,unrailed,0.030000,,
404.237000,0.030000,-0.000000,unrailed,0.030000,,
404.238000,0.030000,0.000000,unrailed,0.030000,,
404.239000,0.030000,-0.000000,unrailed,0.030000,,
404.240000,0.030000,0.000000,unrailed,0.030000,,
404.241000,0.030000,-0.000000,unrailed,0.030000,,
404.242000,0.030000,0.000000,unrailed,0.030000,,
404.243000,0.030000,-0.000000,unrailed,0.030000,,
404.244000,0.030000,0.000000,unrailed,0.030000,,
404.245000,0.030000,-0.000000,unrailed,0.030000,,
404.246000,0.030000,0.000000,unrailed,0.030000,,
404.247000,0.030000,-0.000000,unrailed,0.030000,,
404.248000,0.030000,0.000000,unrailed,0.030000,,
404.249000,0.030000,-0.000000,unrailed,0.030000,,
404.250000,0.030000,0.000000,unrailed,0.030000,,
404.251000,0.030000,-0.000000,unrailed,0.030000,,
404.252000,0.030000,0.000000,unrailed,0.030000,,
404.253000,0.030000,-0.000000,unrailed,0.030000,,
404.254000,0.030000,0.000000,unrailed,0.030000,,
404.255000,0.030000,-0.000000,unrailed,0.030000,,
404.256000,0.030000,0.000000,unrailed,0.030000,,
404.257000,0.030000,-0.000000,unrailed,0.030000,,
404.258000,0.030000,0.000000,unrailed,0.030000,,
404.259000,0.030000,-0.000000,unrailed,0.030000,,
404.260000,0.030000,0.000000,unrailed,0.030000,,
404.261000,0.030000,-0.000000,unrailed,0.030000,,
404.262000,0.030000,0.000000,unrailed,0.030000,,
404.263000,0.030000,-0.000000,unrailed,0.030000,,
404.264000,0.030000,0.000000,unrailed,0.030000,,
404.265000,0.030000,-0.000000,unrailed,0.030000,,
404.266000,0.030000,0.000000,unrailed,0.030000,,
404.267000,0.030000,-0.000000,unrailed,0.030000,,
404.268000,0.030000,0.000000,unrailed,0.030000,,
404.269000,0.030000,-0.000000,unrailed,0.030000,,
404.270000,0.030000,0.000000,unrailed,0.030000,,
404.271000,0.030000,-0.000000,unrailed,0.030000,,
404.272000,0.030000,0.000000,unrailed,0.030000,,
404.273000,0.030000,-0.000000,unrailed,0.030000,,
404.274000,0.030000,0.000000,unrailed,0.030000,,
404.275000,0.030000,-0.000000,unrailed,0.030000,,
404.276000,0.030000,0.000000,unrailed,0.030000,,
404.277000,0.030000,-0.000000,unrailed,0.030000,,
404.278000,0.030000,0.000000,unrailed,0.030000,,
404.279000,0.030000,-0.000000,unrailed,0.030000,,
404.280000,0.030000,0.000000,unrailed,0.030000,,
404.281000,0.030000,-0.000000,unrailed,0.030000,,
404.282000,0.030000,0.000000,unrailed,0.030000,,
404.283000,0.030000,-0.000000,unrailed,0.030000,,
404.284000,0.030000,0.000000,unrailed,0.030000,,
404.285000,0.030000,-0.000000,unrailed,0.030000,,
404.286000,0.030000,0.000000,unrailed,0.030000,,
404.287000,0.030000,-0.000000,unrailed,0.030000,,
404.288000,0.030000,0.000000,unrailed,0.030000,,
404.289000,0.030000,-0.000000,unrailed,0.030000,,
404.290000,0.030000,0.000000,unrailed,0.030000,,
404.291000,0.030000,-0.000000,unrailed,0.030000,,
404.292000,0.030000,0.000000,unrailed,0.030000,,
404.293000,0.030000,-0.000000,unrailed,0.030000,,
404.294000,0.030000,0.000000,unrailed,0.030000,,
404.295000,0.030000,-0.000000,unrailed,0.030000,,
404.296000,0.030000,0.000000,unrailed,0.030000,,
404.297000,0.030000,-0.000000,unrailed,0.030000,,
404.298000,0.030000,0.000000,unrailed,0.030000,,
404.299000,0.030000,-0.000000,unrailed,0.030000,,
404.300000,0.030000,0.000000,unrailed,0.030000,,
404.301000,0.030000,-0.000000,unrailed,0.030000,,
404.302000,0.030000,0.000000,unrailed,0.030000,,
404.303000,0.030000,-0.000000,unrailed,0.030000,,
404.304000,0.030000,0.000000,unrailed,0.030000,,
404.305000,0.030000,-0.000000,unrailed,0.030000,,
404.306000,0.030000,0.000000,unrailed,0.030000,,
404.307000,0.030000,-0.000000,unrailed,0.030000,,
404.308000,0.030000,0.000000,unrailed,0.030000,,
404.309000,0.030000,-0.000000,unrailed,0.030000,,
404.310000,0.030000,0.000000,unrailed,0.030000,,
404.311000,0.030000,-0.000000,unrailed,0.030000,,
404.312000,0.030000,0.000000,unrailed,0.030000,,
404.313000,0.030000,-0.000000,unrailed,0.030000,,
404.314000,0.030000,0.000000,unrailed,0.030000,,
404.315000,0.030000,-0.000000,unrailed,0.030000,,
404.316000,0.030000,0.000000,unrailed,0.030000,,
404.317000,0.030000,-0.000000,unrailed,0.030000,,
404.318000,0.030000,0.000000,unrailed,0.030000,,
404.319000,0.030000,-0.000000,unrailed,0.030000,,
404.320000,0.030000,0.000000,unrailed,0.030000,,
404.321000,0.030000,-0.000000,unrailed,0.030000,,
404.322000,0.030000,0.000000,unrailed,0.030000,,
404.323000,0.030000,-0.000000,unrailed,0.030000,,
404.324000,0.030000,0.000000,unrailed,0.030000,,
404.325000,0.030000,-0.000000,unrailed,0.030000,,
404.326000,0.030000,0.000000,unrailed,0.030000,,
404.327000,0.030000,-0.000000,unrailed,0.030000,,
404.328000,0.030000,0.000000,unrailed,0.030000,,
404.329000,0.030000,-0.000000,unrailed,0.030000,,
404.330000,0.030000,0.000000,unrailed,0.030000,,
404.331000,0.030000,-0.000000,unrailed,0.030000,,
404.332000,0.030000,0.000000,unrailed,0.030000,,
404.333000,0.030000,-0.000000,unrailed,0.030000,,
404.334000,0.030000,0.000000,unrailed,0.030000,,
404.335000,0.030000,-0.000000,unrailed,0.030000,,
404.336000,0.030000,0.000000,unrailed,0.030000,,
404.337000,0.030000,-0.000000,unrailed,0.030000,,
404.338000,0.030000,0.000000,unrailed,0.030000,,
404.339000,0.030000,-0.000000,unrailed,0.030000,,
404.340000,0.030000,0.000000,unrailed,0.030000,,
404.341000,0.030000,-0.000000,unrailed,0.030000,,
404.342000,0.030000,0.000000,unrailed,0.030000,,
404.343000,0.030000,-0.000000,unrailed,0.030000,,
404.344000,0.030000,0.000000,unrailed,0.030000,,
404.345000,0.030000,-0.000000,unrailed,0.030000,,
404.346000,0.030000,0.000000,unrailed,0.030000,,
404.347000,0.030000,-0.000000,unrailed,0.030000,,
404.348000,0.030000,0.000000,unrailed,0.030000,,
404.349000,0.030000,-0.000000,unrailed,0.030000,,
404.350000,0.030000,0.000000,unrailed,0.030000,,
404.351000,0.030000,-0.000000,unrailed,0.030000,,
404.352000,0.030000,0.000000,unrailed,0.030000,,
404.353000,0.030000,-0.000000,unrailed,0.030000,,
404.354000,0.030000,0.000000,unrailed,0.030000,,
404.355000,0.030000,-0.000000,unrailed,0.030000,,
404.356000,0.030000,0.000000,unrailed,0.030000,,
404.357000,0.030000,-0.000000,unrailed,0.030000,,
404.358000,0.030000,0.000000,unrailed,0.030000,,
404.359000,0.030000,-0.000000,unrailed,0.030000,,
404.360000,0.030000,0.000000,unrailed,0.030000,,
404.361000,0.030000,-0.000000,unrailed,0.030000,,
404.362000,0.030000,0.000000,unrailed,0.030000,,
404.363000,0.030000,-0.000000,unrailed,0.030000,,
404.364000,0.030000,0.000000,unrailed,0.030000,,
404.365000,0.030000,-0.000000,unrailed,0.030000,,
404.366000,0.030000,0.000000,unrailed,0.030000,,
404.367000,0.030000,-0.000000,unrailed,0.030000,,
404.368000,0.030000,0.000000,unrailed,0.030000,,
404.369000,0.030000,-0.000000,unrailed,0.030000,,
404.370000,0.030000,0.000000,unrailed,0.030000,,
404.371000,0.030000,-0.000000,unrailed,0.030000,,
404.372000,0.030000,0.000000,unrailed,0.030000,,
404.373000,0.030000,-0.000000,unrailed,0.030000,,
404.374000,0.030000,0.000000,unrailed,0.030000,,
404.375000,0.030000,-0.000000,unrailed,0.030000,,
404.376000,0.030000,0.000000,unrailed,0.030000,,
404.377000,0.030000,-0.000000,unrailed,0.030000,,
404.378000,0.030000,0.000000,unrailed,0.030000,,
404.379000,0.030000,-0.000000,unrailed,0.030000,,
404.380000,0.030000,0.000000,unrailed,0.030000,,
404.381000,0.030000,-0.000000,unrailed,0.030000,,
404.382000,0.030000,0.000000,unrailed,0.030000,,
404.383000,0.030000,-0.000000,unrailed,0.030000,,
404.384000,0.030000,0.000000,unrailed,0.030000,,
404.385000,0.030000,-0.000000,unrailed,0.030000,,
404.386000,0.030000,0.000000,unrailed,0.030000,,
404.387000,0.030000,-0.000000,unrailed,0.030000,,
404.388000,0.030000,0.000000,unrailed,0.030000,,
404.389000,0.030000,-0.000000,unrailed,0.030000,,
404.390000,0.030000,0.000000,unrailed,0.030000,,
404.391000,0.030000,-0.000000,unrailed,0.030000,,
404.392000,0.030000,0.000000,unrailed,0.030000,,
404.393000,0.030000,-0.000000,unrailed,0.030000,,
404.394000,0.030000,0.000000,unrailed,0.030000,,
404.395000,0.030000,-0.000000,unrailed,0.030000,,
404.396000,0.030000,0.000000,unrailed,0.030000,,
404.397000,0.030000,-0.000000,unrailed,0.030000,,
404.398000,0.030000,0.000000,unrailed,0.030000,,
404.399000,0.030000,-0.000000,unrailed,0.030000,,
404.400000,0.030000,0.000000,unrailed,0.030000,,
404.401000,0.030000,-0.000000,unrailed,0.030000,,
404.402000,0.030000,0.000000,unrailed,0.030000,,
404.403000,0.030000,-0.000000,unrailed,0.030000,,
404.404000,0.030000,0.000000,unrailed,0.030000,,
404.405000,0.030000,-0.000000,unrailed,0.030000,,
404.406000,0.030000,0.000000,unrailed,0.030000,,
404.407000,0.030000,-0.000000,unrailed,0.030000,,
404.408000,0.030000,0.000000,unrailed,0.030000,,
404.409000,0.030000,-0.000000,unrailed,0.030000,,
404.410000,0.030000,0.000000,unrailed,0.030000,,
404.411000,0.030000,-0.000000,unrailed,0.030000,,
404.412000,0.030000,0.000000,unrailed,0.030000,,
404.413000,0.030000,-0.000000,unrailed,0.030000,,
404.414000,0.030000,0.000000,unrailed,0.030000,,
404.415000,0.030000,-0.000000,unrailed,0.030000,,
404.416000,0.030000,0.000000,unrailed,0.030000,,
404.417000,0.030000,-0.000000,unrailed,0.030000,,
404.418000,0.030000,0.000000,unrailed,0.030000,,
404.419000,0.030000,-0.000000,unrailed,0.030000,,
404.420000,0.030000,0.000000,unrailed,0.030000,,
404.421000,0.030000,-0.000000,unrailed,0.030000,,
404.422000,0.030000,0.000000,unrailed,0.030000,,
404.423000,0.030000,-0.000000,unrailed,0.030000,,
404.424000,0.030000,0.000000,unrailed,0.030000,,
404.425000,0.030000,-0.000000,unrailed,0.030000,,
404.426000,0.030000,0.000000,unrailed,0.030000,,
404.427000,0.030000,-0.000000,unrailed,0.030000,,
404.428000,0.030000,0.000000,unrailed,0.030000,,
404.429000,0.030000,-0.000000,unrailed,0.030000,,
404.430000,0.030000,0.000000,unrailed,0.030000,,
404.431000,0.030000,-0.000000,unrailed,0.030000,,
404.432000,0.030000,0.000000,unrailed,0.030000,,
404.433000,0.030000,-0.000000,unrailed,0.030000,,
404.434000,0.030000,0.000000,unrailed,0.030000,,
404.435000,0.030000,-0.000000,unrailed,0.030000,,
404.436000,0.030000,0.000000,unrailed,0.030000,,
404.437000,0.030000,-0.000000,unrailed,0.030000,,
404.438000,0.030000,0.000000,unrailed,0.030000,,
404.439000,0.030000,-0.000000,unrailed,0.030000,,
404.440000,0.030000,0.000000,unrailed,0.030000,,
404.441000,0.030000,-0.000000,unrailed,0.030000,,
404.442000,0.030000,0.000000,unrailed,0.030000,,
404.443000,0.030000,-0.000000,unrailed,0.030000,,
404.444000,0.030000,0.000000,unrailed,0.030000,,
404.445000,0.030000,-0.000000,unrailed,0.030000,,
404.446000,0.030000,0.000000,unrailed,0.030000,,
404.447000,0.030000,-0.000000,unrailed,0.030000,,
404.448000,0.030000,0.000000,unrailed,0.030000,,
404.449000,0.030000,-0.000000,unrailed,0.030000,,
404.450000,0.030000,0.000000,unrailed,0.030000,,
404.451000,0.030000,-0.000000,unrailed,0.030000,,
404.452000,0.030000,0.000000,unrailed,0.030000,,
404.453000,0.030000,-0.000000,unrailed,0.030000,,
404.454000,0.030000,0.000000,unrailed,0.030000,,
404.455000,0.030000,-0.000000,unrailed,0.030000,,
404.456000,0.030000,0.000000,unrailed,0.030000,,
404.457000,0.030000,-0.000000,unrailed,0.030000,,
404.458000,0.030000,0.000000,unrailed,0.030000,,
404.459000,0.030000,-0.000000,unrailed,0.030000,,
404.460000,0.030000,0.000000,unrailed,0.030000,,
404.461000,0.030000,-0.000000,unrailed,0.030000,,
404.462000,0.030000,0.000000,unrailed,0.030000,,
404.463000,0.030000,-0.000000,unrailed,0.030000,,
404.464000,0.030000,0.000000,unrailed,0.030000,,
404.465000,0.030000,-0.000000,unrailed,0.030000,,
404.466000,0.030000,0.000000,unrailed,0.030000,,
404.467000,0.030000,-0.000000,unrailed,0.030000,,
404.468000,0.030000,0.000000,unrailed,0.030000,,
404.469000,0.030000,-0.000000,unrailed,0.030000,,
404.470000,0.030000,0.000000,unrailed,0.030000,,
404.471000,0.030000,-0.000000,unrailed,0.030000,,
404.472000,0.030000,0.000000,unrailed,0.030000,,
404.473000,0.030000,-0.000000,unrailed,0.030000,,
404.474000,0.030000,0.000000,unrailed,0.030000,,
404.475000,0.030000,-0.000000,unrailed,0.030000,,
404.476000,0.030000,0.000000,unrailed,0.030000,,
404.477000,0.030000,-0.000000,unrailed,0.030000,,
404.478000,0.030000,0.000000,unrailed,0.030000,,
404.479000,0.030000,-0.000000,unrailed,0.030000,,
404.480000,0.030000,0.000000,unrailed,0.030000,,
404.481000,0.030000,-0.000000,unrailed,0.030000,,
404.482000,0.030000,0.000000,unrailed,0.030000,,
404.483000,0.030000,-0.000000,unrailed,0.030000,,
404.484000,0.030000,0.000000,unrailed,0.030000,,
404.485000,0.030000,-0.000000,unrailed,0.030000,,
404.486000,0.030000,0.000000,unrailed,0.030000,,
404.487000,0.030000,-0.000000,unrailed,0.030000,,
404.488000,0.030000,0.000000,unrailed,0.030000,,
404.489000,0.030000,-0.000000,unrailed,0.030000,,
404.490000,0.030000,0.000000,unrailed,0.030000,,
404.491000,0.030000,-0.000000,unrailed,0.030000,,
404.492000,0.030000,0.000000,unrailed,0.030000,,
404.493000,0.030000,-0.000000,unrailed,0.030000,,
404.494000,0.030000,0.000000,unrailed,0.030000,,
404.495000,0.030000,-0.000000,unrailed,0.030000,,
404.496000,0.030000,0.000000,unrailed,0.030000,,
404.497000,0.030000,-0.000000,unrailed,0.030000,,
404.498000,0.030000,0.000000,unrailed,0.030000,,
404.499000,0.030000,-0.000000,unrailed,0.030000,,
404.500000,0.030000,0.000000,unrailed,0.030000,,
404.501000,0.030000,-0.000000,unrailed,0.030000,,
404.502000,0.030000,0.000000,unrailed,0.030000,,
404.503000,0.030000,-0.000000,unrailed,0.030000,,
404.504000,0.030000,0.000000,unrailed,0.030000,,
404.505000,0.030000,-0.000000,unrailed,0.030000,,
404.506000,0.030000,0.000000,unrailed,0.030000,,
404.507000,0.030000,-0.000000,unrailed,0.030000,,
404.508000,0.030000,0.000000,unrailed,0.030000,,
404.509000,0.030000,-0.000000,unrailed,0.030000,,
404.510000,0.030000,0.000000,unrailed,0.030000,,
404.511000,0.030000,-0.000000,unrailed,0.030000,,
404.512000,0.030000,0.000000,unrailed,0.030000,,
404.513000,0.030000,-0.000000,unrailed,0.030000,,
404.514000,0.030000,0.000000,unrailed,0.030000,,
404.515000,0.030000,-0.000000,unrailed,0.030000,,
404.516000,0.030000,0.000000,unrailed,0.030000,,
404.517000,0.030000,-0.000000,unrailed,0.030000,,
404.518000,0.030000,0.000000,unrailed,0.030000,,
404.519000,0.030000,-0.000000,unrailed,0.030000,,
404.520000,0.030000,0.000000,unrailed,0.030000,,
404.521000,0.030000,-0.000000,unrailed,0.030000,,
404.522000,0.030000,0.000000,unrailed,0.030000,,
404.523000,0.030000,-0.000000,unrailed,0.030000,,
404.524000,0.030000,0.000000,unrailed,0.030000,,
404.525000,0.030000,-0.000000,unrailed,0.030000,,
404.526000,0.030000,0.000000,unrailed,0.030000,,
404.527000,0.030000,-0.000000,unrailed,0.030000,,
404.528000,0.030000,0.000000,unrailed,0.030000,,
404.529000,0.030000,-0.000000,unrailed,0.030000,,
404.530000,0.030000,0.000000,unrailed,0.030000,,
404.531000,0.030000,-0.000000,unrailed,0.030000,,
404.532000,0.030000,0.000000,unrailed,0.030000,,
404.533000,0.030000,-0.000000,unrailed,0.030000,,
404.534000,0.030000,0.000000,unrailed,0.030000,,
404.535000,0.030000,-0.000000,unrailed,0.030000,,
404.536000,0.030000,0.000000,unrailed,0.030000,,
404.537000,0.030000,-0.000000,unrailed,0.030000,,
404.538000,0.030000,0.000000,unrailed,0.030000,,
404.539000,0.030000,-0.000000,unrailed,0.030000,,
404.540000,0.030000,0.000000,unrailed,0.030000,,
404.541000,0.030000,-0.000000,unrailed,0.030000,,
404.542000,0.030000,0.000000,unrailed,0.030000,,
404.543000,0.030000,-0.000000,unrailed,0.030000,,
404.544000,0.030000,0.000000,unrailed,0.030000,,
404.545000,0.030000,-0.000000,unrailed,0.030000,,
404.546000,0.030000,0.000000,unrailed,0.030000,,
404.547000,0.030000,-0.000000,unrailed,0.030000,,
404.548000,0.030000,0.000000,unrailed,0.030000,,
404.549000,0.030000,-0.000000,unrailed,0.030000,,
404.550000,0.030000,0.000000,unrailed,0.030000,,
404.551000,0.030000,-0.000000,unrailed,0.030000,,
404.552000,0.030000,0.000000,unrailed,0.030000,,
404.553000,0.030000,-0.000000,unrailed,0.030000,,
404.554000,0.030000,0.000000,unrailed,0.030000,,
404.555000,0.030000,-0.000000,unrailed,0.030000,,
404.556000,0.030000,0.000000,unrailed,0.030000,,
404.557000,0.030000,-0.000000,unrailed,0.030000,,
404.558000,0.030000,0.000000,unrailed,0.030000,,
404.559000,0.030000,-0.000000,unrailed,0.030000,,
404.560000,0.030000,0.000000,unrailed,0.030000,,
404.561000,0.030000,-0.000000,unrailed,0.030000,,
404.562000,0.030000,0.000000,unrailed,0.030000,,
404.563000,0.030000,-0.000000,unrailed,0.030000,,
404.564000,0.030000,0.000000,unrailed,0.030000,,
404.565000,0.030000,-0.000000,unrailed,0.030000,,
404.566000,0.030000,0.000000,unrailed,0.030000,,
404.567000,0.030000,-0.000000,unrailed,0.030000,,
404.568000,0.030000,0.000000,unrailed,0.030000,,
404.569000,0.030000,-0.000000,unrailed,0.030000,,
404.570000,0.030000,0.000000,unrailed,0.030000,,
404.571000,0.030000,-0.000000,unrailed,0.030000,,
404.572000,0.030000,0.000000,unrailed,0.030000,,
404.573000,0.030000,-0.000000,unrailed,0.030000,,
404.574000,0.030000,0.000000,unrailed,0.030000,,
404.575000,0.030000,-0.000000,unrailed,0.030000,,
404.576000,0.030000,0.000000,unrailed,0.030000,,
404.577000,0.030000,-0.000000,unrailed,0.030000,,
404.578000,0.030000,0.000000,unrailed,0.030000,,
404.579000,0.030000,-0.000000,unrailed,0.030000,,
404.580000,0.030000,0.000000,unrailed,0.030000,,
404.581000,0.030000,-0.000000,unrailed,0.030000,,
404.582000,0.030000,0.000000,unrailed,0.030000,,
404.583000,0.030000,-0.000000,unrailed,0.030000,,
404.584000,0.030000,0.000000,unrailed,0.030000,,
404.585000,0.030000,-0.000000,unrailed,0.030000,,
404.586000,0.030000,0.000000,unrailed,0.030000,,
404.587000,0.030000,-0.000000,unrailed,0.030000,,
404.588000,0.030000,0.000000,unrailed,0.030000,,
404.589000,0.030000,-0.000000,unrailed,0.030000,,
404.590000,0.030000,0.000000,unrailed,0.030000,,
404.591000,0.030000,-0.000000,unrailed,0.030000,,
404.592000,0.030000,0.000000,unrailed,0.030000,,
404.593000,0.030000,-0.000000,unrailed,0.030000,,
404.594000,0.030000,0.000000,unrailed,0.030000,,
404.595000,0.030000,-0.000000,unrailed,0.030000,,
404.596000,0.030000,0.000000,unrailed,0.030000,,
404.597000,0.030000,-0.000000,unrailed,0.030000,,
404.598000,0.030000,0.000000,unrailed,0.030000,,
404.599000,0.030000,-0.000000,unrailed,0.030000,,
404.600000,0.030000,0.000000,unrailed,0.030000,,
404.601000,0.030000,-0.000000,unrailed,0.030000,,
404.602000,0.030000,0.000000,unrailed,0.030000,,
404.603000,0.030000,-0.000000,unrailed,0.030000,,
404.604000,0.030000,0.000000,unrailed,0.030000,,
404.605000,0.030000,-0.000000,unrailed,0.030000,,
404.606000,0.030000,0.000000,unrailed,0.030000,,
404.607000,0.030000,-0.000000,unrailed,0.030000,,
404.608000,0.030000,0.000000,unrailed,0.030000,,
404.609000,0.030000,-0.000000,unrailed,0.030000,,
404.610000,0.030000,0.000000,unrailed,0.030000,,
404.611000,0.030000,-0.000000,unrailed,0.030000,,
404.612000,0.030000,0.000000,unrailed,0.030000,,
404.613000,0.030000,-0.000000,unrailed,0.030000,,
404.614000,0.030000,0.000000,unrailed,0.030000,,
404.615000,0.030000,-0.000000,unrailed,0.030000,,
404.616000,0.030000,0.000000,unrailed,0.030000,,
404.617000,0.030000,-0.000000,unrailed,0.030000,,
404.618000,0.030000,0.000000,unrailed,0.030000,,
404.619000,0.030000,-0.000000,unrailed,0.030000,,
404.620000,0.030000,0.000000,unrailed,0.030000,,
404.621000,0.030000,-0.000000,unrailed,0.030000,,
404.622000,0.030000,0.000000,unrailed,0.030000,,
404.623000,0.030000,-0.000000,unrailed,0.030000,,
404.624000,0.030000,0.000000,unrailed,0.030000,,
404.625000,0.030000,-0.000000,unrailed,0.030000,,
404.626000,0.030000,0.000000,unrailed,0.030000,,
404.627000,0.030000,-0.000000,unrailed,0.030000,,
404.628000,0.030000,0.000000,unrailed,0.030000,,
404.629000,0.030000,-0.000000,unrailed,0.030000,,
404.630000,0.030000,0.000000,unrailed,0.030000,,
404.631000,0.030000,-0.000000,unrailed,0.030000,,
404.632000,0.030000,0.000000,unrailed,0.030000,,
404.633000,0.030000,-0.000000,unrailed,0.030000,,
404.634000,0.030000,0.000000,unrailed,0.030000,,
404.635000,0.030000,-0.000000,unrailed,0.030000,,
404.636000,0.030000,0.000000,unrailed,0.030000,,
404.637000,0.030000,-0.000000,unrailed,0.030000,,
404.638000,0.030000,0.000000,unrailed,0.030000,,
404.639000,0.030000,-0.000000,unrailed,0.030000,,
404.640000,0.030000,0.000000,unrailed,0.030000,,
404.641000,0.030000,-0.000000,unrailed,0.030000,,
404.642000,0.030000,0.000000,unrailed,0.030000,,
404.643000,0.030000,-0.000000,unrailed,0.030000,,
404.644000,0.030000,0.000000,unrailed,0.030000,,
404.645000,0.030000,-0.000000,unrailed,0.030000,,
404.646000,0.030000,0.000000,unrailed,0.030000,,
404.647000,0.030000,-0.000000,unrailed,0.030000,,
404.648000,0.030000,0.000000,unrailed,0.030000,,
404.649000,0.030000,-0.000000,unrailed,0.030000,,
404.650000,0.030000,0.000000,unrailed,0.030000,,
404.651000,0.030000,-0.000000,unrailed,0.030000,,
404.652000,0.030000,0.000000,unrailed,0.030000,,
404.653000,0.030000,-0.000000,unrailed,0.030000,,
404.654000,0.030000,0.000000,unrailed,0.030000,,
404.655000,0.030000,-0.000000,unrailed,0.030000,,
404.656000,0.030000,0.000000,unrailed,0.030000,,
404.657000,0.030000,-0.000000,unrailed,0.030000,,
404.658000,0.030000,0.000000,unrailed,0.030000,,
404.659000,0.030000,-0.000000,unrailed,0.030000,,
404.660000,0.030000,0.000000,unrailed,0.030000,,
404.661000,0.030000,-0.000000,unrailed,0.030000,,
404.662000,0.030000,0.000000,unrailed,0.030000,,
404.663000,0.030000,-0.000000,unrailed,0.030000,,
404.664000,0.030000,0.000000,unrailed,0.030000,,
404.665000,0.030000,-0.000000,unrailed,0.030000,,
404.666000,0.030000,0.000000,unrailed,0.030000,,
404.667000,0.030000,-0.000000,unrailed,0.030000,,
404.668000,0.030000,0.000000,unrailed,0.030000,,
404.669000,0.030000,-0.000000,unrailed,0.030000,,
404.670000,0.030000,0.000000,unrailed,0.030000,,
404.671000,0.030000,-0.000000,unrailed,0.030000,,
404.672000,0.030000,0.000000,unrailed,0.030000,,
404.673000,0.030000,-0.000000,unrailed,0.030000,,
404.674000,0.030000,0.000000,unrailed,0.030000,,
404.675000,0.030000,-0.000000,unrailed,0.030000,,
404.676000,0.030000,0.000000,unrailed,0.030000,,
404.677000,0.030000,-0.000000,unrailed,0.030000,,
404.678000,0.030000,0.000000,unrailed,0.030000,,
404.679000,0.030000,-0.000000,unrailed,0.030000,,
404.680000,0.030000,0.000000,unrailed,0.030000,,
404.681000,0.030000,-0.000000,unrailed,0.030000,,
404.682000,0.030000,0.000000,unrailed,0.030000,,
404.683000,0.030000,-0.000000,unrailed,0.030000,,
404.684000,0.030000,0.000000,unrailed,0.030000,,
404.685000,0.030000,-0.000000,unrailed,0.030000,,
404.686000,0.030000,0.000000,unrailed,0.030000,,
404.687000,0.030000,-0.000000,unrailed,0.030000,,
404.688000,0.030000,0.000000,unrailed,0.030000,,
404.689000,0.030000,-0.000000,unrailed,0.030000,,
404.690000,0.030000,0.000000,unrailed,0.030000,,
404.691000,0.030000,-0.000000,unrailed,0.030000,,
404.692000,0.030000,0.000000,unrailed,0.030000,,
404.693000,0.030000,-0.000000,unrailed,0.030000,,
404.694000,0.030000,0.000000,unrailed,0.030000,,
404.695000,0.030000,-0.000000,unrailed,0.030000,,
404.696000,0.030000,0.000000,unrailed,0.030000,,
404.697000,0.030000,-0.000000,unrailed,0.030000,,
404.698000,0.030000,0.000000,unrailed,0.030000,,
404.699000,0.030000,-0.000000,unrailed,0.030000,,
404.700000,0.030000,0.000000,unrailed,0.030000,,
404.701000,0.030000,-0.000000,unrailed,0.030000,,
404.702000,0.030000,0.000000,unrailed,0.030000,,
404.703000,0.030000,-0.000000,unrailed,0.030000,,
404.704000,0.030000,0.000000,unrailed,0.030000,,
404.705000,0.030000,-0.000000,unrailed,0.030000,,
404.706000,0.030000,0.000000,unrailed,0.030000,,
404.707000,0.030000,-0.000000,unrailed,0.030000,,
404.708000,0.030000,0.000000,unrailed,0.030000,,
404.709000,0.030000,-0.000000,unrailed,0.030000,,
404.710000,0.030000,0.000000,unrailed,0.030000,,
404.711000,0.030000,-0.000000,unrailed,0.030000,,
404.712000,0.030000,0.000000,unrailed,0.030000,,
404.713000,0.030000,-0.000000,unrailed,0.030000,,
404.714000,0.030000,0.000000,unrailed,0.030000,,
404.715000,0.030000,-0.000000,unrailed,0.030000,,
404.716000,0.030000,0.000000,unrailed,0.030000,,
404.717000,0.030000,-0.000000,unrailed,0.030000,,
404.718000,0.030000,0.000000,unrailed,0.030000,,
404.719000,0.030000,-0.000000,unrailed,0.030000,,
404.720000,0.030000,0.000000,unrailed,0.030000,,
404.721000,0.030000,-0.000000,unrailed,0.030000,,
404.722000,0.030000,0.000000,unrailed,0.030000,,
404.723000,0.030000,-0.000000,unrailed,0.030000,,
404.724000,0.030000,0.000000,unrailed,0.030000,,
404.725000,0.030000,-0.000000,unrailed,0.030000,,
404.726000,0.030000,0.000000,unrailed,0.030000,,
404.727000,0.030000,-0.000000,unrailed,0.030000,,
404.728000,0.030000,0.000000,unrailed,0.030000,,
404.729000,0.030000,-0.000000,unrailed,0.030000,,
404.730000,0.030000,0.000000,unrailed,0.030000,,
404.731000,0.030000,-0.000000,unrailed,0.030000,,
404.732000,0.030000,0.000000,unrailed,0.030000,,
404.733000,0.030000,-0.000000,unrailed,0.030000,,
404.734000,0.030000,0.000000,unrailed,0.030000,,
404.735000,0.030000,-0.000000,unrailed,0.030000,,
404.736000,0.030000,0.000000,unrailed,0.030000,,
404.737000,0.030000,-0.000000,unrailed,0.030000,,
404.738000,0.030000,0.000000,unrailed,0.030000,,
404.739000,0.030000,-0.000000,unrailed,0.030000,,
404.740000,0.030000,0.000000,unrailed,0.030000,,
404.741000,0.030000,-0.000000,unrailed,0.030000,,
404.742000,0.030000,0.000000,unrailed,0.030000,,
404.743000,0.030000,-0.000000,unrailed,0.030000,,
404.744000,0.030000,0.000000,unrailed,0.030000,,
404.745000,0.030000,-0.000000,unrailed,0.030000,,
404.746000,0.030000,0.000000,unrailed,0.030000,,
404.747000,0.030000,-0.000000,unrailed,0.030000,,
404.748000,0.030000,0.000000,unrailed,0.030000,,
404.749000,0.030000,-0.000000,unrailed,0.030000,,
404.750000,0.030000,0.000000,unrailed,0.030000,,
404.751000,0.030000,-0.000000,unrailed,0.030000,,
404.752000,0.030000,0.000000,unrailed,0.030000,,
404.753000,0.030000,-0.000000,unrailed,0.030000,,
404.754000,0.030000,0.000000,unrailed,0.030000,,
404.755000,0.030000,-0.000000,unrailed,0.030000,,
404.756000,0.030000,0.000000,unrailed,0.030000,,
404.757000,0.030000,-0.000000,unrailed,0.030000,,
404.758000,0.030000,0.000000,unrailed,0.030000,,
404.759000,0.030000,-0.000000,unrailed,0.030000,,
404.760000,0.030000,0.000000,unrailed,0.030000,,
404.761000,0.030000,-0.000000,unrailed,0.030000,,
404.762000,0.030000,0.000000,unrailed,0.030000,,
404.763000,0.030000,-0.000000,unrailed,0.030000,,
404.764000,0.030000,0.000000,unrailed,0.030000,,
404.765000,0.030000,-0.000000,unrailed,0.030000,,
404.766000,0.030000,0.000000,unrailed,0.030000,,
404.767000,0.030000,-0.000000,unrailed,0.030000,,
404.768000,0.030000,0.000000,unrailed,0.030000,,
404.769000,0.030000,-0.000000,unrailed,0.030000,,
404.770000,0.030000,0.000000,unrailed,0.030000,,
404.771000,0.030000,-0.000000,unrailed,0.030000,,
404.772000,0.030000,0.000000,unrailed,0.030000,,
404.773000,0.030000,-0.000000,unrailed,0.030000,,
404.774000,0.030000,0.000000,unrailed,0.030000,,
404.775000,0.030000,-0.000000,unrailed,0.030000,,
404.776000,0.030000,0.000000,unrailed,0.030000,,
404.777000,0.030000,-0.000000,unrailed,0.030000,,
404.778000,0.030000,0.000000,unrailed,0.030000,,
404.779000,0.030000,-0.000000,unrailed,0.030000,,
404.780000,0.030000,0.000000,unrailed,0.030000,,
404.781000,0.030000,-0.000000,unrailed,0.030000,,
404.782000,0.030000,0.000000,unrailed,0.030000,,
404.783000,0.030000,-0.000000,unrailed,0.030000,,
404.784000,0.030000,0.000000,unrailed,0.030000,,
404.785000,0.030000,-0.000000,unrailed,0.030000,,
404.786000,0.030000,0.000000,unrailed,0.030000,,
404.787000,0.030000,-0.000000,unrailed,0.030000,,
404.788000,0.030000,0.000000,unrailed,0.030000,,
404.789000,0.030000,-0.000000,unrailed,0.030000,,
404.790000,0.030000,0.000000,unrailed,0.030000,,
404.791000,0.030000,-0.000000,unrailed,0.030000,,
404.792000,0.030000,0.000000,unrailed,0.030000,,
404.793000,0.030000,-0.000000,unrailed,0.030000,,
404.794000,0.030000,0.000000,unrailed,0.030000,,
404.795000,0.030000,-0.000000,unrailed,0.030000,,
404.796000,0.030000,0.000000,unrailed,0.030000,,
404.797000,0.030000,-0.000000,unrailed,0.030000,,
404.798000,0.030000,0.000000,unrailed,0.030000,,
404.799000,0.030000,-0.000000,unrailed,0.030000,,
404.800000,0.030000,0.000000,unrailed,0.030000,,
404.801000,0.030000,-0.000000,unrailed,0.030000,,
404.802000,0.030000,0.000000,unrailed,0.030000,,
404.803000,0.030000,-0.000000,unrailed,0.030000,,
404.804000,0.030000,0.000000,unrailed,0.030000,,
404.805000,0.030000,-0.000000,unrailed,0.030000,,
404.806000,0.030000,0.000000,unrailed,0.030000,,
404.807000,0.030000,-0.000000,unrailed,0.030000,,
404.808000,0.030000,0.000000,unrailed,0.030000,,
404.809000,0.030000,-0.000000,unrailed,0.030000,,
404.810000,0.030000,0.000000,unrailed,0.030000,,
404.811000,0.030000,-0.000000,unrailed,0.030000,,
404.812000,0.030000,0.000000,unrailed,0.030000,,
404.813000,0.030000,-0.000000,unrailed,0.030000,,
404.814000,0.030000,0.000000,unrailed,0.030000,,
404.815000,0.030000,-0.000000,unrailed,0.030000,,
404.816000,0.030000,0.000000,unrailed,0.030000,,
404.817000,0.030000,-0.000000,unrailed,0.030000,,
404.818000,0.030000,0.000000,unrailed,0.030000,,
404.819000,0.030000,-0.000000,unrailed,0.030000,,
404.820000,0.030000,0.000000,unrailed,0.030000,,
404.821000,0.030000,-0.000000,unrailed,0.030000,,
404.822000,0.030000,0.000000,unrailed,0.030000,,
404.823000,0.030000,-0.000000,unrailed,0.030000,,
404.824000,0.030000,0.000000,unrailed,0.030000,,
404.825000,0.030000,-0.000000,unrailed,0.030000,,
404.826000,0.030000,0.000000,unrailed,0.030000,,
404.827000,0.030000,-0.000000,unrailed,0.030000,,
404.828000,0.030000,0.000000,unrailed,0.030000,,
404.829000,0.030000,-0.000000,unrailed,0.030000,,
404.830000,0.030000,0.000000,unrailed,0.030000,,
404.831000,0.030000,-0.000000,unrailed,0.030000,,
404.832000,0.030000,0.000000,unrailed,0.030000,,
404.833000,0.030000,-0.000000,unrailed,0.030000,,
404.834000,0.030000,0.000000,unrailed,0.030000,,
404.835000,0.030000,-0.000000,unrailed,0.030000,,
404.836000,0.030000,0.000000,unrailed,0.030000,,
404.837000,0.030000,-0.000000,unrailed,0.030000,,
404.838000,0.030000,0.000000,unrailed,0.030000,,
404.839000,0.030000,-0.000000,unrailed,0.030000,,
404.840000,0.030000,0.000000,unrailed,0.030000,,
404.841000,0.030000,-0.000000,unrailed,0.030000,,
404.842000,0.030000,0.000000,unrailed,0.030000,,
404.843000,0.030000,-0.000000,unrailed,0.030000,,
404.844000,0.030000,0.000000,unrailed,0.030000,,
404.845000,0.030000,-0.000000,unrailed,0.030000,,
404.846000,0.030000,0.000000,unrailed,0.030000,,
404.847000,0.030000,-0.000000,unrailed,0.030000,,
404.848000,0.030000,0.000000,unrailed,0.030000,,
404.849000,0.030000,-0.000000,unrailed,0.030000,,
404.850000,0.030000,0.000000,unrailed,0.030000,,
404.851000,0.030000,-0.000000,unrailed,0.030000,,
404.852000,0.030000,0.000000,unrailed,0.030000,,
404.853000,0.030000,-0.000000,unrailed,0.030000,,
404.854000,0.030000,0.000000,unrailed,0.030000,,
404.855000,0.030000,-0.000000,unrailed,0.030000,,
404.856000,0.030000,0.000000,unrailed,0.030000,,
404.857000,0.030000,-0.000000,unrailed,0.030000,,
404.858000,0.030000,0.000000,unrailed,0.030000,,
404.859000,0.030000,-0.000000,unrailed,0.030000,,
404.860000,0.030000,0.000000,unrailed,0.030000,,
404.861000,0.030000,-0.000000,unrailed,0.030000,,
404.862000,0.030000,0.000000,unrailed,0.030000,,
404.863000,0.030000,-0.000000,unrailed,0.030000,,
404.864000,0.030000,0.000000,unrailed,0.030000,,
404.865000,0.030000,-0.000000,unrailed,0.030000,,
404.866000,0.030000,0.000000,unrailed,0.030000,,
404.867000,0.030000,-0.000000,unrailed,0.030000,,
404.868000,0.030000,0.000000,unrailed,0.030000,,
404.869000,0.030000,-0.000000,unrailed,0.030000,,
404.870000,0.030000,0.000000,unrailed,0.030000,,
404.871000,0.030000,-0.000000,unrailed,0.030000,,
404.872000,0.030000,0.000000,unrailed,0.030000,,
404.873000,0.030000,-0.000000,unrailed,0.030000,,
404.874000,0.030000,0.000000,unrailed,0.030000,,
404.875000,0.030000,-0.000000,unrailed,0.030000,,
404.876000,0.030000,0.000000,unrailed,0.030000,,
404.877000,0.030000,-0.000000,unrailed,0.030000,,
404.878000,0.030000,0.000000,unrailed,0.030000,,
404.879000,0.030000,-0.000000,unrailed,0.030000,,
404.880000,0.030000,0.000000,unrailed,0.030000,,
404.881000,0.030000,-0.000000,unrailed,0.030000,,
404.882000,0.030000,0.000000,unrailed,0.030000,,
404.883000,0.030000,-0.000000,unrailed,0.030000,,
404.884000,0.030000,0.000000,unrailed,0.030000,,
404.885000,0.030000,-0.000000,unrailed,0.030000,,
404.886000,0.030000,0.000000,unrailed,0.030000,,
404.887000,0.030000,-0.000000,unrailed,0.030000,,
404.888000,0.030000,0.000000,unrailed,0.030000,,
404.889000,0.030000,-0.000000,unrailed,0.030000,,
404.890000,0.030000,0.000000,unrailed,0.030000,,
404.891000,0.030000,-0.000000,unrailed,0.030000,,
404.892000,0.030000,0.000000,unrailed,0.030000,,
404.893000,0.030000,-0.000000,unrailed,0.030000,,
404.894000,0.030000,0.000000,unrailed,0.030000,,
404.895000,0.030000,-0.000000,unrailed,0.030000,,
404.896000,0.030000,0.000000,unrailed,0.030000,,
404.897000,0.030000,-0.000000,unrailed,0.030000,,
404.898000,0.030000,0.000000,unrailed,0.030000,,
404.899000,0.030000,-0.000000,unrailed,0.030000,,
404.900000,0.030000,0.000000,unrailed,0.030000,,
404.901000,0.030000,-0.000000,unrailed,0.030000,,
404.902000,0.030000,0.000000,unrailed,0.030000,,
404.903000,0.030000,-0.000000,unrailed,0.030000,,
404.904000,0.030000,0.000000,unrailed,0.030000,,
404.905000,0.030000,-0.000000,unrailed,0.030000,,
404.906000,0.030000,0.000000,unrailed,0.030000,,
404.907000,0.030000,-0.000000,unrailed,0.030000,,
404.908000,0.030000,0.000000,unrailed,0.030000,,
404.909000,0.030000,-0.000000,unrailed,0.030000,,
404.910000,0.030000,0.000000,unrailed,0.030000,,
404.911000,0.030000,-0.000000,unrailed,0.030000,,
404.912000,0.030000,0.000000,unrailed,0.030000,,
404.913000,0.030000,-0.000000,unrailed,0.030000,,
404.914000,0.030000,0.000000,unrailed,0.030000,,
404.915000,0.030000,-0.000000,unrailed,0.030000,,
404.916000,0.030000,0.000000,unrailed,0.030000,,
404.917000,0.030000,-0.000000,unrailed,0.030000,,
404.918000,0.030000,0.000000,unrailed,0.030000,,
404.919000,0.030000,-0.000000,unrailed,0.030000,,
404.920000,0.030000,0.000000,unrailed,0.030000,,
404.921000,0.030000,-0.000000,unrailed,0.030000,,
404.922000,0.030000,0.000000,unrailed,0.030000,,
404.923000,0.030000,-0.000000,unrailed,0.030000,,
404.924000,0.030000,0.000000,unrailed,0.030000,,
404.925000,0.030000,-0.000000,unrailed,0.030000,,
404.926000,0.030000,0.000000,unrailed,0.030000,,
404.927000,0.030000,-0.000000,unrailed,0.030000,,
404.928000,0.030000,0.000000,unrailed,0.030000,,
404.929000,0.030000,-0.000000,unrailed,0.030000,,
404.930000,0.030000,0.000000,unrailed,0.030000,,
404.931000,0.030000,-0.000000,unrailed,0.030000,,
404.932000,0.030000,0.000000,unrailed,0.030000,,
404.933000,0.030000,-0.000000,unrailed,0.030000,,
404.934000,0.030000,0.000000,unrailed,0.030000,,
404.935000,0.030000,-0.000000,unrailed,0.030000,,
404.936000,0.030000,0.000000,unrailed,0.030000,,
404.937000,0.030000,-0.000000,unrailed,0.030000,,
404.938000,0.030000,0.000000,unrailed,0.030000,,
404.939000,0.030000,-0.000000,unrailed,0.030000,,
404.940000,0.030000,0.000000,unrailed,0.030000,,
404.941000,0.030000,-0.000000,unrailed,0.030000,,
404.942000,0.030000,0.000000,unrailed,0.030000,,
404.943000,0.030000,-0.000000,unrailed,0.030000,,
404.944000,0.030000,0.000000,unrailed,0.030000,,
404.945000,0.030000,-0.000000,unrailed,0.030000,,
404.946000,0.030000,0.000000,unrailed,0.030000,,
404.947000,0.030000,-0.000000,unrailed,0.030000,,
404.948000,0.030000,0.000000,unrailed,0.030000,,
404.949000,0.030000,-0.000000,unrailed,0.030000,,
404.950000,0.030000,0.000000,unrailed,0.030000,,
404.951000,0.030000,-0.000000,unrailed,0.030000,,
404.952000,0.030000,0.000000,unrailed,0.030000,,
404.953000,0.030000,-0.000000,unrailed,0.030000,,
404.954000,0.030000,0.000000,unrailed,0.030000,,
404.955000,0.030000,-0.000000,unrailed,0.030000,,
404.956000,0.030000,0.000000,unrailed,0.030000,,
404.957000,0.030000,-0.000000,unrailed,0.030000,,
404.958000,0.030000,0.000000,unrailed,0.030000,,
404.959000,0.030000,-0.000000,unrailed,0.030000,,
404.960000,0.030000,0.000000,unrailed,0.030000,,
404.961000,0.030000,-0.000000,unrailed,0.030000,,
404.962000,0.030000,0.000000,unrailed,0.030000,,
404.963000,0.030000,-0.000000,unrailed,0.030000,,
404.964000,0.030000,0.000000,unrailed,0.030000,,
404.965000,0.030000,-0.000000,unrailed,0.030000,,
404.966000,0.030000,0.000000,unrailed,0.030000,,
404.967000,0.030000,-0.000000,unrailed,0.030000,,
404.968000,0.030000,0.000000,unrailed,0.030000,,
404.969000,0.030000,-0.000000,unrailed,0.030000,,
404.970000,0.030000,0.000000,unrailed,0.030000,,
404.971000,0.030000,-0.000000,unrailed,0.030000,,
404.972000,0.030000,0.000000,unrailed,0.030000,,
404.973000,0.030000,-0.000000,unrailed,0.030000,,
404.974000,0.030000,0.000000,unrailed,0.030000,,
404.975000,0.030000,-0.000000,unrailed,0.030000,,
404.976000,0.030000,0.000000,unrailed,0.030000,,
404.977000,0.030000,-0.000000,unrailed,0.030000,,
404.978000,0.030000,0.000000,unrailed,0.030000,,
404.979000,0.030000,-0.000000,unrailed,0.030000,,
404.980000,0.030000,0.000000,unrailed,0.030000,,
404.981000,0.030000,-0.000000,unrailed,0.030000,,
404.982000,0.030000,0.000000,unrailed,0.030000,,
404.983000,0.030000,-0.000000,unrailed,0.030000,,
404.984000,0.030000,0.000000,unrailed,0.030000,,
404.985000,0.030000,-0.000000,unrailed,0.030000,,
404.986000,0.030000,0.000000,unrailed,0.030000,,
404.987000,0.030000,-0.000000,unrailed,0.030000,,
404.988000,0.030000,0.000000,unrailed,0.030000,,
404.989000,0.030000,-0.000000,unrailed,0.030000,,
404.990000,0.030000,0.000000,unrailed,0.030000,,
404.991000,0.030000,-0.000000,unrailed,0.030000,,
404.992000,0.030000,0.000000,unrailed,0.030000,,
404.993000,0.030000,-0.000000,unrailed,0.030000,,
404.994000,0.030000,0.000000,unrailed,0.030000,,
404.995000,0.030000,-0.000000,unrailed,0.030000,,
404.996000,0.030000,0.000000,unrailed,0.030000,,
404.997000,0.030000,-0.000000,unrailed,0.030000,,
404.998000,0.030000,0.000000,unrailed,0.030000,,
404.999000,0.030000,-0.000000,unrailed,0.030000,,
405.000000,0.030000,0.000000,unrailed,0.030000,,
405.001000,0.030000,-0.000000,unrailed,0.030000,,
405.002000,0.030000,0.000000,unrailed,0.030000,,
405.003000,0.030000,-0.000000,unrailed,0.030000,,
405.004000,0.030000,0.000000,unrailed,0.030000,,
405.005000,0.030000,-0.000000,unrailed,0.030000,,
405.006000,0.030000,0.000000,unrailed,0.030000,,
405.007000,0.030000,-0.000000,unrailed,0.030000,,
405.008000,0.030000,0.000000,unrailed,0.030000,,
405.009000,0.030000,-0.000000,unrailed,0.030000,,
405.010000,0.030000,0.000000,unrailed,0.030000,,
405.011000,0.030000,-0.000000,unrailed,0.030000,,
405.012000,0.030000,0.000000,unrailed,0.030000,,
405.013000,0.030000,-0.000000,unrailed,0.030000,,
405.014000,0.030000,0.000000,unrailed,0.030000,,
405.015000,0.030000,-0.000000,unrailed,0.030000,,
405.016000,0.030000,0.000000,unrailed,0.030000,,
405.017000,0.030000,-0.000000,unrailed,0.030000,,
405.018000,0.030000,0.000000,unrailed,0.030000,,
405.019000,0.030000,-0.000000,unrailed,0.030000,,
405.020000,0.030000,0.000000,unrailed,0.030000,,
405.021000,0.030000,-0.000000,unrailed,0.030000,,
405.022000,0.030000,0.000000,unrailed,0.030000,,
405.023000,0.030000,-0.000000,unrailed,0.030000,,
405.024000,0.030000,0.000000,unrailed,0.030000,,
405.025000,0.030000,-0.000000,unrailed,0.030000,,
405.026000,0.030000,0.000000,unrailed,0.030000,,
405.027000,0.030000,-0.000000,unrailed,0.030000,,
405.028000,0.030000,0.000000,unrailed,0.030000,,
405.029000,0.030000,-0.000000,unrailed,0.030000,,
405.030000,0.030000,0.000000,unrailed,0.030000,,
405.031000,0.030000,-0.000000,unrailed,0.030000,,
405.032000,0.030000,0.000000,unrailed,0.030000,,
405.033000,0.030000,-0.000000,unrailed,0.030000,,
405.034000,0.030000,0.000000,unrailed,0.030000,,
405.035000,0.030000,-0.000000,unrailed,0.030000,,
405.036000,0.030000,0.000000,unrailed,0.030000,,
405.037000,0.030000,-0.000000,unrailed,0.030000,,
405.038000,0.030000,0.000000,unrailed,0.030000,,
405.039000,0.030000,-0.000000,unrailed,0.030000,,
405.040000,0.030000,0.000000,unrailed,0.030000,,
405.041000,0.030000,-0.000000,unrailed,0.030000,,
405.042000,0.030000,0.000000,unrailed,0.030000,,
405.043000,0.030000,-0.000000,unrailed,0.030000,,
405.044000,0.030000,0.000000,unrailed,0.030000,,
405.045000,0.030000,-0.000000,unrailed,0.030000,,
405.046000,0.030000,0.000000,unrailed,0.030000,,
405.047000,0.030000,-0.000000,unrailed,0.030000,,
405.048000,0.030000,0.000000,unrailed,0.030000,,
405.049000,0.030000,-0.000000,unrailed,0.030000,,
405.050000,0.030000,0.000000,unrailed,0.030000,,
405.051000,0.030000,-0.000000,unrailed,0.030000,,
405.052000,0.030000,0.000000,unrailed,0.030000,,
405.053000,0.030000,-0.000000,unrailed,0.030000,,
405.054000,0.030000,0.000000,unrailed,0.030000,,
405.055000,0.030000,-0.000000,unrailed,0.030000,,
405.056000,0.030000,0.000000,unrailed,0.030000,,
405.057000,0.030000,-0.000000,unrailed,0.030000,,
405.058000,0.030000,0.000000,unrailed,0.030000,,
405.059000,0.030000,-0.000000,unrailed,0.030000,,
405.060000,0.030000,0.000000,unrailed,0.030000,,
405.061000,0.030000,-0.000000,unrailed,0.030000,,
405.062000,0.030000,0.000000,unrailed,0.030000,,
405.063000,0.030000,-0.000000,unrailed,0.030000,,
405.064000,0.030000,0.000000,unrailed,0.030000,,
405.065000,0.030000,-0.000000,unrailed,0.030000,,
405.066000,0.030000,0.000000,unrailed,0.030000,,
405.067000,0.030000,-0.000000,unrailed,0.030000,,
405.068000,0.030000,0.000000,unrailed,0.030000,,
405.069000,0.030000,-0.000000,unrailed,0.030000,,
405.070000,0.030000,0.000000,unrailed,0.030000,,
405.071000,0.030000,-0.000000,unrailed,0.030000,,
405.072000,0.030000,0.000000,unrailed,0.030000,,
405.073000,0.030000,-0.000000,unrailed,0.030000,,
405.074000,0.030000,0.000000,unrailed,0.030000,,
405.075000,0.030000,-0.000000,unrailed,0.030000,,
405.076000,0.030000,0.000000,unrailed,0.030000,,
405.077000,0.030000,-0.000000,unrailed,0.030000,,
405.078000,0.030000,0.000000,unrailed,0.030000,,
405.079000,0.030000,-0.000000,unrailed,0.030000,,
405.080000,0.030000,0.000000,unrailed,0.030000,,
405.081000,0.030000,-0.000000,unrailed,0.030000,,
405.082000,0.030000,0.000000,unrailed,0.030000,,
405.083000,0.030000,-0.000000,unrailed,0.030000,,
405.084000,0.030000,0.000000,unrailed,0.030000,,
405.085000,0.030000,-0.000000,unrailed,0.030000,,
405.086000,0.030000,0.000000,unrailed,0.030000,,
405.087000,0.030000,-0.000000,unrailed,0.030000,,
405.088000,0.030000,0.000000,unrailed,0.030000,,
405.089000,0.030000,-0.000000,unrailed,0.030000,,
405.090000,0.030000,0.000000,unrailed,0.030000,,
405.091000,0.030000,-0.000000,unrailed,0.030000,,
405.092000,0.030000,0.000000,unrailed,0.030000,,
405.093000,0.030000,-0.000000,unrailed,0.030000,,
405.094000,0.030000,0.000000,unrailed,0.030000,,
405.095000,0.030000,-0.000000,unrailed,0.030000,,
405.096000,0.030000,0.000000,unrailed,0.030000,,
405.097000,0.030000,-0.000000,unrailed,0.030000,,
405.098000,0.030000,0.000000,unrailed,0.030000,,
405.099000,0.030000,-0.000000,unrailed,0.030000,,
405.100000,0.030000,0.000000,unrailed,0.030000,,
405.101000,0.030000,-0.000000,unrailed,0.030000,,
405.102000,0.030000,0.000000,unrailed,0.030000,,
405.103000,0.030000,-0.000000,unrailed,0.030000,,
405.104000,0.030000,0.000000,unrailed,0.030000,,
405.105000,0.030000,-0.000000,unrailed,0.030000,,
405.106000,0.030000,0.000000,unrailed,0.030000,,
405.107000,0.030000,-0.000000,unrailed,0.030000,,
405.108000,0.030000,0.000000,unrailed,0.030000,,
405.109000,0.030000,-0.000000,unrailed,0.030000,,
405.110000,0.030000,0.000000,unrailed,0.030000,,
405.111000,0.030000,-0.000000,unrailed,0.030000,,
405.112000,0.030000,0.000000,unrailed,0.030000,,
405.113000,0.030000,-0.000000,unrailed,0.030000,,
405.114000,0.030000,0.000000,unrailed,0.030000,,
405.115000,0.030000,-0.000000,unrailed,0.030000,,
405.116000,0.030000,0.000000,unrailed,0.030000,,
405.117000,0.030000,-0.000000,unrailed,0.030000,,
405.118000,0.030000,0.000000,unrailed,0.030000,,
405.119000,0.030000,-0.000000,unrailed,0.030000,,
405.120000,0.030000,0.000000,unrailed,0.030000,,
405.121000,0.030000,-0.000000,unrailed,0.030000,,
405.122000,0.030000,0.000000,unrailed,0.030000,,
405.123000,0.030000,-0.000000,unrailed,0.030000,,
405.124000,0.030000,0.000000,unrailed,0.030000,,
405.125000,0.030000,-0.000000,unrailed,0.030000,,
405.126000,0.030000,0.000000,unrailed,0.030000,,
405.127000,0.030000,-0.000000,unrailed,0.030000,,
405.128000,0.030000,0.000000,unrailed,0.030000,,
405.129000,0.030000,-0.000000,unrailed,0.030000,,
405.130000,0.030000,0.000000,unrailed,0.030000,,
405.131000,0.030000,-0.000000,unrailed,0.030000,,
405.132000,0.030000,0.000000,unrailed,0.030000,,
405.133000,0.030000,-0.000000,unrailed,0.030000,,
405.134000,0.030000,0.000000,unrailed,0.030000,,
405.135000,0.030000,-0.000000,unrailed,0.030000,,
405.136000,0.030000,0.000000,unrailed,0.030000,,
405.137000,0.030000,-0.000000,unrailed,0.030000,,
405.138000,0.030000,0.000000,unrailed,0.030000,,
405.139000,0.030000,-0.000000,unrailed,0.030000,,
405.140000,0.030000,0.000000,unrailed,0.030000,,
405.141000,0.030000,-0.000000,unrailed,0.030000,,
405.142000,0.030000,0.000000,unrailed,0.030000,,
405.143000,0.030000,-0.000000,unrailed,0.030000,,
405.144000,0.030000,0.000000,unrailed,0.030000,,
405.145000,0.030000,-0.000000,unrailed,0.030000,,
405.146000,0.030000,0.000000,unrailed,0.030000,,
405.147000,0.030000,-0.000000,unrailed,0.030000,,
405.148000,0.030000,0.000000,unrailed,0.030000,,
405.149000,0.030000,-0.000000,unrailed,0.030000,,
405.150000,0.030000,0.000000,unrailed,0.030000,,
405.151000,0.030000,-0.000000,unrailed,0.030000,,
405.152000,0.030000,0.000000,unrailed,0.030000,,
405.153000,0.030000,-0.000000,unrailed,0.030000,,
405.154000,0.030000,0.000000,unrailed,0.030000,,
405.155000,0.030000,-0.000000,unrailed,0.030000,,
405.156000,0.030000,0.000000,unrailed,0.030000,,
405.157000,0.030000,-0.000000,unrailed,0.030000,,
405.158000,0.030000,0.000000,unrailed,0.030000,,
405.159000,0.030000,-0.000000,unrailed,0.030000,,
405.160000,0.030000,0.000000,unrailed,0.030000,,
405.161000,0.030000,-0.000000,unrailed,0.030000,,
405.162000,0.030000,0.000000,unrailed,0.030000,,
405.163000,0.030000,-0.000000,unrailed,0.030000,,
405.164000,0.030000,0.000000,unrailed,0.030000,,
405.165000,0.030000,-0.000000,unrailed,0.030000,,
405.166000,0.030000,0.000000,unrailed,0.030000,,
405.167000,0.030000,-0.000000,unrailed,0.030000,,
405.168000,0.030000,0.000000,unrailed,0.030000,,
405.169000,0.030000,-0.000000,unrailed,0.030000,,
405.170000,0.030000,0.000000,unrailed,0.030000,,
405.171000,0.030000,-0.000000,unrailed,0.030000,,
405.172000,0.030000,0.000000,unrailed,0.030000,,
405.173000,0.030000,-0.000000,unrailed,0.030000,,
405.174000,0.030000,0.000000,unrailed,0.030000,,
405.175000,0.030000,-0.000000,unrailed,0.030000,,
405.176000,0.030000,0.000000,unrailed,0.030000,,
405.177000,0.030000,-0.000000,unrailed,0.030000,,
405.178000,0.030000,0.000000,unrailed,0.030000,,
405.179000,0.030000,-0.000000,unrailed,0.030000,,
405.180000,0.030000,0.000000,unrailed,0.030000,,
405.181000,0.030000,-0.000000,unrailed,0.030000,,
405.182000,0.030000,0.000000,unrailed,0.030000,,
405.183000,0.030000,-0.000000,unrailed,0.030000,,
405.184000,0.030000,0.000000,unrailed,0.030000,,
405.185000,0.030000,-0.000000,unrailed,0.030000,,
405.186000,0.030000,0.000000,unrailed,0.030000,,
405.187000,0.030000,-0.000000,unrailed,0.030000,,
405.188000,0.030000,0.000000,unrailed,0.030000,,
405.189000,0.030000,-0.000000,unrailed,0.030000,,
405.190000,0.030000,0.000000,unrailed,0.030000,,
405.191000,0.030000,-0.000000,unrailed,0.030000,,
405.192000,0.030000,0.000000,unrailed,0.030000,,
405.193000,0.030000,-0.000000,unrailed,0.030000,,
405.194000,0.030000,0.000000,unrailed,0.030000,,
405.195000,0.030000,-0.000000,unrailed,0.030000,,
405.196000,0.030000,0.000000,unrailed,0.030000,,
405.197000,0.030000,-0.000000,unrailed,0.030000,,
405.198000,0.030000,0.000000,unrailed,0.030000,,
405.199000,0.030000,-0.000000,unrailed,0.030000,,
405.200000,0.030000,0.000000,unrailed,0.030000,,
405.201000,0.030000,-0.000000,unrailed,0.030000,,
405.202000,0.030000,0.000000,unrailed,0.030000,,
405.203000,0.030000,-0.000000,unrailed,0.030000,,
405.204000,0.030000,0.000000,unrailed,0.030000,,
405.205000,0.030000,-0.000000,unrailed,0.030000,,
405.206000,0.030000,0.000000,unrailed,0.030000,,
405.207000,0.030000,-0.000000,unrailed,0.030000,,
405.208000,0.030000,0.000000,unrailed,0.030000,,
405.209000,0.030000,-0.000000,unrailed,0.030000,,
405.210000,0.030000,0.000000,unrailed,0.030000,,
405.211000,0.030000,-0.000000,unrailed,0.030000,,
405.212000,0.030000,0.000000,unrailed,0.030000,,
405.213000,0.030000,-0.000000,unrailed,0.030000,,
405.214000,0.030000,0.000000,unrailed,0.030000,,
405.215000,0.030000,-0.000000,unrailed,0.030000,,
405.216000,0.030000,0.000000,unrailed,0.030000,,
405.217000,0.030000,-0.000000,unrailed,0.030000,,
405.218000,0.030000,0.000000,unrailed,0.030000,,
405.219000,0.030000,-0.000000,unrailed,0.030000,,
405.220000,0.030000,0.000000,unrailed,0.030000,,
405.221000,0.030000,-0.000000,unrailed,0.030000,,
405.222000,0.030000,0.000000,unrailed,0.030000,,
405.223000,0.030000,-0.000000,unrailed,0.030000,,
405.224000,0.030000,0.000000,unrailed,0.030000,,
405.225000,0.030000,-0.000000,unrailed,0.030000,,
405.226000,0.030000,0.000000,unrailed,0.030000,,
405.227000,0.030000,-0.000000,unrailed,0.030000,,
405.228000,0.030000,0.000000,unrailed,0.030000,,
405.229000,0.030000,-0.000000,unrailed,0.030000,,
405.230000,0.030000,0.000000,unrailed,0.030000,,
405.231000,0.030000,-0.000000,unrailed,0.030000,,
405.232000,0.030000,0.000000,unrailed,0.030000,,
405.233000,0.030000,-0.000000,unrailed,0.030000,,
405.234000,0.030000,0.000000,unrailed,0.030000,,
405.235000,0.030000,-0.000000,unrailed,0.030000,,
405.236000,0.030000,0.000000,unrailed,0.030000,,
405.237000,0.030000,-0.000000,unrailed,0.030000,,
405.238000,0.030000,0.000000,unrailed,0.030000,,
405.239000,0.030000,-0.000000,unrailed,0.030000,,
405.240000,0.030000,0.000000,unrailed,0.030000,,
405.241000,0.030000,-0.000000,unrailed,0.030000,,
405.242000,0.030000,0.000000,unrailed,0.030000,,
405.243000,0.030000,-0.000000,unrailed,0.030000,,
405.244000,0.030000,0.000000,unrailed,0.030000,,
405.245000,0.030000,-0.000000,unrailed,0.030000,,
405.246000,0.030000,0.000000,unrailed,0.030000,,
405.247000,0.030000,-0.000000,unrailed,0.030000,,
405.248000,0.030000,0.000000,unrailed,0.030000,,
405.249000,0.030000,-0.000000,unrailed,0.030000,,
405.250000,0.030000,0.000000,unrailed,0.030000,,
405.251000,0.030000,-0.000000,unrailed,0.030000,,
405.252000,0.030000,0.000000,unrailed,0.030000,,
405.253000,0.030000,-0.000000,unrailed,0.030000,,
405.254000,0.030000,0.000000,unrailed,0.030000,,
405.255000,0.030000,-0.000000,unrailed,0.030000,,
405.256000,0.030000,0.000000,unrailed,0.030000,,
405.257000,0.030000,-0.000000,unrailed,0.030000,,
405.258000,0.030000,0.000000,unrailed,0.030000,,
405.259000,0.030000,-0.000000,unrailed,0.030000,,
405.260000,0.030000,0.000000,unrailed,0.030000,,
405.261000,0.030000,-0.000000,unrailed,0.030000,,
405.262000,0.030000,0.000000,unrailed,0.030000,,
405.263000,0.030000,-0.000000,unrailed,0.030000,,
405.264000,0.030000,0.000000,unrailed,0.030000,,
405.265000,0.030000,-0.000000,unrailed,0.030000,,
405.266000,0.030000,0.000000,unrailed,0.030000,,
405.267000,0.030000,-0.000000,unrailed,0.030000,,
405.268000,0.030000,0.000000,unrailed,0.030000,,
405.269000,0.030000,-0.000000,unrailed,0.030000,,
405.270000,0.030000,0.000000,unrailed,0.030000,,
405.271000,0.030000,-0.000000,unrailed,0.030000,,
405.272000,0.030000,0.000000,unrailed,0.030000,,
405.273000,0.030000,-0.000000,unrailed,0.030000,,
405.274000,0.030000,0.000000,unrailed,0.030000,,
405.275000,0.030000,-0.000000,unrailed,0.030000,,
405.276000,0.030000,0.000000,unrailed,0.030000,,
405.277000,0.030000,-0.000000,unrailed,0.030000,,
405.278000,0.030000,0.000000,unrailed,0.030000,,
405.279000,0.030000,-0.000000,unrailed,0.030000,,
405.280000,0.030000,0.000000,unrailed,0.030000,,
405.281000,0.030000,-0.000000,unrailed,0.030000,,
405.282000,0.030000,0.000000,unrailed,0.030000,,
405.283000,0.030000,-0.000000,unrailed,0.030000,,
405.284000,0.030000,0.000000,unrailed,0.030000,,
405.285000,0.030000,-0.000000,unrailed,0.030000,,
405.286000,0.030000,0.000000,unrailed,0.030000,,
405.287000,0.030000,-0.000000,unrailed,0.030000,,
405.288000,0.030000,0.000000,unrailed,0.030000,,
405.289000,0.030000,-0.000000,unrailed,0.030000,,
405.290000,0.030000,0.000000,unrailed,0.030000,,
405.291000,0.030000,-0.000000,unrailed,0.030000,,
405.292000,0.030000,0.000000,unrailed,0.030000,,
405.293000,0.030000,-0.000000,unrailed,0.030000,,
405.294000,0.030000,0.000000,unrailed,0.030000,,
405.295000,0.030000,-0.000000,unrailed,0.030000,,
405.296000,0.030000,0.000000,unrailed,0.030000,,
405.297000,0.030000,-0.000000,unrailed,0.030000,,
405.298000,0.030000,0.000000,unrailed,0.030000,,
405.299000,0.030000,-0.000000,unrailed,0.030000,,
405.300000,0.030000,0.000000,unrailed,0.030000,,
405.301000,0.030000,-0.000000,unrailed,0.030000,,
405.302000,0.030000,0.000000,unrailed,0.030000,,
405.303000,0.030000,-0.000000,unrailed,0.030000,,
405.304000,0.030000,0.000000,unrailed,0.030000,,
405.305000,0.030000,-0.000000,unrailed,0.030000,,
405.306000,0.030000,0.000000,unrailed,0.030000,,
405.307000,0.030000,-0.000000,unrailed,0.030000,,
405.308000,0.030000,0.000000,unrailed,0.030000,,
405.309000,0.030000,-0.000000,unrailed,0.030000,,
405.310000,0.030000,0.000000,unrailed,0.030000,,
405.311000,0.030000,-0.000000,unrailed,0.030000,,
405.312000,0.030000,0.000000,unrailed,0.030000,,
405.313000,0.030000,-0.000000,unrailed,0.030000,,
405.314000,0.030000,0.000000,unrailed,0.030000,,
405.315000,0.030000,-0.000000,unrailed,0.030000,,
405.316000,0.030000,0.000000,unrailed,0.030000,,
405.317000,0.030000,-0.000000,unrailed,0.030000,,
405.318000,0.030000,0.000000,unrailed,0.030000,,
405.319000,0.030000,-0.000000,unrailed,0.030000,,
405.320000,0.030000,0.000000,unrailed,0.030000,,
405.321000,0.030000,-0.000000,unrailed,0.030000,,
405.322000,0.030000,0.000000,unrailed,0.030000,,
405.323000,0.030000,-0.000000,unrailed,0.030000,,
405.324000,0.030000,0.000000,unrailed,0.030000,,
405.325000,0.030000,-0.000000,unrailed,0.030000,,
405.326000,0.030000,0.000000,unrailed,0.030000,,
405.327000,0.030000,-0.000000,unrailed,0.030000,,
405.328000,0.030000,0.000000,unrailed,0.030000,,
405.329000,0.030000,-0.000000,unrailed,0.030000,,
405.330000,0.030000,0.000000,unrailed,0.030000,,
405.331000,0.030000,-0.000000,unrailed,0.030000,,
405.332000,0.030000,0.000000,unrailed,0.030000,,
405.333000,0.030000,-0.000000,unrailed,0.030000,,
405.334000,0.030000,0.000000,unrailed,0.030000,,
405.335000,0.030000,-0.000000,unrailed,0.030000,,
405.336000,0.030000,0.000000,unrailed,0.030000,,
405.337000,0.030000,-0.000000,unrailed,0.030000,,
405.338000,0.030000,0.000000,unrailed,0.030000,,
405.339000,0.030000,-0.000000,unrailed,0.030000,,
405.340000,0.030000,0.000000,unrailed,0.030000,,
405.341000,0.030000,-0.000000,unrailed,0.030000,,
405.342000,0.030000,0.000000,unrailed,0.030000,,
405.343000,0.030000,-0.000000,unrailed,0.030000,,
405.344000,0.030000,0.000000,unrailed,0.030000,,
405.345000,0.030000,-0.000000,unrailed,0.030000,,
405.346000,0.030000,0.000000,unrailed,0.030000,,
405.347000,0.030000,-0.000000,unrailed,0.030000,,
405.348000,0.030000,0.000000,unrailed,0.030000,,
405.349000,0.030000,-0.000000,unrailed,0.030000,,
405.350000,0.030000,0.000000,unrailed,0.030000,,
405.351000,0.030000,-0.000000,unrailed,0.030000,,
405.352000,0.030000,0.000000,unrailed,0.030000,,
405.353000,0.030000,-0.000000,unrailed,0.030000,,
405.354000,0.030000,0.000000,unrailed,0.030000,,
405.355000,0.030000,-0.000000,unrailed,0.030000,,
405.356000,0.030000,0.000000,unrailed,0.030000,,
405.357000,0.030000,-0.000000,unrailed,0.030000,,
405.358000,0.030000,0.000000,unrailed,0.030000,,
405.359000,0.030000,-0.000000,unrailed,0.030000,,
405.360000,0.030000,0.000000,unrailed,0.030000,,
405.361000,0.030000,-0.000000,unrailed,0.030000,,
405.362000,0.030000,0.000000,unrailed,0.030000,,
405.363000,0.030000,-0.000000,unrailed,0.030000,,
405.364000,0.030000,0.000000,unrailed,0.030000,,
405.365000,0.030000,-0.000000,unrailed,0.030000,,
405.366000,0.030000,0.000000,unrailed,0.030000,,
405.367000,0.030000,-0.000000,unrailed,0.030000,,
405.368000,0.030000,0.000000,unrailed,0.030000,,
405.369000,0.030000,-0.000000,unrailed,0.030000,,
405.370000,0.030000,0.000000,unrailed,0.030000,,
405.371000,0.030000,-0.000000,unrailed,0.030000,,
405.372000,0.030000,0.000000,unrailed,0.030000,,
405.373000,0.030000,-0.000000,unrailed,0.030000,,
405.374000,0.030000,0.000000,unrailed,0.030000,,
405.375000,0.030000,-0.000000,unrailed,0.030000,,
405.376000,0.030000,0.000000,unrailed,0.030000,,
405.377000,0.030000,-0.000000,unrailed,0.030000,,
405.378000,0.030000,0.000000,unrailed,0.030000,,
405.379000,0.030000,-0.000000,unrailed,0.030000,,
405.380000,0.030000,0.000000,unrailed,0.030000,,
405.381000,0.030000,-0.000000,unrailed,0.030000,,
405.382000,0.030000,0.000000,unrailed,0.030000,,
405.383000,0.030000,-0.000000,unrailed,0.030000,,
405.384000,0.030000,0.000000,unrailed,0.030000,,
405.385000,0.030000,-0.000000,unrailed,0.030000,,
405.386000,0.030000,0.000000,unrailed,0.030000,,
405.387000,0.030000,-0.000000,unrailed,0.030000,,
405.388000,0.030000,0.000000,unrailed,0.030000,,
405.389000,0.030000,-0.000000,unrailed,0.030000,,
405.390000,0.030000,0.000000,unrailed,0.030000,,
405.391000,0.030000,-0.000000,unrailed,0.030000,,
405.392000,0.030000,0.000000,unrailed,0.030000,,
405.393000,0.030000,-0.000000,unrailed,0.030000,,
405.394000,0.030000,0.000000,unrailed,0.030000,,
405.395000,0.030000,-0.000000,unrailed,0.030000,,
405.396000,0.030000,0.000000,unrailed,0.030000,,
405.397000,0.030000,-0.000000,unrailed,0.030000,,
405.398000,0.030000,0.000000,unrailed,0.030000,,
405.399000,0.030000,-0.000000,unrailed,0.030000,,
405.400000,0.030000,0.000000,unrailed,0.030000,,
405.401000,0.030000,-0.000000,unrailed,0.030000,,
405.402000,0.030000,0.000000,unrailed,0.030000,,
405.403000,0.030000,-0.000000,unrailed,0.030000,,
405.404000,0.030000,0.000000,unrailed,0.030000,,
405.405000,0.030000,-0.000000,unrailed,0.030000,,
405.406000,0.030000,0.000000,unrailed,0.030000,,
405.407000,0.030000,-0.000000,unrailed,0.030000,,
405.408000,0.030000,0.000000,unrailed,0.030000,,
405.409000,0.030000,-0.000000,unrailed,0.030000,,
405.410000,0.030000,0.000000,unrailed,0.030000,,
405.411000,0.030000,-0.000000,unrailed,0.030000,,
405.412000,0.030000,0.000000,unrailed,0.030000,,
405.413000,0.030000,-0.000000,unrailed,0.030000,,
405.414000,0.030000,0.000000,unrailed,0.030000,,
405.415000,0.030000,-0.000000,unrailed,0.030000,,
405.416000,0.030000,0.000000,unrailed,0.030000,,
405.417000,0.030000,-0.000000,unrailed,0.030000,,
405.418000,0.030000,0.000000,unrailed,0.030000,,
405.419000,0.030000,-0.000000,unrailed,0.030000,,
405.420000,0.030000,0.000000,unrailed,0.030000,,
405.421000,0.030000,-0.000000,unrailed,0.030000,,
405.422000,0.030000,0.000000,unrailed,0.030000,,
405.423000,0.030000,-0.000000,unrailed,0.030000,,
405.424000,0.030000,0.000000,unrailed,0.030000,,
405.425000,0.030000,-0.000000,unrailed,0.030000,,
405.426000,0.030000,0.000000,unrailed,0.030000,,
405.427000,0.030000,-0.000000,unrailed,0.030000,,
405.428000,0.030000,0.000000,unrailed,0.030000,,
405.429000,0.030000,-0.000000,unrailed,0.030000,,
405.430000,0.030000,0.000000,unrailed,0.030000,,
405.431000,0.030000,-0.000000,unrailed,0.030000,,
405.432000,0.030000,0.000000,unrailed,0.030000,,
405.433000,0.030000,-0.000000,unrailed,0.030000,,
405.434000,0.030000,0.000000,unrailed,0.030000,,
405.435000,0.030000,-0.000000,unrailed,0.030000,,
405.436000,0.030000,0.000000,unrailed,0.030000,,
405.437000,0.030000,-0.000000,unrailed,0.030000,,
405.438000,0.030000,0.000000,unrailed,0.030000,,
405.439000,0.030000,-0.000000,unrailed,0.030000,,
405.440000,0.030000,0.000000,unrailed,0.030000,,
405.441000,0.030000,-0.000000,unrailed,0.030000,,
405.442000,0.030000,0.000000,unrailed,0.030000,,
405.443000,0.030000,-0.000000,unrailed,0.030000,,
405.444000,0.030000,0.000000,unrailed,0.030000,,
405.445000,0.030000,-0.000000,unrailed,0.030000,,
405.446000,0.030000,0.000000,unrailed,0.030000,,
405.447000,0.030000,-0.000000,unrailed,0.030000,,
405.448000,0.030000,0.000000,unrailed,0.030000,,
405.449000,0.030000,-0.000000,unrailed,0.030000,,
405.450000,0.030000,0.000000,unrailed,0.030000,,
405.451000,0.030000,-0.000000,unrailed,0.030000,,
405.452000,0.030000,0.000000,unrailed,0.030000,,
405.453000,0.030000,-0.000000,unrailed,0.030000,,
405.454000,0.030000,0.000000,unrailed,0.030000,,
405.455000,0.030000,-0.000000,unrailed,0.030000,,
405.456000,0.030000,0.000000,unrailed,0.030000,,
405.457000,0.030000,-0.000000,unrailed,0.030000,,
405.458000,0.030000,0.000000,unrailed,0.030000,,
405.459000,0.030000,-0.000000,unrailed,0.030000,,
405.460000,0.030000,0.000000,unrailed,0.030000,,
405.461000,0.030000,-0.000000,unrailed,0.030000,,
405.462000,0.030000,0.000000,unrailed,0.030000,,
405.463000,0.030000,-0.000000,unrailed,0.030000,,
405.464000,0.030000,0.000000,unrailed,0.030000,,
405.465000,0.030000,-0.000000,unrailed,0.030000,,
405.466000,0.030000,0.000000,unrailed,0.030000,,
405.467000,0.030000,-0.000000,unrailed,0.030000,,
405.468000,0.030000,0.000000,unrailed,0.030000,,
405.469000,0.030000,-0.000000,unrailed,0.030000,,
405.470000,0.030000,0.000000,unrailed,0.030000,,
405.471000,0.030000,-0.000000,unrailed,0.030000,,
405.472000,0.030000,0.000000,unrailed,0.030000,,
405.473000,0.030000,-0.000000,unrailed,0.030000,,
405.474000,0.030000,0.000000,unrailed,0.030000,,
405.475000,0.030000,-0.000000,unrailed,0.030000,,
405.476000,0.030000,0.000000,unrailed,0.030000,,
405.477000,0.030000,-0.000000,unrailed,0.030000,,
405.478000,0.030000,0.000000,unrailed,0.030000,,
405.479000,0.030000,-0.000000,unrailed,0.030000,,
405.480000,0.030000,0.000000,unrailed,0.030000,,
405.481000,0.030000,-0.000000,unrailed,0.030000,,
405.482000,0.030000,0.000000,unrailed,0.030000,,
405.483000,0.030000,-0.000000,unrailed,0.030000,,
405.484000,0.030000,0.000000,unrailed,0.030000,,
405.485000,0.030000,-0.000000,unrailed,0.030000,,
405.486000,0.030000,0.000000,unrailed,0.030000,,
405.487000,0.030000,-0.000000,unrailed,0.030000,,
405.488000,0.030000,0.000000,unrailed,0.030000,,
405.489000,0.030000,-0.000000,unrailed,0.030000,,
405.490000,0.030000,0.000000,unrailed,0.030000,,
405.491000,0.030000,-0.000000,unrailed,0.030000,,
405.492000,0.030000,0.000000,unrailed,0.030000,,
405.493000,0.030000,-0.000000,unrailed,0.030000,,
405.494000,0.030000,0.000000,unrailed,0.030000,,
405.495000,0.030000,-0.000000,unrailed,0.030000,,
405.496000,0.030000,0.000000,unrailed,0.030000,,
405.497000,0.030000,-0.000000,unrailed,0.030000,,
405.498000,0.030000,0.000000,unrailed,0.030000,,
405.499000,0.030000,-0.000000,unrailed,0.030000,,
405.500000,0.030000,0.000000,unrailed,0.030000,,
405.501000,0.030000,-0.000000,unrailed,0.030000,,
405.502000,0.030000,0.000000,unrailed,0.030000,,
405.503000,0.030000,-0.000000,unrailed,0.030000,,
405.504000,0.030000,0.000000,unrailed,0.030000,,
405.505000,0.030000,-0.000000,unrailed,0.030000,,
405.506000,0.030000,0.000000,unrailed,0.030000,,
405.507000,0.030000,-0.000000,unrailed,0.030000,,
405.508000,0.030000,0.000000,unrailed,0.030000,,
405.509000,0.030000,-0.000000,unrailed,0.030000,,
405.510000,0.030000,0.000000,unrailed,0.030000,,
405.511000,0.030000,-0.000000,unrailed,0.030000,,
405.512000,0.030000,0.000000,unrailed,0.030000,,
405.513000,0.030000,-0.000000,unrailed,0.030000,,
405.514000,0.030000,0.000000,unrailed,0.030000,,
405.515000,0.030000,-0.000000,unrailed,0.030000,,
405.516000,0.030000,0.000000,unrailed,0.030000,,
405.517000,0.030000,-0.000000,unrailed,0.030000,,
405.518000,0.030000,0.000000,unrailed,0.030000,,
405.519000,0.030000,-0.000000,unrailed,0.030000,,
405.520000,0.030000,0.000000,unrailed,0.030000,,
405.521000,0.030000,-0.000000,unrailed,0.030000,,
405.522000,0.030000,0.000000,unrailed,0.030000,,
405.523000,0.030000,-0.000000,unrailed,0.030000,,
405.524000,0.030000,0.000000,unrailed,0.030000,,
405.525000,0.030000,-0.000000,unrailed,0.030000,,
405.526000,0.030000,0.000000,unrailed,0.030000,,
405.527000,0.030000,-0.000000,unrailed,0.030000,,
405.528000,0.030000,0.000000,unrailed,0.030000,,
405.529000,0.030000,-0.000000,unrailed,0.030000,,
405.530000,0.030000,0.000000,unrailed,0.030000,,
405.531000,0.030000,-0.000000,unrailed,0.030000,,
405.532000,0.030000,0.000000,unrailed,0.030000,,
405.533000,0.030000,-0.000000,unrailed,0.030000,,
405.534000,0.030000,0.000000,unrailed,0.030000,,
405.535000,0.030000,-0.000000,unrailed,0.030000,,
405.536000,0.030000,0.000000,unrailed,0.030000,,
405.537000,0.030000,-0.000000,unrailed,0.030000,,
405.538000,0.030000,0.000000,unrailed,0.030000,,
405.539000,0.030000,-0.000000,unrailed,0.030000,,
405.540000,0.030000,0.000000,unrailed,0.030000,,
405.541000,0.030000,-0.000000,unrailed,0.030000,,
405.542000,0.030000,0.000000,unrailed,0.030000,,
405.543000,0.030000,-0.000000,unrailed,0.030000,,
405.544000,0.030000,0.000000,unrailed,0.030000,,
405.545000,0.030000,-0.000000,unrailed,0.030000,,
405.546000,0.030000,0.000000,unrailed,0.030000,,
405.547000,0.030000,-0.000000,unrailed,0.030000,,
405.548000,0.030000,0.000000,unrailed,0.030000,,
405.549000,0.030000,-0.000000,unrailed,0.030000,,
405.550000,0.030000,0.000000,unrailed,0.030000,,
405.551000,0.030000,-0.000000,unrailed,0.030000,,
405.552000,0.030000,0.000000,unrailed,0.030000,,
405.553000,0.030000,-0.000000,unrailed,0.030000,,
405.554000,0.030000,0.000000,unrailed,0.030000,,
405.555000,0.030000,-0.000000,unrailed,0.030000,,
405.556000,0.030000,0.000000,unrailed,0.030000,,
405.557000,0.030000,-0.000000,unrailed,0.030000,,
405.558000,0.030000,0.000000,unrailed,0.030000,,
405.559000,0.030000,-0.000000,unrailed,0.030000,,
405.560000,0.030000,0.000000,unrailed,0.030000,,
405.561000,0.030000,-0.000000,unrailed,0.030000,,
405.562000,0.030000,0.000000,unrailed,0.030000,,
405.563000,0.030000,-0.000000,unrailed,0.030000,,
405.564000,0.030000,0.000000,unrailed,0.030000,,
405.565000,0.030000,-0.000000,unrailed,0.030000,,
405.566000,0.030000,0.000000,unrailed,0.030000,,
405.567000,0.030000,-0.000000,unrailed,0.030000,,
405.568000,0.030000,0.000000,unrailed,0.030000,,
405.569000,0.030000,-0.000000,unrailed,0.030000,,
405.570000,0.030000,0.000000,unrailed,0.030000,,
405.571000,0.030000,-0.000000,unrailed,0.030000,,
405.572000,0.030000,0.000000,unrailed,0.030000,,
405.573000,0.030000,-0.000000,unrailed,0.030000,,
405.574000,0.030000,0.000000,unrailed,0.030000,,
405.575000,0.030000,-0.000000,unrailed,0.030000,,
405.576000,0.030000,0.000000,unrailed,0.030000,,
405.577000,0.030000,-0.000000,unrailed,0.030000,,
405.578000,0.030000,0.000000,unrailed,0.030000,,
405.579000,0.030000,-0.000000,unrailed,0.030000,,
405.580000,0.030000,0.000000,unrailed,0.030000,,
405.581000,0.030000,-0.000000,unrailed,0.030000,,
405.582000,0.030000,0.000000,unrailed,0.030000,,
405.583000,0.030000,-0.000000,unrailed,0.030000,,
405.584000,0.030000,0.000000,unrailed,0.030000,,
405.585000,0.030000,-0.000000,unrailed,0.030000,,
405.586000,0.030000,0.000000,unrailed,0.030000,,
405.587000,0.030000,-0.000000,unrailed,0.030000,,
405.588000,0.030000,0.000000,unrailed,0.030000,,
405.589000,0.030000,-0.000000,unrailed,0.030000,,
405.590000,0.030000,0.000000,unrailed,0.030000,,
405.591000,0.030000,-0.000000,unrailed,0.030000,,
405.592000,0.030000,0.000000,unrailed,0.030000,,
405.593000,0.030000,-0.000000,unrailed,0.030000,,
405.594000,0.030000,0.000000,unrailed,0.030000,,
405.595000,0.030000,-0.000000,unrailed,0.030000,,
405.596000,0.030000,0.000000,unrailed,0.030000,,
405.597000,0.030000,-0.000000,unrailed,0.030000,,
405.598000,0.030000,0.000000,unrailed,0.030000,,
405.599000,0.030000,-0.000000,unrailed,0.030000,,
405.600000,0.030000,0.000000,unrailed,0.030000,,
405.601000,0.030000,-0.000000,unrailed,0.030000,,
405.602000,0.030000,0.000000,unrailed,0.030000,,
405.603000,0.030000,-0.000000,unrailed,0.030000,,
405.604000,0.030000,0.000000,unrailed,0.030000,,
405.605000,0.030000,-0.000000,unrailed,0.030000,,
405.606000,0.030000,0.000000,unrailed,0.030000,,
405.607000,0.030000,-0.000000,unrailed,0.030000,,
405.608000,0.030000,0.000000,unrailed,0.030000,,
405.609000,0.030000,-0.000000,unrailed,0.030000,,
405.610000,0.030000,0.000000,unrailed,0.030000,,
405.611000,0.030000,-0.000000,unrailed,0.030000,,
405.612000,0.030000,0.000000,unrailed,0.030000,,
405.613000,0.030000,-0.000000,unrailed,0.030000,,
405.614000,0.030000,0.000000,unrailed,0.030000,,
405.615000,0.030000,-0.000000,unrailed,0.030000,,
405.616000,0.030000,0.000000,unrailed,0.030000,,
405.617000,0.030000,-0.000000,unrailed,0.030000,,
405.618000,0.030000,0.000000,unrailed,0.030000,,
405.619000,0.030000,-0.000000,unrailed,0.030000,,
405.620000,0.030000,0.000000,unrailed,0.030000,,
405.621000,0.030000,-0.000000,unrailed,0.030000,,
405.622000,0.030000,0.000000,unrailed,0.030000,,
405.623000,0.030000,-0.000000,unrailed,0.030000,,
405.624000,0.030000,0.000000,unrailed,0.030000,,
405.625000,0.030000,-0.000000,unrailed,0.030000,,
405.626000,0.030000,0.000000,unrailed,0.030000,,
405.627000,0.030000,-0.000000,unrailed,0.030000,,
405.628000,0.030000,0.000000,unrailed,0.030000,,
405.629000,0.030000,-0.000000,unrailed,0.030000,,
405.630000,0.030000,0.000000,unrailed,0.030000,,
405.631000,0.030000,-0.000000,unrailed,0.030000,,
405.632000,0.030000,0.000000,unrailed,0.030000,,
405.633000,0.030000,-0.000000,unrailed,0.030000,,
405.634000,0.030000,0.000000,unrailed,0.030000,,
405.635000,0.030000,-0.000000,unrailed,0.030000,,
405.636000,0.030000,0.000000,unrailed,0.030000,,
405.637000,0.030000,-0.000000,unrailed,0.030000,,
405.638000,0.030000,0.000000,unrailed,0.030000,,
405.639000,0.030000,-0.000000,unrailed,0.030000,,
405.640000,0.030000,0.000000,unrailed,0.030000,,
405.641000,0.030000,-0.000000,unrailed,0.030000,,
405.642000,0.030000,0.000000,unrailed,0.030000,,
405.643000,0.030000,-0.000000,unrailed,0.030000,,
405.644000,0.030000,0.000000,unrailed,0.030000,,
405.645000,0.030000,-0.000000,unrailed,0.030000,,
405.646000,0.030000,0.000000,unrailed,0.030000,,
405.647000,0.030000,-0.000000,unrailed,0.030000,,
405.648000,0.030000,0.000000,unrailed,0.030000,,
405.649000,0.030000,-0.000000,unrailed,0.030000,,
405.650000,0.030000,0.000000,unrailed,0.030000,,
405.651000,0.030000,-0.000000,unrailed,0.030000,,
405.652000,0.030000,0.000000,unrailed,0.030000,,
405.653000,0.030000,-0.000000,unrailed,0.030000,,
405.654000,0.030000,0.000000,unrailed,0.030000,,
405.655000,0.030000,-0.000000,unrailed,0.030000,,
405.656000,0.030000,0.000000,unrailed,0.030000,,
405.657000,0.030000,-0.000000,unrailed,0.030000,,
405.658000,0.030000,0.000000,unrailed,0.030000,,
405.659000,0.030000,-0.000000,unrailed,0.030000,,
405.660000,0.030000,0.000000,unrailed,0.030000,,
405.661000,0.030000,-0.000000,unrailed,0.030000,,
405.662000,0.030000,0.000000,unrailed,0.030000,,
405.663000,0.030000,-0.000000,unrailed,0.030000,,
405.664000,0.030000,0.000000,unrailed,0.030000,,
405.665000,0.030000,-0.000000,unrailed,0.030000,,
405.666000,0.030000,0.000000,unrailed,0.030000,,
405.667000,0.030000,-0.000000,unrailed,0.030000,,
405.668000,0.030000,0.000000,unrailed,0.030000,,
405.669000,0.030000,-0.000000,unrailed,0.030000,,
405.670000,0.030000,0.000000,unrailed,0.030000,,
405.671000,0.030000,-0.000000,unrailed,0.030000,,
405.672000,0.030000,0.000000,unrailed,0.030000,,
405.673000,0.030000,-0.000000,unrailed,0.030000,,
405.674000,0.030000,0.000000,unrailed,0.030000,,
405.675000,0.030000,-0.000000,unrailed,0.030000,,
405.676000,0.030000,0.000000,unrailed,0.030000,,
405.677000,0.030000,-0.000000,unrailed,0.030000,,
405.678000,0.030000,0.000000,unrailed,0.030000,,
405.679000,0.030000,-0.000000,unrailed,0.030000,,
405.680000,0.030000,0.000000,unrailed,0.030000,,
405.681000,0.030000,-0.000000,unrailed,0.030000,,
405.682000,0.030000,0.000000,unrailed,0.030000,,
405.683000,0.030000,-0.000000,unrailed,0.030000,,
405.684000,0.030000,0.000000,unrailed,0.030000,,
405.685000,0.030000,-0.000000,unrailed,0.030000,,
405.686000,0.030000,0.000000,unrailed,0.030000,,
405.687000,0.030000,-0.000000,unrailed,0.030000,,
405.688000,0.030000,0.000000,unrailed,0.030000,,
405.689000,0.030000,-0.000000,unrailed,0.030000,,
405.690000,0.030000,0.000000,unrailed,0.030000,,
405.691000,0.030000,-0.000000,unrailed,0.030000,,
405.692000,0.030000,0.000000,unrailed,0.030000,,
405.693000,0.030000,-0.000000,unrailed,0.030000,,
405.694000,0.030000,0.000000,unrailed,0.030000,,
405.695000,0.030000,-0.000000,unrailed,0.030000,,
405.696000,0.030000,0.000000,unrailed,0.030000,,
405.697000,0.030000,-0.000000,unrailed,0.030000,,
405.698000,0.030000,0.000000,unrailed,0.030000,,
405.699000,0.030000,-0.000000,unrailed,0.030000,,
405.700000,0.030000,0.000000,unrailed,0.030000,,
405.701000,0.030000,-0.000000,unrailed,0.030000,,
405.702000,0.030000,0.000000,unrailed,0.030000,,
405.703000,0.030000,-0.000000,unrailed,0.030000,,
405.704000,0.030000,0.000000,unrailed,0.030000,,
405.705000,0.030000,-0.000000,unrailed,0.030000,,
405.706000,0.030000,0.000000,unrailed,0.030000,,
405.707000,0.030000,-0.000000,unrailed,0.030000,,
405.708000,0.030000,0.000000,unrailed,0.030000,,
405.709000,0.030000,-0.000000,unrailed,0.030000,,
405.710000,0.030000,0.000000,unrailed,0.030000,,
405.711000,0.030000,-0.000000,unrailed,0.030000,,
405.712000,0.030000,0.000000,unrailed,0.030000,,
405.713000,0.030000,-0.000000,unrailed,0.030000,,
405.714000,0.030000,0.000000,unrailed,0.030000,,
405.715000,0.030000,-0.000000,unrailed,0.030000,,
405.716000,0.030000,0.000000,unrailed,0.030000,,
405.717000,0.030000,-0.000000,unrailed,0.030000,,
405.718000,0.030000,0.000000,unrailed,0.030000,,
405.719000,0.030000,-0.000000,unrailed,0.030000,,
405.720000,0.030000,0.000000,unrailed,0.030000,,
405.721000,0.030000,-0.000000,unrailed,0.030000,,
405.722000,0.030000,0.000000,unrailed,0.030000,,
405.723000,0.030000,-0.000000,unrailed,0.030000,,
405.724000,0.030000,0.000000,unrailed,0.030000,,
405.725000,0.030000,-0.000000,unrailed,0.030000,,
405.726000,0.030000,0.000000,unrailed,0.030000,,
405.727000,0.030000,-0.000000,unrailed,0.030000,,
405.728000,0.030000,0.000000,unrailed,0.030000,,
405.729000,0.030000,-0.000000,unrailed,0.030000,,
405.730000,0.030000,0.000000,unrailed,0.030000,,
405.731000,0.030000,-0.000000,unrailed,0.030000,,
405.732000,0.030000,0.000000,unrailed,0.030000,,
405.733000,0.030000,-0.000000,unrailed,0.030000,,
405.734000,0.030000,0.000000,unrailed,0.030000,,
405.735000,0.030000,-0.000000,unrailed,0.030000,,
405.736000,0.030000,0.000000,unrailed,0.030000,,
405.737000,0.030000,-0.000000,unrailed,0.030000,,
405.738000,0.030000,0.000000,unrailed,0.030000,,
405.739000,0.030000,-0.000000,unrailed,0.030000,,
405.740000,0.030000,0.000000,unrailed,0.030000,,
405.741000,0.030000,-0.000000,unrailed,0.030000,,
405.742000,0.030000,0.000000,unrailed,0.030000,,
405.743000,0.030000,-0.000000,unrailed,0.030000,,
405.744000,0.030000,0.000000,unrailed,0.030000,,
405.745000,0.030000,-0.000000,unrailed,0.030000,,
405.746000,0.030000,0.000000,unrailed,0.030000,,
405.747000,0.030000,-0.000000,unrailed,0.030000,,
405.748000,0.030000,0.000000,unrailed,0.030000,,
405.749000,0.030000,-0.000000,unrailed,0.030000,,
405.750000,0.030000,0.000000,unrailed,0.030000,,
405.751000,0.030000,-0.000000,unrailed,0.030000,,
405.752000,0.030000,0.000000,unrailed,0.030000,,
405.753000,0.030000,-0.000000,unrailed,0.030000,,
405.754000,0.030000,0.000000,unrailed,0.030000,,
405.755000,0.030000,-0.000000,unrailed,0.030000,,
405.756000,0.030000,0.000000,unrailed,0.030000,,
405.757000,0.030000,-0.000000,unrailed,0.030000,,
405.758000,0.030000,0.000000,unrailed,0.030000,,
405.759000,0.030000,-0.000000,unrailed,0.030000,,
405.760000,0.030000,0.000000,unrailed,0.030000,,
405.761000,0.030000,-0.000000,unrailed,0.030000,,
405.762000,0.030000,0.000000,unrailed,0.030000,,
405.763000,0.030000,-0.000000,unrailed,0.030000,,
405.764000,0.030000,0.000000,unrailed,0.030000,,
405.765000,0.030000,-0.000000,unrailed,0.030000,,
405.766000,0.030000,0.000000,unrailed,0.030000,,
405.767000,0.030000,-0.000000,unrailed,0.030000,,
405.768000,0.030000,0.000000,unrailed,0.030000,,
405.769000,0.030000,-0.000000,unrailed,0.030000,,
405.770000,0.030000,0.000000,unrailed,0.030000,,
405.771000,0.030000,-0.000000,unrailed,0.030000,,
405.772000,0.030000,0.000000,unrailed,0.030000,,
405.773000,0.030000,-0.000000,unrailed,0.030000,,
405.774000,0.030000,0.000000,unrailed,0.030000,,
405.775000,0.030000,-0.000000,unrailed,0.030000,,
405.776000,0.030000,0.000000,unrailed,0.030000,,
405.777000,0.030000,-0.000000,unrailed,0.030000,,
405.778000,0.030000,0.000000,unrailed,0.030000,,
405.779000,0.030000,-0.000000,unrailed,0.030000,,
405.780000,0.030000,0.000000,unrailed,0.030000,,
405.781000,0.030000,-0.000000,unrailed,0.030000,,
405.782000,0.030000,0.000000,unrailed,0.030000,,
405.783000,0.030000,-0.000000,unrailed,0.030000,,
405.784000,0.030000,0.000000,unrailed,0.030000,,
405.785000,0.030000,-0.000000,unrailed,0.030000,,
405.786000,0.030000,0.000000,unrailed,0.030000,,
405.787000,0.030000,-0.000000,unrailed,0.030000,,
405.788000,0.030000,0.000000,unrailed,0.030000,,
405.789000,0.030000,-0.000000,unrailed,0.030000,,
405.790000,0.030000,0.000000,unrailed,0.030000,,
405.791000,0.030000,-0.000000,unrailed,0.030000,,
405.792000,0.030000,0.000000,unrailed,0.030000,,
405.793000,0.030000,-0.000000,unrailed,0.030000,,
405.794000,0.030000,0.000000,unrailed,0.030000,,
405.795000,0.030000,-0.000000,unrailed,0.030000,,
405.796000,0.030000,0.000000,unrailed,0.030000,,
405.797000,0.030000,-0.000000,unrailed,0.030000,,
405.798000,0.030000,0.000000,unrailed,0.030000,,
405.799000,0.030000,-0.000000,unrailed,0.030000,,
405.800000,0.030000,0.000000,unrailed,0.030000,,
405.801000,0.030000,-0.000000,unrailed,0.030000,,
405.802000,0.030000,0.000000,unrailed,0.030000,,
405.803000,0.030000,-0.000000,unrailed,0.030000,,
405.804000,0.030000,0.000000,unrailed,0.030000,,
405.805000,0.030000,-0.000000,unrailed,0.030000,,
405.806000,0.030000,0.000000,unrailed,0.030000,,
405.807000,0.030000,-0.000000,unrailed,0.030000,,
405.808000,0.030000,0.000000,unrailed,0.030000,,
405.809000,0.030000,-0.000000,unrailed,0.030000,,
405.810000,0.030000,0.000000,unrailed,0.030000,,
405.811000,0.030000,-0.000000,unrailed,0.030000,,
405.812000,0.030000,0.000000,unrailed,0.030000,,
405.813000,0.030000,-0.000000,unrailed,0.030000,,
405.814000,0.030000,0.000000,unrailed,0.030000,,
405.815000,0.030000,-0.000000,unrailed,0.030000,,
405.816000,0.030000,0.000000,unrailed,0.030000,,
405.817000,0.030000,-0.000000,unrailed,0.030000,,
405.818000,0.030000,0.000000,unrailed,0.030000,,
405.819000,0.030000,-0.000000,unrailed,0.030000,,
405.820000,0.030000,0.000000,unrailed,0.030000,,
405.821000,0.030000,-0.000000,unrailed,0.030000,,
405.822000,0.030000,0.000000,unrailed,0.030000,,
405.823000,0.030000,-0.000000,unrailed,0.030000,,
405.824000,0.030000,0.000000,unrailed,0.030000,,
405.825000,0.030000,-0.000000,unrailed,0.030000,,
405.826000,0.030000,0.000000,unrailed,0.030000,,
405.827000,0.030000,-0.000000,unrailed,0.030000,,
405.828000,0.030000,0.000000,unrailed,0.030000,,
405.829000,0.030000,-0.000000,unrailed,0.030000,,
405.830000,0.030000,0.000000,unrailed,0.030000,,
405.831000,0.030000,-0.000000,unrailed,0.030000,,
405.832000,0.030000,0.000000,unrailed,0.030000,,
405.833000,0.030000,-0.000000,unrailed,0.030000,,
405.834000,0.030000,0.000000,unrailed,0.030000,,
405.835000,0.030000,-0.000000,unrailed,0.030000,,
405.836000,0.030000,0.000000,unrailed,0.030000,,
405.837000,0.030000,-0.000000,unrailed,0.030000,,
405.838000,0.030000,0.000000,unrailed,0.030000,,
405.839000,0.030000,-0.000000,unrailed,0.030000,,
405.840000,0.030000,0.000000,unrailed,0.030000,,
405.841000,0.030000,-0.000000,unrailed,0.030000,,
405.842000,0.030000,0.000000,unrailed,0.030000,,
405.843000,0.030000,-0.000000,unrailed,0.030000,,
405.844000,0.030000,0.000000,unrailed,0.030000,,
405.845000,0.030000,-0.000000,unrailed,0.030000,,
405.846000,0.030000,0.000000,unrailed,0.030000,,
405.847000,0.030000,-0.000000,unrailed,0.030000,,
405.848000,0.030000,0.000000,unrailed,0.030000,,
405.849000,0.030000,-0.000000,unrailed,0.030000,,
405.850000,0.030000,0.000000,unrailed,0.030000,,
405.851000,0.030000,-0.000000,unrailed,0.030000,,
405.852000,0.030000,0.000000,unrailed,0.030000,,
405.853000,0.030000,-0.000000,unrailed,0.030000,,
405.854000,0.030000,0.000000,unrailed,0.030000,,
405.855000,0.030000,-0.000000,unrailed,0.030000,,
405.856000,0.030000,0.000000,unrailed,0.030000,,
405.857000,0.030000,-0.000000,unrailed,0.030000,,
405.858000,0.030000,0.000000,unrailed,0.030000,,
405.859000,0.030000,-0.000000,unrailed,0.030000,,
405.860000,0.030000,0.000000,unrailed,0.030000,,
405.861000,0.030000,-0.000000,unrailed,0.030000,,
405.862000,0.030000,0.000000,unrailed,0.030000,,
405.863000,0.030000,-0.000000,unrailed,0.030000,,
405.864000,0.030000,0.000000,unrailed,0.030000,,
405.865000,0.030000,-0.000000,unrailed,0.030000,,
405.866000,0.030000,0.000000,unrailed,0.030000,,
405.867000,0.030000,-0.000000,unrailed,0.030000,,
405.868000,0.030000,0.000000,unrailed,0.030000,,
405.869000,0.030000,-0.000000,unrailed,0.030000,,
405.870000,0.030000,0.000000,unrailed,0.030000,,
405.871000,0.030000,-0.000000,unrailed,0.030000,,
405.872000,0.030000,0.000000,unrailed,0.030000,,
405.873000,0.030000,-0.000000,unrailed,0.030000,,
405.874000,0.030000,0.000000,unrailed,0.030000,,
405.875000,0.030000,-0.000000,unrailed,0.030000,,
405.876000,0.030000,0.000000,unrailed,0.030000,,
405.877000,0.030000,-0.000000,unrailed,0.030000,,
405.878000,0.030000,0.000000,unrailed,0.030000,,
405.879000,0.030000,-0.000000,unrailed,0.030000,,
405.880000,0.030000,0.000000,unrailed,0.030000,,
405.881000,0.030000,-0.000000,unrailed,0.030000,,
405.882000,0.030000,0.000000,unrailed,0.030000,,
405.883000,0.030000,-0.000000,unrailed,0.030000,,
405.884000,0.030000,0.000000,unrailed,0.030000,,
405.885000,0.030000,-0.000000,unrailed,0.030000,,
405.886000,0.030000,0.000000,unrailed,0.030000,,
405.887000,0.030000,-0.000000,unrailed,0.030000,,
405.888000,0.030000,0.000000,unrailed,0.030000,,
405.889000,0.030000,-0.000000,unrailed,0.030000,,
405.890000,0.030000,0.000000,unrailed,0.030000,,
405.891000,0.030000,-0.000000,unrailed,0.030000,,
405.892000,0.030000,0.000000,unrailed,0.030000,,
405.893000,0.030000,-0.000000,unrailed,0.030000,,
405.894000,0.030000,0.000000,unrailed,0.030000,,
405.895000,0.030000,-0.000000,unrailed,0.030000,,
405.896000,0.030000,0.000000,unrailed,0.030000,,
405.897000,0.030000,-0.000000,unrailed,0.030000,,
405.898000,0.030000,0.000000,unrailed,0.030000,,
405.899000,0.030000,-0.000000,unrailed,0.030000,,
405.900000,0.030000,0.000000,unrailed,0.030000,,
405.901000,0.030000,-0.000000,unrailed,0.030000,,
405.902000,0.030000,0.000000,unrailed,0.030000,,
405.903000,0.030000,-0.000000,unrailed,0.030000,,
405.904000,0.030000,0.000000,unrailed,0.030000,,
405.905000,0.030000,-0.000000,unrailed,0.030000,,
405.906000,0.030000,0.000000,unrailed,0.030000,,
405.907000,0.030000,-0.000000,unrailed,0.030000,,
405.908000,0.030000,0.000000,unrailed,0.030000,,
405.909000,0.030000,-0.000000,unrailed,0.030000,,
405.910000,0.030000,0.000000,unrailed,0.030000,,
405.911000,0.030000,-0.000000,unrailed,0.030000,,
405.912000,0.030000,0.000000,unrailed,0.030000,,
405.913000,0.030000,-0.000000,unrailed,0.030000,,
405.914000,0.030000,0.000000,unrailed,0.030000,,
405.915000,0.030000,-0.000000,unrailed,0.030000,,
405.916000,0.030000,0.000000,unrailed,0.030000,,
405.917000,0.030000,-0.000000,unrailed,0.030000,,
405.918000,0.030000,0.000000,unrailed,0.030000,,
405.919000,0.030000,-0.000000,unrailed,0.030000,,
405.920000,0.030000,0.000000,unrailed,0.030000,,
405.921000,0.030000,-0.000000,unrailed,0.030000,,
405.922000,0.030000,0.000000,unrailed,0.030000,,
405.923000,0.030000,-0.000000,unrailed,0.030000,,
405.924000,0.030000,0.000000,unrailed,0.030000,,
405.925000,0.030000,-0.000000,unrailed,0.030000,,
405.926000,0.030000,0.000000,unrailed,0.030000,,
405.927000,0.030000,-0.000000,unrailed,0.030000,,
405.928000,0.030000,0.000000,unrailed,0.030000,,
405.929000,0.030000,-0.000000,unrailed,0.030000,,
405.930000,0.030000,0.000000,unrailed,0.030000,,
405.931000,0.030000,-0.000000,unrailed,0.030000,,
405.932000,0.030000,0.000000,unrailed,0.030000,,
405.933000,0.030000,-0.000000,unrailed,0.030000,,
405.934000,0.030000,0.000000,unrailed,0.030000,,
405.935000,0.030000,-0.000000,unrailed,0.030000,,
405.936000,0.030000,0.000000,unrailed,0.030000,,
405.937000,0.030000,-0.000000,unrailed,0.030000,,
405.938000,0.030000,0.000000,unrailed,0.030000,,
405.939000,0.030000,-0.000000,unrailed,0.030000,,
405.940000,0.030000,0.000000,unrailed,0.030000,,
405.941000,0.030000,-0.000000,unrailed,0.030000,,
405.942000,0.030000,0.000000,unrailed,0.030000,,
405.943000,0.030000,-0.000000,unrailed,0.030000,,
405.944000,0.030000,0.000000,unrailed,0.030000,,
405.945000,0.030000,-0.000000,unrailed,0.030000,,
405.946000,0.030000,0.000000,unrailed,0.030000,,
405.947000,0.030000,-0.000000,unrailed,0.030000,,
405.948000,0.030000,0.000000,unrailed,0.030000,,
405.949000,0.030000,-0.000000,unrailed,0.030000,,
405.950000,0.030000,0.000000,unrailed,0.030000,,
405.951000,0.030000,-0.000000,unrailed,0.030000,,
405.952000,0.030000,0.000000,unrailed,0.030000,,
405.953000,0.030000,-0.000000,unrailed,0.030000,,
405.954000,0.030000,0.000000,unrailed,0.030000,,
405.955000,0.030000,-0.000000,unrailed,0.030000,,
405.956000,0.030000,0.000000,unrailed,0.030000,,
405.957000,0.030000,-0.000000,unrailed,0.030000,,
405.958000,0.030000,0.000000,unrailed,0.030000,,
405.959000,0.030000,-0.000000,unrailed,0.030000,,
405.960000,0.030000,0.000000,unrailed,0.030000,,
405.961000,0.030000,-0.000000,unrailed,0.030000,,
405.962000,0.030000,0.000000,unrailed,0.030000,,
405.963000,0.030000,-0.000000,unrailed,0.030000,,
405.964000,0.030000,0.000000,unrailed,0.030000,,
405.965000,0.030000,-0.000000,unrailed,0.030000,,
405.966000,0.030000,0.000000,unrailed,0.030000,,
405.967000,0.030000,-0.000000,unrailed,0.030000,,
405.968000,0.030000,0.000000,unrailed,0.030000,,
405.969000,0.030000,-0.000000,unrailed,0.030000,,
405.970000,0.030000,0.000000,unrailed,0.030000,,
405.971000,0.030000,-0.000000,unrailed,0.030000,,
405.972000,0.030000,0.000000,unrailed,0.030000,,
405.973000,0.030000,-0.000000,unrailed,0.030000,,
405.974000,0.030000,0.000000,unrailed,0.030000,,
405.975000,0.030000,-0.000000,unrailed,0.030000,,
405.976000,0.030000,0.000000,unrailed,0.030000,,
405.977000,0.030000,-0.000000,unrailed,0.030000,,
405.978000,0.030000,0.000000,unrailed,0.030000,,
405.979000,0.030000,-0.000000,unrailed,0.030000,,
405.980000,0.030000,0.000000,unrailed,0.030000,,
405.981000,0.030000,-0.000000,unrailed,0.030000,,
405.982000,0.030000,0.000000,unrailed,0.030000,,
405.983000,0.030000,-0.000000,unrailed,0.030000,,
405.984000,0.030000,0.000000,unrailed,0.030000,,
405.985000,0.030000,-0.000000,unrailed,0.030000,,
405.986000,0.030000,0.000000,unrailed,0.030000,,
405.987000,0.030000,-0.000000,unrailed,0.030000,,
405.988000,0.030000,0.000000,unrailed,0.030000,,
405.989000,0.030000,-0.000000,unrailed,0.030000,,
405.990000,0.030000,0.000000,unrailed,0.030000,,
405.991000,0.030000,-0.000000,unrailed,0.030000,,
405.992000,0.030000,0.000000,unrailed,0.030000,,
405.993000,0.030000,-0.000000,unrailed,0.030000,,
405.994000,0.030000,0.000000,unrailed,0.030000,,
405.995000,0.030000,-0.000000,unrailed,0.030000,,
405.996000,0.030000,0.000000,unrailed,0.030000,,
405.997000,0.030000,-0.000000,unrailed,0.030000,,
405.998000,0.030000,0.000000,unrailed,0.030000,,
405.999000,0.030000,-0.000000,unrailed,0.030000,,
406.000000,0.030000,0.000000,unrailed,0.030000,,
406.001000,0.030000,-0.000000,unrailed,0.030000,,
406.002000,0.030000,0.000000,unrailed,0.030000,,
406.003000,0.030000,-0.000000,unrailed,0.030000,,
406.004000,0.030000,0.000000,unrailed,0.030000,,
406.005000,0.030000,-0.000000,unrailed,0.030000,,
406.006000,0.030000,0.000000,unrailed,0.030000,,
406.007000,0.030000,-0.000000,unrailed,0.030000,,
406.008000,0.030000,0.000000,unrailed,0.030000,,
406.009000,0.030000,-0.000000,unrailed,0.030000,,
406.010000,0.030000,0.000000,unrailed,0.030000,,
406.011000,0.030000,-0.000000,unrailed,0.030000,,
406.012000,0.030000,0.000000,unrailed,0.030000,,
406.013000,0.030000,-0.000000,unrailed,0.030000,,
406.014000,0.030000,0.000000,unrailed,0.030000,,
406.015000,0.030000,-0.000000,unrailed,0.030000,,
406.016000,0.030000,0.000000,unrailed,0.030000,,
406.017000,0.030000,-0.000000,unrailed,0.030000,,
406.018000,0.030000,0.000000,unrailed,0.030000,,
406.019000,0.030000,-0.000000,unrailed,0.030000,,
406.020000,0.030000,0.000000,unrailed,0.030000,,
406.021000,0.030000,-0.000000,unrailed,0.030000,,
406.022000,0.030000,0.000000,unrailed,0.030000,,
406.023000,0.030000,-0.000000,unrailed,0.030000,,
406.024000,0.030000,0.000000,unrailed,0.030000,,
406.025000,0.030000,-0.000000,unrailed,0.030000,,
406.026000,0.030000,0.000000,unrailed,0.030000,,
406.027000,0.030000,-0.000000,unrailed,0.030000,,
406.028000,0.030000,0.000000,unrailed,0.030000,,
406.029000,0.030000,-0.000000,unrailed,0.030000,,
406.030000,0.030000,0.000000,unrailed,0.030000,,
406.031000,0.030000,-0.000000,unrailed,0.030000,,
406.032000,0.030000,0.000000,unrailed,0.030000,,
406.033000,0.030000,-0.000000,unrailed,0.030000,,
406.034000,0.030000,0.000000,unrailed,0.030000,,
406.035000,0.030000,-0.000000,unrailed,0.030000,,
406.036000,0.030000,0.000000,unrailed,0.030000,,
406.037000,0.030000,-0.000000,unrailed,0.030000,,
406.038000,0.030000,0.000000,unrailed,0.030000,,
406.039000,0.030000,-0.000000,unrailed,0.030000,,
406.040000,0.030000,0.000000,unrailed,0.030000,,
406.041000,0.030000,-0.000000,unrailed,0.030000,,
406.042000,0.030000,0.000000,unrailed,0.030000,,
406.043000,0.030000,-0.000000,unrailed,0.030000,,
406.044000,0.030000,0.000000,unrailed,0.030000,,
406.045000,0.030000,-0.000000,unrailed,0.030000,,
406.046000,0.030000,0.000000,unrailed,0.030000,,
406.047000,0.030000,-0.000000,unrailed,0.030000,,
406.048000,0.030000,0.000000,unrailed,0.030000,,
406.049000,0.030000,-0.000000,unrailed,0.030000,,
406.050000,0.030000,0.000000,unrailed,0.030000,,
406.051000,0.030000,-0.000000,unrailed,0.030000,,
406.052000,0.030000,0.000000,unrailed,0.030000,,
406.053000,0.030000,-0.000000,unrailed,0.030000,,
406.054000,0.030000,0.000000,unrailed,0.030000,,
406.055000,0.030000,-0.000000,unrailed,0.030000,,
406.056000,0.030000,0.000000,unrailed,0.030000,,
406.057000,0.030000,-0.000000,unrailed,0.030000,,
406.058000,0.030000,0.000000,unrailed,0.030000,,
406.059000,0.030000,-0.000000,unrailed,0.030000,,
406.060000,0.030000,0.000000,unrailed,0.030000,,
406.061000,0.030000,-0.000000,unrailed,0.030000,,
406.062000,0.030000,0.000000,unrailed,0.030000,,
406.063000,0.030000,-0.000000,unrailed,0.030000,,
406.064000,0.030000,0.000000,unrailed,0.030000,,
406.065000,0.030000,-0.000000,unrailed,0.030000,,
406.066000,0.030000,0.000000,unrailed,0.030000,,
406.067000,0.030000,-0.000000,unrailed,0.030000,,
406.068000,0.030000,0.000000,unrailed,0.030000,,
406.069000,0.030000,-0.000000,unrailed,0.030000,,
406.070000,0.030000,0.000000,unrailed,0.030000,,
406.071000,0.030000,-0.000000,unrailed,0.030000,,
406.072000,0.030000,0.000000,unrailed,0.030000,,
406.073000,0.030000,-0.000000,unrailed,0.030000,,
406.074000,0.030000,0.000000,unrailed,0.030000,,
406.075000,0.030000,-0.000000,unrailed,0.030000,,
406.076000,0.030000,0.000000,unrailed,0.030000,,
406.077000,0.030000,-0.000000,unrailed,0.030000,,
406.078000,0.030000,0.000000,unrailed,0.030000,,
406.079000,0.030000,-0.000000,unrailed,0.030000,,
406.080000,0.030000,0.000000,unrailed,0.030000,,
406.081000,0.030000,-0.000000,unrailed,0.030000,,
406.082000,0.030000,0.000000,unrailed,0.030000,,
406.083000,0.030000,-0.000000,unrailed,0.030000,,
406.084000,0.030000,0.000000,unrailed,0.030000,,
406.085000,0.030000,-0.000000,unrailed,0.030000,,
406.086000,0.030000,0.000000,unrailed,0.030000,,
406.087000,0.030000,-0.000000,unrailed,0.030000,,
406.088000,0.030000,0.000000,unrailed,0.030000,,
406.089000,0.030000,-0.000000,unrailed,0.030000,,
406.090000,0.030000,0.000000,unrailed,0.030000,,
406.091000,0.030000,-0.000000,unrailed,0.030000,,
406.092000,0.030000,0.000000,unrailed,0.030000,,
406.093000,0.030000,-0.000000,unrailed,0.030000,,
406.094000,0.030000,0.000000,unrailed,0.030000,,
406.095000,0.030000,-0.000000,unrailed,0.030000,,
406.096000,0.030000,0.000000,unrailed,0.030000,,
406.097000,0.030000,-0.000000,unrailed,0.030000,,
406.098000,0.030000,0.000000,unrailed,0.030000,,
406.099000,0.030000,-0.000000,unrailed,0.030000,,
406.100000,0.030000,0.000000,unrailed,0.030000,,
406.101000,0.030000,-0.000000,unrailed,0.030000,,
406.102000,0.030000,0.000000,unrailed,0.030000,,
406.103000,0.030000,-0.000000,unrailed,0.030000,,
406.104000,0.030000,0.000000,unrailed,0.030000,,
406.105000,0.030000,-0.000000,unrailed,0.030000,,
406.106000,0.030000,0.000000,unrailed,0.030000,,
406.107000,0.030000,-0.000000,unrailed,0.030000,,
406.108000,0.030000,0.000000,unrailed,0.030000,,
406.109000,0.030000,-0.000000,unrailed,0.030000,,
406.110000,0.030000,0.000000,unrailed,0.030000,,
406.111000,0.030000,-0.000000,unrailed,0.030000,,
406.112000,0.030000,0.000000,unrailed,0.030000,,
406.113000,0.030000,-0.000000,unrailed,0.030000,,
406.114000,0.030000,0.000000,unrailed,0.030000,,
406.115000,0.030000,-0.000000,unrailed,0.030000,,
406.116000,0.030000,0.000000,unrailed,0.030000,,
406.117000,0.030000,-0.000000,unrailed,0.030000,,
406.118000,0.030000,0.000000,unrailed,0.030000,,
406.119000,0.030000,-0.000000,unrailed,0.030000,,
406.120000,0.030000,0.000000,unrailed,0.030000,,
406.121000,0.030000,-0.000000,unrailed,0.030000,,
406.122000,0.030000,0.000000,unrailed,0.030000,,
406.123000,0.030000,-0.000000,unrailed,0.030000,,
406.124000,0.030000,0.000000,unrailed,0.030000,,
406.125000,0.030000,-0.000000,unrailed,0.030000,,
406.126000,0.030000,0.000000,unrailed,0.030000,,
406.127000,0.030000,-0.000000,unrailed,0.030000,,
406.128000,0.030000,0.000000,unrailed,0.030000,,
406.129000,0.030000,-0.000000,unrailed,0.030000,,
406.130000,0.030000,0.000000,unrailed,0.030000,,
406.131000,0.030000,-0.000000,unrailed,0.030000,,
406.132000,0.030000,0.000000,unrailed,0.030000,,
406.133000,0.030000,-0.000000,unrailed,0.030000,,
406.134000,0.030000,0.000000,unrailed,0.030000,,
406.135000,0.030000,-0.000000,unrailed,0.030000,,
406.136000,0.030000,0.000000,unrailed,0.030000,,
406.137000,0.030000,-0.000000,unrailed,0.030000,,
406.138000,0.030000,0.000000,unrailed,0.030000,,
406.139000,0.030000,-0.000000,unrailed,0.030000,,
406.140000,0.030000,0.000000,unrailed,0.030000,,
406.141000,0.030000,-0.000000,unrailed,0.030000,,
406.142000,0.030000,0.000000,unrailed,0.030000,,
406.143000,0.030000,-0.000000,unrailed,0.030000,,
406.144000,0.030000,0.000000,unrailed,0.030000,,
406.145000,0.030000,-0.000000,unrailed,0.030000,,
406.146000,0.030000,0.000000,unrailed,0.030000,,
406.147000,0.030000,-0.000000,unrailed,0.030000,,
406.148000,0.030000,0.000000,unrailed,0.030000,,
406.149000,0.030000,-0.000000,unrailed,0.030000,,
406.150000,0.030000,0.000000,unrailed,0.030000,,
406.151000,0.030000,-0.000000,unrailed,0.030000,,
406.152000,0.030000,0.000000,unrailed,0.030000,,
406.153000,0.030000,-0.000000,unrailed,0.030000,,
406.154000,0.030000,0.000000,unrailed,0.030000,,
406.155000,0.030000,-0.000000,unrailed,0.030000,,
406.156000,0.030000,0.000000,unrailed,0.030000,,
406.157000,0.030000,-0.000000,unrailed,0.030000,,
406.158000,0.030000,0.000000,unrailed,0.030000,,
406.159000,0.030000,-0.000000,unrailed,0.030000,,
406.160000,0.030000,0.000000,unrailed,0.030000,,
406.161000,0.030000,-0.000000,unrailed,0.030000,,
406.162000,0.030000,0.000000,unrailed,0.030000,,
406.163000,0.030000,-0.000000,unrailed,0.030000,,
406.164000,0.030000,0.000000,unrailed,0.030000,,
406.165000,0.030000,-0.000000,unrailed,0.030000,,
406.166000,0.030000,0.000000,unrailed,0.030000,,
406.167000,0.030000,-0.000000,unrailed,0.030000,,
406.168000,0.030000,0.000000,unrailed,0.030000,,
406.169000,0.030000,-0.000000,unrailed,0.030000,,
406.170000,0.030000,0.000000,unrailed,0.030000,,
406.171000,0.030000,-0.000000,unrailed,0.030000,,
406.172000,0.030000,0.000000,unrailed,0.030000,,
406.173000,0.030000,-0.000000,unrailed,0.030000,,
406.174000,0.030000,0.000000,unrailed,0.030000,,
406.175000,0.030000,-0.000000,unrailed,0.030000,,
406.176000,0.030000,0.000000,unrailed,0.030000,,
406.177000,0.030000,-0.000000,unrailed,0.030000,,
406.178000,0.030000,0.000000,unrailed,0.030000,,
406.179000,0.030000,-0.000000,unrailed,0.030000,,
406.180000,0.030000,0.000000,unrailed,0.030000,,
406.181000,0.030000,-0.000000,unrailed,0.030000,,
406.182000,0.030000,0.000000,unrailed,0.030000,,
406.183000,0.030000,-0.000000,unrailed,0.030000,,
406.184000,0.030000,0.000000,unrailed,0.030000,,
406.185000,0.030000,-0.000000,unrailed,0.030000,,
406.186000,0.030000,0.000000,unrailed,0.030000,,
406.187000,0.030000,-0.000000,unrailed,0.030000,,
406.188000,0.030000,0.000000,unrailed,0.030000,,
406.189000,0.030000,-0.000000,unrailed,0.030000,,
406.190000,0.030000,0.000000,unrailed,0.030000,,
406.191000,0.030000,-0.000000,unrailed,0.030000,,
406.192000,0.030000,0.000000,unrailed,0.030000,,
406.193000,0.030000,-0.000000,unrailed,0.030000,,
406.194000,0.030000,0.000000,unrailed,0.030000,,
406.195000,0.030000,-0.000000,unrailed,0.030000,,
406.196000,0.030000,0.000000,unrailed,0.030000,,
406.197000,0.030000,-0.000000,unrailed,0.030000,,
406.198000,0.030000,0.000000,unrailed,0.030000,,
406.199000,0.030000,-0.000000,unrailed,0.030000,,
406.200000,0.030000,0.000000,unrailed,0.030000,,
406.201000,0.030000,-0.000000,unrailed,0.030000,,
406.202000,0.030000,0.000000,unrailed,0.030000,,
406.203000,0.030000,-0.000000,unrailed,0.030000,,
406.204000,0.030000,0.000000,unrailed,0.030000,,
406.205000,0.030000,-0.000000,unrailed,0.030000,,
406.206000,0.030000,0.000000,unrailed,0.030000,,
406.207000,0.030000,-0.000000,unrailed,0.030000,,
406.208000,0.030000,0.000000,unrailed,0.030000,,
406.209000,0.030000,-0.000000,unrailed,0.030000,,
406.210000,0.030000,0.000000,unrailed,0.030000,,
406.211000,0.030000,-0.000000,unrailed,0.030000,,
406.212000,0.030000,0.000000,unrailed,0.030000,,
406.213000,0.030000,-0.000000,unrailed,0.030000,,
406.214000,0.030000,0.000000,unrailed,0.030000,,
406.215000,0.030000,-0.000000,unrailed,0.030000,,
406.216000,0.030000,0.000000,unrailed,0.030000,,
406.217000,0.030000,-0.000000,unrailed,0.030000,,
406.218000,0.030000,0.000000,unrailed,0.030000,,
406.219000,0.030000,-0.000000,unrailed,0.030000,,
406.220000,0.030000,0.000000,unrailed,0.030000,,
406.221000,0.030000,-0.000000,unrailed,0.030000,,
406.222000,0.030000,0.000000,unrailed,0.030000,,
406.223000,0.030000,-0.000000,unrailed,0.030000,,
406.224000,0.030000,0.000000,unrailed,0.030000,,
406.225000,0.030000,-0.000000,unrailed,0.030000,,
406.226000,0.030000,0.000000,unrailed,0.030000,,
406.227000,0.030000,-0.000000,unrailed,0.030000,,
406.228000,0.030000,0.000000,unrailed,0.030000,,
406.229000,0.030000,-0.000000,unrailed,0.030000,,
406.230000,0.030000,0.000000,unrailed,0.030000,,
406.231000,0.030000,-0.000000,unrailed,0.030000,,
406.232000,0.030000,0.000000,unrailed,0.030000,,
406.233000,0.030000,-0.000000,unrailed,0.030000,,
406.234000,0.030000,0.000000,unrailed,0.030000,,
406.235000,0.030000,-0.000000,unrailed,0.030000,,
406.236000,0.030000,0.000000,unrailed,0.030000,,
406.237000,0.030000,-0.000000,unrailed,0.030000,,
406.238000,0.030000,0.000000,unrailed,0.030000,,
406.239000,0.030000,-0.000000,unrailed,0.030000,,
406.240000,0.030000,0.000000,unrailed,0.030000,,
406.241000,0.030000,-0.000000,unrailed,0.030000,,
406.242000,0.030000,0.000000,unrailed,0.030000,,
406.243000,0.030000,-0.000000,unrailed,0.030000,,
406.244000,0.030000,0.000000,unrailed,0.030000,,
406.245000,0.030000,-0.000000,unrailed,0.030000,,
406.246000,0.030000,0.000000,unrailed,0.030000,,
406.247000,0.030000,-0.000000,unrailed,0.030000,,
406.248000,0.030000,0.000000,unrailed,0.030000,,
406.249000,0.030000,-0.000000,unrailed,0.030000,,
406.250000,0.030000,0.000000,unrailed,0.030000,,
406.251000,0.030000,-0.000000,unrailed,0.030000,,
406.252000,0.030000,0.000000,unrailed,0.030000,,
406.253000,0.030000,-0.000000,unrailed,0.030000,,
406.254000,0.030000,0.000000,unrailed,0.030000,,
406.255000,0.030000,-0.000000,unrailed,0.030000,,
406.256000,0.030000,0.000000,unrailed,0.030000,,
406.257000,0.030000,-0.000000,unrailed,0.030000,,
406.258000,0.030000,0.000000,unrailed,0.030000,,
406.259000,0.030000,-0.000000,unrailed,0.030000,,
406.260000,0.030000,0.000000,unrailed,0.030000,,
406.261000,0.030000,-0.000000,unrailed,0.030000,,
406.262000,0.030000,0.000000,unrailed,0.030000,,
406.263000,0.030000,-0.000000,unrailed,0.030000,,
406.264000,0.030000,0.000000,unrailed,0.030000,,
406.265000,0.030000,-0.000000,unrailed,0.030000,,
406.266000,0.030000,0.000000,unrailed,0.030000,,
406.267000,0.030000,-0.000000,unrailed,0.030000,,
406.268000,0.030000,0.000000,unrailed,0.030000,,
406.269000,0.030000,-0.000000,unrailed,0.030000,,
406.270000,0.030000,0.000000,unrailed,0.030000,,
406.271000,0.030000,-0.000000,unrailed,0.030000,,
406.272000,0.030000,0.000000,unrailed,0.030000,,
406.273000,0.030000,-0.000000,unrailed,0.030000,,
406.274000,0.030000,0.000000,unrailed,0.030000,,
406.275000,0.030000,-0.000000,unrailed,0.030000,,
406.276000,0.030000,0.000000,unrailed,0.030000,,
406.277000,0.030000,-0.000000,unrailed,0.030000,,
406.278000,0.030000,0.000000,unrailed,0.030000,,
406.279000,0.030000,-0.000000,unrailed,0.030000,,
406.280000,0.030000,0.000000,unrailed,0.030000,,
406.281000,0.030000,-0.000000,unrailed,0.030000,,
406.282000,0.030000,0.000000,unrailed,0.030000,,
406.283000,0.030000,-0.000000,unrailed,0.030000,,
406.284000,0.030000,0.000000,unrailed,0.030000,,
406.285000,0.030000,-0.000000,unrailed,0.030000,,
406.286000,0.030000,0.000000,unrailed,0.030000,,
406.287000,0.030000,-0.000000,unrailed,0.030000,,
406.288000,0.030000,0.000000,unrailed,0.030000,,
406.289000,0.030000,-0.000000,unrailed,0.030000,,
406.290000,0.030000,0.000000,unrailed,0.030000,,
406.291000,0.030000,-0.000000,unrailed,0.030000,,
406.292000,0.030000,0.000000,unrailed,0.030000,,
406.293000,0.030000,-0.000000,unrailed,0.030000,,
406.294000,0.030000,0.000000,unrailed,0.030000,,
406.295000,0.030000,-0.000000,unrailed,0.030000,,
406.296000,0.030000,0.000000,unrailed,0.030000,,
406.297000,0.030000,-0.000000,unrailed,0.030000,,
406.298000,0.030000,0.000000,unrailed,0.030000,,
406.299000,0.030000,-0.000000,unrailed,0.030000,,
406.300000,0.030000,0.000000,unrailed,0.030000,,
406.301000,0.030000,-0.000000,unrailed,0.030000,,
406.302000,0.030000,0.000000,unrailed,0.030000,,
406.303000,0.030000,-0.000000,unrailed,0.030000,,
406.304000,0.030000,0.000000,unrailed,0.030000,,
406.305000,0.030000,-0.000000,unrailed,0.030000,,
406.306000,0.030000,0.000000,unrailed,0.030000,,
406.307000,0.030000,-0.000000,unrailed,0.030000,,
406.308000,0.030000,0.000000,unrailed,0.030000,,
406.309000,0.030000,-0.000000,unrailed,0.030000,,
406.310000,0.030000,0.000000,unrailed,0.030000,,
406.311000,0.030000,-0.000000,unrailed,0.030000,,
406.312000,0.030000,0.000000,unrailed,0.030000,,
406.313000,0.030000,-0.000000,unrailed,0.030000,,
406.314000,0.030000,0.000000,unrailed,0.030000,,
406.315000,0.030000,-0.000000,unrailed,0.030000,,
406.316000,0.030000,0.000000,unrailed,0.030000,,
406.317000,0.030000,-0.000000,unrailed,0.030000,,
406.318000,0.030000,0.000000,unrailed,0.030000,,
406.319000,0.030000,-0.000000,unrailed,0.030000,,
406.320000,0.030000,0.000000,unrailed,0.030000,,
406.321000,0.030000,-0.000000,unrailed,0.030000,,
406.322000,0.030000,0.000000,unrailed,0.030000,,
406.323000,0.030000,-0.000000,unrailed,0.030000,,
406.324000,0.030000,0.000000,unrailed,0.030000,,
406.325000,0.030000,-0.000000,unrailed,0.030000,,
406.326000,0.030000,0.000000,unrailed,0.030000,,
406.327000,0.030000,-0.000000,unrailed,0.030000,,
406.328000,0.030000,0.000000,unrailed,0.030000,,
406.329000,0.030000,-0.000000,unrailed,0.030000,,
406.330000,0.030000,0.000000,unrailed,0.030000,,
406.331000,0.030000,-0.000000,unrailed,0.030000,,
406.332000,0.030000,0.000000,unrailed,0.030000,,
406.333000,0.030000,-0.000000,unrailed,0.030000,,
406.334000,0.030000,0.000000,unrailed,0.030000,,
406.335000,0.030000,-0.000000,unrailed,0.030000,,
406.336000,0.030000,0.000000,unrailed,0.030000,,
406.337000,0.030000,-0.000000,unrailed,0.030000,,
406.338000,0.030000,0.000000,unrailed,0.030000,,
406.339000,0.030000,-0.000000,unrailed,0.030000,,
406.340000,0.030000,0.000000,unrailed,0.030000,,
406.341000,0.030000,-0.000000,unrailed,0.030000,,
406.342000,0.030000,0.000000,unrailed,0.030000,,
406.343000,0.030000,-0.000000,unrailed,0.030000,,
406.344000,0.030000,0.000000,unrailed,0.030000,,
406.345000,0.030000,-0.000000,unrailed,0.030000,,
406.346000,0.030000,0.000000,unrailed,0.030000,,
406.347000,0.030000,-0.000000,unrailed,0.030000,,
406.348000,0.030000,0.000000,unrailed,0.030000,,
406.349000,0.030000,-0.000000,unrailed,0.030000,,
406.350000,0.030000,0.000000,unrailed,0.030000,,
406.351000,0.030000,-0.000000,unrailed,0.030000,,
406.352000,0.030000,0.000000,unrailed,0.030000,,
406.353000,0.030000,-0.000000,unrailed,0.030000,,
406.354000,0.030000,0.000000,unrailed,0.030000,,
406.355000,0.030000,-0.000000,unrailed,0.030000,,
406.356000,0.030000,0.000000,unrailed,0.030000,,
406.357000,0.030000,-0.000000,unrailed,0.030000,,
406.358000,0.030000,0.000000,unrailed,0.030000,,
406.359000,0.030000,-0.000000,unrailed,0.030000,,
406.360000,0.030000,0.000000,unrailed,0.030000,,
406.361000,0.030000,-0.000000,unrailed,0.030000,,
406.362000,0.030000,0.000000,unrailed,0.030000,,
406.363000,0.030000,-0.000000,unrailed,0.030000,,
406.364000,0.030000,0.000000,unrailed,0.030000,,
406.365000,0.030000,-0.000000,unrailed,0.030000,,
406.366000,0.030000,0.000000,unrailed,0.030000,,
406.367000,0.030000,-0.000000,unrailed,0.030000,,
406.368000,0.030000,0.000000,unrailed,0.030000,,
406.369000,0.030000,-0.000000,unrailed,0.030000,,
406.370000,0.030000,0.000000,unrailed,0.030000,,
406.371000,0.030000,-0.000000,unrailed,0.030000,,
406.372000,0.030000,0.000000,unrailed,0.030000,,
406.373000,0.030000,-0.000000,unrailed,0.030000,,
406.374000,0.030000,0.000000,unrailed,0.030000,,
406.375000,0.030000,-0.000000,unrailed,0.030000,,
406.376000,0.030000,0.000000,unrailed,0.030000,,
406.377000,0.030000,-0.000000,unrailed,0.030000,,
406.378000,0.030000,0.000000,unrailed,0.030000,,
406.379000,0.030000,-0.000000,unrailed,0.030000,,
406.380000,0.030000,0.000000,unrailed,0.030000,,
406.381000,0.030000,-0.000000,unrailed,0.030000,,
406.382000,0.030000,0.000000,unrailed,0.030000,,
406.383000,0.030000,-0.000000,unrailed,0.030000,,
406.384000,0.030000,0.000000,unrailed,0.030000,,
406.385000,0.030000,-0.000000,unrailed,0.030000,,
406.386000,0.030000,0.000000,unrailed,0.030000,,
406.387000,0.030000,-0.000000,unrailed,0.030000,,
406.388000,0.030000,0.000000,unrailed,0.030000,,
406.389000,0.030000,-0.000000,unrailed,0.030000,,
406.390000,0.030000,0.000000,unrailed,0.030000,,
406.391000,0.030000,-0.000000,unrailed,0.030000,,
406.392000,0.030000,0.000000,unrailed,0.030000,,
406.393000,0.030000,-0.000000,unrailed,0.030000,,
406.394000,0.030000,0.000000,unrailed,0.030000,,
406.395000,0.030000,-0.000000,unrailed,0.030000,,
406.396000,0.030000,0.000000,unrailed,0.030000,,
406.397000,0.030000,-0.000000,unrailed,0.030000,,
406.398000,0.030000,0.000000,unrailed,0.030000,,
406.399000,0.030000,-0.000000,unrailed,0.030000,,
406.400000,0.030000,0.000000,unrailed,0.030000,,
406.401000,0.030000,-0.000000,unrailed,0.030000,,
406.402000,0.030000,0.000000,unrailed,0.030000,,
406.403000,0.030000,-0.000000,unrailed,0.030000,,
406.404000,0.030000,0.000000,unrailed,0.030000,,
406.405000,0.030000,-0.000000,unrailed,0.030000,,
406.406000,0.030000,0.000000,unrailed,0.030000,,
406.407000,0.030000,-0.000000,unrailed,0.030000,,
406.408000,0.030000,0.000000,unrailed,0.030000,,
406.409000,0.030000,-0.000000,unrailed,0.030000,,
406.410000,0.030000,0.000000,unrailed,0.030000,,
406.411000,0.030000,-0.000000,unrailed,0.030000,,
406.412000,0.030000,0.000000,unrailed,0.030000,,
406.413000,0.030000,-0.000000,unrailed,0.030000,,
406.414000,0.030000,0.000000,unrailed,0.030000,,
406.415000,0.030000,-0.000000,unrailed,0.030000,,
406.416000,0.030000,0.000000,unrailed,0.030000,,
406.417000,0.030000,-0.000000,unrailed,0.030000,,
406.418000,0.030000,0.000000,unrailed,0.030000,,
406.419000,0.030000,-0.000000,unrailed,0.030000,,
406.420000,0.030000,0.000000,unrailed,0.030000,,
406.421000,0.030000,-0.000000,unrailed,0.030000,,
406.422000,0.030000,0.000000,unrailed,0.030000,,
406.423000,0.030000,-0.000000,unrailed,0.030000,,
406.424000,0.030000,0.000000,unrailed,0.030000,,
406.425000,0.030000,-0.000000,unrailed,0.030000,,
406.426000,0.030000,0.000000,unrailed,0.030000,,
406.427000,0.030000,-0.000000,unrailed,0.030000,,
406.428000,0.030000,0.000000,unrailed,0.030000,,
406.429000,0.030000,-0.000000,unrailed,0.030000,,
406.430000,0.030000,0.000000,unrailed,0.030000,,
406.431000,0.030000,-0.000000,unrailed,0.030000,,
406.432000,0.030000,0.000000,unrailed,0.030000,,
406.433000,0.030000,-0.000000,unrailed,0.030000,,
406.434000,0.030000,0.000000,unrailed,0.030000,,
406.435000,0.030000,-0.000000,unrailed,0.030000,,
406.436000,0.030000,0.000000,unrailed,0.030000,,
406.437000,0.030000,-0.000000,unrailed,0.030000,,
406.438000,0.030000,0.000000,unrailed,0.030000,,
406.439000,0.030000,-0.000000,unrailed,0.030000,,
406.440000,0.030000,0.000000,unrailed,0.030000,,
406.441000,0.030000,-0.000000,unrailed,0.030000,,
406.442000,0.030000,0.000000,unrailed,0.030000,,
406.443000,0.030000,-0.000000,unrailed,0.030000,,
406.444000,0.030000,0.000000,unrailed,0.030000,,
406.445000,0.030000,-0.000000,unrailed,0.030000,,
406.446000,0.030000,0.000000,unrailed,0.030000,,
406.447000,0.030000,-0.000000,unrailed,0.030000,,
406.448000,0.030000,0.000000,unrailed,0.030000,,
406.449000,0.030000,-0.000000,unrailed,0.030000,,
406.450000,0.030000,0.000000,unrailed,0.030000,,
406.451000,0.030000,-0.000000,unrailed,0.030000,,
406.452000,0.030000,0.000000,unrailed,0.030000,,
406.453000,0.030000,-0.000000,unrailed,0.030000,,
406.454000,0.030000,0.000000,unrailed,0.030000,,
406.455000,0.030000,-0.000000,unrailed,0.030000,,
406.456000,0.030000,0.000000,unrailed,0.030000,,
406.457000,0.030000,-0.000000,unrailed,0.030000,,
406.458000,0.030000,0.000000,unrailed,0.030000,,
406.459000,0.030000,-0.000000,unrailed,0.030000,,
406.460000,0.030000,0.000000,unrailed,0.030000,,
406.461000,0.030000,-0.000000,unrailed,0.030000,,
406.462000,0.030000,0.000000,unrailed,0.030000,,
406.463000,0.030000,-0.000000,unrailed,0.030000,,
406.464000,0.030000,0.000000,unrailed,0.030000,,
406.465000,0.030000,-0.000000,unrailed,0.030000,,
406.466000,0.030000,0.000000,unrailed,0.030000,,
406.467000,0.030000,-0.000000,unrailed,0.030000,,
406.468000,0.030000,0.000000,unrailed,0.030000,,
406.469000,0.030000,-0.000000,unrailed,0.030000,,
406.470000,0.030000,0.000000,unrailed,0.030000,,
406.471000,0.030000,-0.000000,unrailed,0.030000,,
406.472000,0.030000,0.000000,unrailed,0.030000,,
406.473000,0.030000,-0.000000,unrailed,0.030000,,
406.474000,0.030000,0.000000,unrailed,0.030000,,
406.475000,0.030000,-0.000000,unrailed,0.030000,,
406.476000,0.030000,0.000000,unrailed,0.030000,,
406.477000,0.030000,-0.000000,unrailed,0.030000,,
406.478000,0.030000,0.000000,unrailed,0.030000,,
406.479000,0.030000,-0.000000,unrailed,0.030000,,
406.480000,0.030000,0.000000,unrailed,0.030000,,
406.481000,0.030000,-0.000000,unrailed,0.030000,,
406.482000,0.030000,0.000000,unrailed,0.030000,,
406.483000,0.030000,-0.000000,unrailed,0.030000,,
406.484000,0.030000,0.000000,unrailed,0.030000,,
406.485000,0.030000,-0.000000,unrailed,0.030000,,
406.486000,0.030000,0.000000,unrailed,0.030000,,
406.487000,0.030000,-0.000000,unrailed,0.030000,,
406.488000,0.030000,0.000000,unrailed,0.030000,,
406.489000,0.030000,-0.000000,unrailed,0.030000,,
406.490000,0.030000,0.000000,unrailed,0.030000,,
406.491000,0.030000,-0.000000,unrailed,0.030000,,
406.492000,0.030000,0.000000,unrailed,0.030000,,
406.493000,0.030000,-0.000000,unrailed,0.030000,,
406.494000,0.030000,0.000000,unrailed,0.030000,,
406.495000,0.030000,-0.000000,unrailed,0.030000,,
406.496000,0.030000,0.000000,unrailed,0.030000,,
406.497000,0.030000,-0.000000,unrailed,0.030000,,
406.498000,0.030000,0.000000,unrailed,0.030000,,
406.499000,0.030000,-0.000000,unrailed,0.030000,,
406.500000,0.030000,0.000000,unrailed,0.030000,,
406.501000,0.030000,-0.000000,unrailed,0.030000,,
406.502000,0.030000,0.000000,unrailed,0.030000,,
406.503000,0.030000,-0.000000,unrailed,0.030000,,
406.504000,0.030000,0.000000,unrailed,0.030000,,
406.505000,0.030000,-0.000000,unrailed,0.030000,,
406.506000,0.030000,0.000000,unrailed,0.030000,,
406.507000,0.030000,-0.000000,unrailed,0.030000,,
406.508000,0.030000,0.000000,unrailed,0.030000,,
406.509000,0.030000,-0.000000,unrailed,0.030000,,
406.510000,0.030000,0.000000,unrailed,0.030000,,
406.511000,0.030000,-0.000000,unrailed,0.030000,,
406.512000,0.030000,0.000000,unrailed,0.030000,,
406.513000,0.030000,-0.000000,unrailed,0.030000,,
406.514000,0.030000,0.000000,unrailed,0.030000,,
406.515000,0.030000,-0.000000,unrailed,0.030000,,
406.516000,0.030000,0.000000,unrailed,0.030000,,
406.517000,0.030000,-0.000000,unrailed,0.030000,,
406.518000,0.030000,0.000000,unrailed,0.030000,,
406.519000,0.030000,-0.000000,unrailed,0.030000,,
406.520000,0.030000,0.000000,unrailed,0.030000,,
406.521000,0.030000,-0.000000,unrailed,0.030000,,
406.522000,0.030000,0.000000,unrailed,0.030000,,
406.523000,0.030000,-0.000000,unrailed,0.030000,,
406.524000,0.030000,0.000000,unrailed,0.030000,,
406.525000,0.030000,-0.000000,unrailed,0.030000,,
406.526000,0.030000,0.000000,unrailed,0.030000,,
406.527000,0.030000,-0.000000,unrailed,0.030000,,
406.528000,0.030000,0.000000,unrailed,0.030000,,
406.529000,0.030000,-0.000000,unrailed,0.030000,,
406.530000,0.030000,0.000000,unrailed,0.030000,,
406.531000,0.030000,-0.000000,unrailed,0.030000,,
406.532000,0.030000,0.000000,unrailed,0.030000,,
406.533000,0.030000,-0.000000,unrailed,0.030000,,
406.534000,0.030000,0.000000,unrailed,0.030000,,
406.535000,0.030000,-0.000000,unrailed,0.030000,,
406.536000,0.030000,0.000000,unrailed,0.030000,,
406.537000,0.030000,-0.000000,unrailed,0.030000,,
406.538000,0.030000,0.000000,unrailed,0.030000,,
406.539000,0.030000,-0.000000,unrailed,0.030000,,
406.540000,0.030000,0.000000,unrailed,0.030000,,
406.541000,0.030000,-0.000000,unrailed,0.030000,,
406.542000,0.030000,0.000000,unrailed,0.030000,,
406.543000,0.030000,-0.000000,unrailed,0.030000,,
406.544000,0.030000,0.000000,unrailed,0.030000,,
406.545000,0.030000,-0.000000,unrailed,0.030000,,
406.546000,0.030000,0.000000,unrailed,0.030000,,
406.547000,0.030000,-0.000000,unrailed,0.030000,,
406.548000,0.030000,0.000000,unrailed,0.030000,,
406.549000,0.030000,-0.000000,unrailed,0.030000,,
406.550000,0.030000,0.000000,unrailed,0.030000,,
406.551000,0.030000,-0.000000,unrailed,0.030000,,
406.552000,0.030000,0.000000,unrailed,0.030000,,
406.553000,0.030000,-0.000000,unrailed,0.030000,,
406.554000,0.030000,0.000000,unrailed,0.030000,,
406.555000,0.030000,-0.000000,unrailed,0.030000,,
406.556000,0.030000,0.000000,unrailed,0.030000,,
406.557000,0.030000,-0.000000,unrailed,0.030000,,
406.558000,0.030000,0.000000,unrailed,0.030000,,
406.559000,0.030000,-0.000000,unrailed,0.030000,,
406.560000,0.030000,0.000000,unrailed,0.030000,,
406.561000,0.030000,-0.000000,unrailed,0.030000,,
406.562000,0.030000,0.000000,unrailed,0.030000,,
406.563000,0.030000,-0.000000,unrailed,0.030000,,
406.564000,0.030000,0.000000,unrailed,0.030000,,
406.565000,0.030000,-0.000000,unrailed,0.030000,,
406.566000,0.030000,0.000000,unrailed,0.030000,,
406.567000,0.030000,-0.000000,unrailed,0.030000,,
406.568000,0.030000,0.000000,unrailed,0.030000,,
406.569000,0.030000,-0.000000,unrailed,0.030000,,
406.570000,0.030000,0.000000,unrailed,0.030000,,
406.571000,0.030000,-0.000000,unrailed,0.030000,,
406.572000,0.030000,0.000000,unrailed,0.030000,,
406.573000,0.030000,-0.000000,unrailed,0.030000,,
406.574000,0.030000,0.000000,unrailed,0.030000,,
406.575000,0.030000,-0.000000,unrailed,0.030000,,
406.576000,0.030000,0.000000,unrailed,0.030000,,
406.577000,0.030000,-0.000000,unrailed,0.030000,,
406.578000,0.030000,0.000000,unrailed,0.030000,,
406.579000,0.030000,-0.000000,unrailed,0.030000,,
406.580000,0.030000,0.000000,unrailed,0.030000,,
406.581000,0.030000,-0.000000,unrailed,0.030000,,
406.582000,0.030000,0.000000,unrailed,0.030000,,
406.583000,0.030000,-0.000000,unrailed,0.030000,,
406.584000,0.030000,0.000000,unrailed,0.030000,,
406.585000,0.030000,-0.000000,unrailed,0.030000,,
406.586000,0.030000,0.000000,unrailed,0.030000,,
406.587000,0.030000,-0.000000,unrailed,0.030000,,
406.588000,0.030000,0.000000,unrailed,0.030000,,
406.589000,0.030000,-0.000000,unrailed,0.030000,,
406.590000,0.030000,0.000000,unrailed,0.030000,,
406.591000,0.030000,-0.000000,unrailed,0.030000,,
406.592000,0.030000,0.000000,unrailed,0.030000,,
406.593000,0.030000,-0.000000,unrailed,0.030000,,
406.594000,0.030000,0.000000,unrailed,0.030000,,
406.595000,0.030000,-0.000000,unrailed,0.030000,,
406.596000,0.030000,0.000000,unrailed,0.030000,,
406.597000,0.030000,-0.000000,unrailed,0.030000,,
406.598000,0.030000,0.000000,unrailed,0.030000,,
406.599000,0.030000,-0.000000,unrailed,0.030000,,
406.600000,0.030000,0.000000,unrailed,0.030000,,
406.601000,0.030000,-0.000000,unrailed,0.030000,,
406.602000,0.030000,0.000000,unrailed,0.030000,,
406.603000,0.030000,-0.000000,unrailed,0.030000,,
406.604000,0.030000,0.000000,unrailed,0.030000,,
406.605000,0.030000,-0.000000,unrailed,0.030000,,
406.606000,0.030000,0.000000,unrailed,0.030000,,
406.607000,0.030000,-0.000000,unrailed,0.030000,,
406.608000,0.030000,0.000000,unrailed,0.030000,,
406.609000,0.030000,-0.000000,unrailed,0.030000,,
406.610000,0.030000,0.000000,unrailed,0.030000,,
406.611000,0.030000,-0.000000,unrailed,0.030000,,
406.612000,0.030000,0.000000,unrailed,0.030000,,
406.613000,0.030000,-0.000000,unrailed,0.030000,,
406.614000,0.030000,0.000000,unrailed,0.030000,,
406.615000,0.030000,-0.000000,unrailed,0.030000,,
406.616000,0.030000,0.000000,unrailed,0.030000,,
406.617000,0.030000,-0.000000,unrailed,0.030000,,
406.618000,0.030000,0.000000,unrailed,0.030000,,
406.619000,0.030000,-0.000000,unrailed,0.030000,,
406.620000,0.030000,0.000000,unrailed,0.030000,,
406.621000,0.030000,-0.000000,unrailed,0.030000,,
406.622000,0.030000,0.000000,unrailed,0.030000,,
406.623000,0.030000,-0.000000,unrailed,0.030000,,
406.624000,0.030000,0.000000,unrailed,0.030000,,
406.625000,0.030000,-0.000000,unrailed,0.030000,,
406.626000,0.030000,0.000000,unrailed,0.030000,,
406.627000,0.030000,-0.000000,unrailed,0.030000,,
406.628000,0.030000,0.000000,unrailed,0.030000,,
406.629000,0.030000,-0.000000,unrailed,0.030000,,
406.630000,0.030000,0.000000,unrailed,0.030000,,
406.631000,0.030000,-0.000000,unrailed,0.030000,,
406.632000,0.030000,0.000000,unrailed,0.030000,,
406.633000,0.030000,-0.000000,unrailed,0.030000,,
406.634000,0.030000,0.000000,unrailed,0.030000,,
406.635000,0.030000,-0.000000,unrailed,0.030000,,
406.636000,0.030000,0.000000,unrailed,0.030000,,
406.637000,0.030000,-0.000000,unrailed,0.030000,,
406.638000,0.030000,0.000000,unrailed,0.030000,,
406.639000,0.030000,-0.000000,unrailed,0.030000,,
406.640000,0.030000,0.000000,unrailed,0.030000,,
406.641000,0.030000,-0.000000,unrailed,0.030000,,
406.642000,0.030000,0.000000,unrailed,0.030000,,
406.643000,0.030000,-0.000000,unrailed,0.030000,,
406.644000,0.030000,0.000000,unrailed,0.030000,,
406.645000,0.030000,-0.000000,unrailed,0.030000,,
406.646000,0.030000,0.000000,unrailed,0.030000,,
406.647000,0.030000,-0.000000,unrailed,0.030000,,
406.648000,0.030000,0.000000,unrailed,0.030000,,
406.649000,0.030000,-0.000000,unrailed,0.030000,,
406.650000,0.030000,0.000000,unrailed,0.030000,,
406.651000,0.030000,-0.000000,unrailed,0.030000,,
406.652000,0.030000,0.000000,unrailed,0.030000,,
406.653000,0.030000,-0.000000,unrailed,0.030000,,
406.654000,0.030000,0.000000,unrailed,0.030000,,
406.655000,0.030000,-0.000000,unrailed,0.030000,,
406.656000,0.030000,0.000000,unrailed,0.030000,,
406.657000,0.030000,-0.000000,unrailed,0.030000,,
406.658000,0.030000,0.000000,unrailed,0.030000,,
406.659000,0.030000,-0.000000,unrailed,0.030000,,
406.660000,0.030000,0.000000,unrailed,0.030000,,
406.661000,0.030000,-0.000000,unrailed,0.030000,,
406.662000,0.030000,0.000000,unrailed,0.030000,,
406.663000,0.030000,-0.000000,unrailed,0.030000,,
406.664000,0.030000,0.000000,unrailed,0.030000,,
406.665000,0.030000,-0.000000,unrailed,0.030000,,
406.666000,0.030000,0.000000,unrailed,0.030000,,
406.667000,0.030000,-0.000000,unrailed,0.030000,,
406.668000,0.030000,0.000000,unrailed,0.030000,,
406.669000,0.030000,-0.000000,unrailed,0.030000,,
406.670000,0.030000,0.000000,unrailed,0.030000,,
406.671000,0.030000,-0.000000,unrailed,0.030000,,
406.672000,0.030000,0.000000,unrailed,0.030000,,
406.673000,0.030000,-0.000000,unrailed,0.030000,,
406.674000,0.030000,0.000000,unrailed,0.030000,,
406.675000,0.030000,-0.000000,unrailed,0.030000,,
406.676000,0.030000,0.000000,unrailed,0.030000,,
406.677000,0.030000,-0.000000,unrailed,0.030000,,
406.678000,0.030000,0.000000,unrailed,0.030000,,
406.679000,0.030000,-0.000000,unrailed,0.030000,,
406.680000,0.030000,0.000000,unrailed,0.030000,,
406.681000,0.030000,-0.000000,unrailed,0.030000,,
406.682000,0.030000,0.000000,unrailed,0.030000,,
406.683000,0.030000,-0.000000,unrailed,0.030000,,
406.684000,0.030000,0.000000,unrailed,0.030000,,
406.685000,0.030000,-0.000000,unrailed,0.030000,,
406.686000,0.030000,0.000000,unrailed,0.030000,,
406.687000,0.030000,-0.000000,unrailed,0.030000,,
406.688000,0.030000,0.000000,unrailed,0.030000,,
406.689000,0.030000,-0.000000,unrailed,0.030000,,
406.690000,0.030000,0.000000,unrailed,0.030000,,
406.691000,0.030000,-0.000000,unrailed,0.030000,,
406.692000,0.030000,0.000000,unrailed,0.030000,,
406.693000,0.030000,-0.000000,unrailed,0.030000,,
406.694000,0.030000,0.000000,unrailed,0.030000,,
406.695000,0.030000,-0.000000,unrailed,0.030000,,
406.696000,0.030000,0.000000,unrailed,0.030000,,
406.697000,0.030000,-0.000000,unrailed,0.030000,,
406.698000,0.030000,0.000000,unrailed,0.030000,,
406.699000,0.030000,-0.000000,unrailed,0.030000,,
406.700000,0.030000,0.000000,unrailed,0.030000,,
406.701000,0.030000,-0.000000,unrailed,0.030000,,
406.702000,0.030000,0.000000,unrailed,0.030000,,
406.703000,0.030000,-0.000000,unrailed,0.030000,,
406.704000,0.030000,0.000000,unrailed,0.030000,,
406.705000,0.030000,-0.000000,unrailed,0.030000,,
406.706000,0.030000,0.000000,unrailed,0.030000,,
406.707000,0.030000,-0.000000,unrailed,0.030000,,
406.708000,0.030000,0.000000,unrailed,0.030000,,
406.709000,0.030000,-0.000000,unrailed,0.030000,,
406.710000,0.030000,0.000000,unrailed,0.030000,,
406.711000,0.030000,-0.000000,unrailed,0.030000,,
406.712000,0.030000,0.000000,unrailed,0.030000,,
406.713000,0.030000,-0.000000,unrailed,0.030000,,
406.714000,0.030000,0.000000,unrailed,0.030000,,
406.715000,0.030000,-0.000000,unrailed,0.030000,,
406.716000,0.030000,0.000000,unrailed,0.030000,,
406.717000,0.030000,-0.000000,unrailed,0.030000,,
406.718000,0.030000,0.000000,unrailed,0.030000,,
406.719000,0.030000,-0.000000,unrailed,0.030000,,
406.720000,0.030000,0.000000,unrailed,0.030000,,
406.721000,0.030000,-0.000000,unrailed,0.030000,,
406.722000,0.030000,0.000000,unrailed,0.030000,,
406.723000,0.030000,-0.000000,unrailed,0.030000,,
406.724000,0.030000,0.000000,unrailed,0.030000,,
406.725000,0.030000,-0.000000,unrailed,0.030000,,
406.726000,0.030000,0.000000,unrailed,0.030000,,
406.727000,0.030000,-0.000000,unrailed,0.030000,,
406.728000,0.030000,0.000000,unrailed,0.030000,,
406.729000,0.030000,-0.000000,unrailed,0.030000,,
406.730000,0.030000,0.000000,unrailed,0.030000,,
406.731000,0.030000,-0.000000,unrailed,0.030000,,
406.732000,0.030000,0.000000,unrailed,0.030000,,
406.733000,0.030000,-0.000000,unrailed,0.030000,,
406.734000,0.030000,0.000000,unrailed,0.030000,,
406.735000,0.030000,-0.000000,unrailed,0.030000,,
406.736000,0.030000,0.000000,unrailed,0.030000,,
406.737000,0.030000,-0.000000,unrailed,0.030000,,
406.738000,0.030000,0.000000,unrailed,0.030000,,
406.739000,0.030000,-0.000000,unrailed,0.030000,,
406.740000,0.030000,0.000000,unrailed,0.030000,,
406.741000,0.030000,-0.000000,unrailed,0.030000,,
406.742000,0.030000,0.000000,unrailed,0.030000,,
406.743000,0.030000,-0.000000,unrailed,0.030000,,
406.744000,0.030000,0.000000,unrailed,0.030000,,
406.745000,0.030000,-0.000000,unrailed,0.030000,,
406.746000,0.030000,0.000000,unrailed,0.030000,,
406.747000,0.030000,-0.000000,unrailed,0.030000,,
406.748000,0.030000,0.000000,unrailed,0.030000,,
406.749000,0.030000,-0.000000,unrailed,0.030000,,
406.750000,0.030000,0.000000,unrailed,0.030000,,
406.751000,0.030000,-0.000000,unrailed,0.030000,,
406.752000,0.030000,0.000000,unrailed,0.030000,,
406.753000,0.030000,-0.000000,unrailed,0.030000,,
406.754000,0.030000,0.000000,unrailed,0.030000,,
406.755000,0.030000,-0.000000,unrailed,0.030000,,
406.756000,0.030000,0.000000,unrailed,0.030000,,
406.757000,0.030000,-0.000000,unrailed,0.030000,,
406.758000,0.030000,0.000000,unrailed,0.030000,,
406.759000,0.030000,-0.000000,unrailed,0.030000,,
406.760000,0.030000,0.000000,unrailed,0.030000,,
406.761000,0.030000,-0.000000,unrailed,0.030000,,
406.762000,0.030000,0.000000,unrailed,0.030000,,
406.763000,0.030000,-0.000000,unrailed,0.030000,,
406.764000,0.030000,0.000000,unrailed,0.030000,,
406.765000,0.030000,-0.000000,unrailed,0.030000,,
406.766000,0.030000,0.000000,unrailed,0.030000,,
406.767000,0.030000,-0.000000,unrailed,0.030000,,
406.768000,0.030000,0.000000,unrailed,0.030000,,
406.769000,0.030000,-0.000000,unrailed,0.030000,,
406.770000,0.030000,0.000000,unrailed,0.030000,,
406.771000,0.030000,-0.000000,unrailed,0.030000,,
406.772000,0.030000,0.000000,unrailed,0.030000,,
406.773000,0.030000,-0.000000,unrailed,0.030000,,
406.774000,0.030000,0.000000,unrailed,0.030000,,
406.775000,0.030000,-0.000000,unrailed,0.030000,,
406.776000,0.030000,0.000000,unrailed,0.030000,,
406.777000,0.030000,-0.000000,unrailed,0.030000,,
406.778000,0.030000,0.000000,unrailed,0.030000,,
406.779000,0.030000,-0.000000,unrailed,0.030000,,
406.780000,0.030000,0.000000,unrailed,0.030000,,
406.781000,0.030000,-0.000000,unrailed,0.030000,,
406.782000,0.030000,0.000000,unrailed,0.030000,,
406.783000,0.030000,-0.000000,unrailed,0.030000,,
406.784000,0.030000,0.000000,unrailed,0.030000,,
406.785000,0.030000,-0.000000,unrailed,0.030000,,
406.786000,0.030000,0.000000,unrailed,0.030000,,
406.787000,0.030000,-0.000000,unrailed,0.030000,,
406.788000,0.030000,0.000000,unrailed,0.030000,,
406.789000,0.030000,-0.000000,unrailed,0.030000,,
406.790000,0.030000,0.000000,unrailed,0.030000,,
406.791000,0.030000,-0.000000,unrailed,0.030000,,
406.792000,0.030000,0.000000,unrailed,0.030000,,
406.793000,0.030000,-0.000000,unrailed,0.030000,,
406.794000,0.030000,0.000000,unrailed,0.030000,,
406.795000,0.030000,-0.000000,unrailed,0.030000,,
406.796000,0.030000,0.000000,unrailed,0.030000,,
406.797000,0.030000,-0.000000,unrailed,0.030000,,
406.798000,0.030000,0.000000,unrailed,0.030000,,
406.799000,0.030000,-0.000000,unrailed,0.030000,,
406.800000,0.030000,0.000000,unrailed,0.030000,,
406.801000,0.030000,-0.000000,unrailed,0.030000,,
406.802000,0.030000,0.000000,unrailed,0.030000,,
406.803000,0.030000,-0.000000,unrailed,0.030000,,
406.804000,0.030000,0.000000,unrailed,0.030000,,
406.805000,0.030000,-0.000000,unrailed,0.030000,,
406.806000,0.030000,0.000000,unrailed,0.030000,,
406.807000,0.030000,-0.000000,unrailed,0.030000,,
406.808000,0.030000,0.000000,unrailed,0.030000,,
406.809000,0.030000,-0.000000,unrailed,0.030000,,
406.810000,0.030000,0.000000,unrailed,0.030000,,
406.811000,0.030000,-0.000000,unrailed,0.030000,,
406.812000,0.030000,0.000000,unrailed,0.030000,,
406.813000,0.030000,-0.000000,unrailed,0.030000,,
406.814000,0.030000,0.000000,unrailed,0.030000,,
406.815000,0.030000,-0.000000,unrailed,0.030000,,
406.816000,0.030000,0.000000,unrailed,0.030000,,
406.817000,0.030000,-0.000000,unrailed,0.030000,,
406.818000,0.030000,0.000000,unrailed,0.030000,,
406.819000,0.030000,-0.000000,unrailed,0.030000,,
406.820000,0.030000,0.000000,unrailed,0.030000,,
406.821000,0.030000,-0.000000,unrailed,0.030000,,
406.822000,0.030000,0.000000,unrailed,0.030000,,
406.823000,0.030000,-0.000000,unrailed,0.030000,,
406.824000,0.030000,0.000000,unrailed,0.030000,,
406.825000,0.030000,-0.000000,unrailed,0.030000,,
406.826000,0.030000,0.000000,unrailed,0.030000,,
406.827000,0.030000,-0.000000,unrailed,0.030000,,
406.828000,0.030000,0.000000,unrailed,0.030000,,
406.829000,0.030000,-0.000000,unrailed,0.030000,,
406.830000,0.030000,0.000000,unrailed,0.030000,,
406.831000,0.030000,-0.000000,unrailed,0.030000,,
406.832000,0.030000,0.000000,unrailed,0.030000,,
406.833000,0.030000,-0.000000,unrailed,0.030000,,
406.834000,0.030000,0.000000,unrailed,0.030000,,
406.835000,0.030000,-0.000000,unrailed,0.030000,,
406.836000,0.030000,0.000000,unrailed,0.030000,,
406.837000,0.030000,-0.000000,unrailed,0.030000,,
406.838000,0.030000,0.000000,unrailed,0.030000,,
406.839000,0.030000,-0.000000,unrailed,0.030000,,
406.840000,0.030000,0.000000,unrailed,0.030000,,
406.841000,0.030000,-0.000000,unrailed,0.030000,,
406.842000,0.030000,0.000000,unrailed,0.030000,,
406.843000,0.030000,-0.000000,unrailed,0.030000,,
406.844000,0.030000,0.000000,unrailed,0.030000,,
406.845000,0.030000,-0.000000,unrailed,0.030000,,
406.846000,0.030000,0.000000,unrailed,0.030000,,
406.847000,0.030000,-0.000000,unrailed,0.030000,,
406.848000,0.030000,0.000000,unrailed,0.030000,,
406.849000,0.030000,-0.000000,unrailed,0.030000,,
406.850000,0.030000,0.000000,unrailed,0.030000,,
406.851000,0.030000,-0.000000,unrailed,0.030000,,
406.852000,0.030000,0.000000,unrailed,0.030000,,
406.853000,0.030000,-0.000000,unrailed,0.030000,,
406.854000,0.030000,0.000000,unrailed,0.030000,,
406.855000,0.030000,-0.000000,unrailed,0.030000,,
406.856000,0.030000,0.000000,unrailed,0.030000,,
406.857000,0.030000,-0.000000,unrailed,0.030000,,
406.858000,0.030000,0.000000,unrailed,0.030000,,
406.859000,0.030000,-0.000000,unrailed,0.030000,,
406.860000,0.030000,0.000000,unrailed,0.030000,,
406.861000,0.030000,-0.000000,unrailed,0.030000,,
406.862000,0.030000,0.000000,unrailed,0.030000,,
406.863000,0.030000,-0.000000,unrailed,0.030000,,
406.864000,0.030000,0.000000,unrailed,0.030000,,
406.865000,0.030000,-0.000000,unrailed,0.030000,,
406.866000,0.030000,0.000000,unrailed,0.030000,,
406.867000,0.030000,-0.000000,unrailed,0.030000,,
406.868000,0.030000,0.000000,unrailed,0.030000,,
406.869000,0.030000,-0.000000,unrailed,0.030000,,
406.870000,0.030000,0.000000,unrailed,0.030000,,
406.871000,0.030000,-0.000000,unrailed,0.030000,,
406.872000,0.030000,0.000000,unrailed,0.030000,,
406.873000,0.030000,-0.000000,unrailed,0.030000,,
406.874000,0.030000,0.000000,unrailed,0.030000,,
406.875000,0.030000,-0.000000,unrailed,0.030000,,
406.876000,0.030000,0.000000,unrailed,0.030000,,
406.877000,0.030000,-0.000000,unrailed,0.030000,,
406.878000,0.030000,0.000000,unrailed,0.030000,,
406.879000,0.030000,-0.000000,unrailed,0.030000,,
406.880000,0.030000,0.000000,unrailed,0.030000,,
406.881000,0.030000,-0.000000,unrailed,0.030000,,
406.882000,0.030000,0.000000,unrailed,0.030000,,
406.883000,0.030000,-0.000000,unrailed,0.030000,,
406.884000,0.030000,0.000000,unrailed,0.030000,,
406.885000,0.030000,-0.000000,unrailed,0.030000,,
406.886000,0.030000,0.000000,unrailed,0.030000,,
406.887000,0.030000,-0.000000,unrailed,0.030000,,
406.888000,0.030000,0.000000,unrailed,0.030000,,
406.889000,0.030000,-0.000000,unrailed,0.030000,,
406.890000,0.030000,0.000000,unrailed,0.030000,,
406.891000,0.030000,-0.000000,unrailed,0.030000,,
406.892000,0.030000,0.000000,unrailed,0.030000,,
406.893000,0.030000,-0.000000,unrailed,0.030000,,
406.894000,0.030000,0.000000,unrailed,0.030000,,
406.895000,0.030000,-0.000000,unrailed,0.030000,,
406.896000,0.030000,0.000000,unrailed,0.030000,,
406.897000,0.030000,-0.000000,unrailed,0.030000,,
406.898000,0.030000,0.000000,unrailed,0.030000,,
406.899000,0.030000,-0.000000,unrailed,0.030000,,
406.900000,0.030000,0.000000,unrailed,0.030000,,
406.901000,0.030000,-0.000000,unrailed,0.030000,,
406.902000,0.030000,0.000000,unrailed,0.030000,,
406.903000,0.030000,-0.000000,unrailed,0.030000,,
406.904000,0.030000,0.000000,unrailed,0.030000,,
406.905000,0.030000,-0.000000,unrailed,0.030000,,
406.906000,0.030000,0.000000,unrailed,0.030000,,
406.907000,0.030000,-0.000000,unrailed,0.030000,,
406.908000,0.030000,0.000000,unrailed,0.030000,,
406.909000,0.030000,-0.000000,unrailed,0.030000,,
406.910000,0.030000,0.000000,unrailed,0.030000,,
406.911000,0.030000,-0.000000,unrailed,0.030000,,
406.912000,0.030000,0.000000,unrailed,0.030000,,
406.913000,0.030000,-0.000000,unrailed,0.030000,,
406.914000,0.030000,0.000000,unrailed,0.030000,,
406.915000,0.030000,-0.000000,unrailed,0.030000,,
406.916000,0.030000,0.000000,unrailed,0.030000,,
406.917000,0.030000,-0.000000,unrailed,0.030000,,
406.918000,0.030000,0.000000,unrailed,0.030000,,
406.919000,0.030000,-0.000000,unrailed,0.030000,,
406.920000,0.030000,0.000000,unrailed,0.030000,,
406.921000,0.030000,-0.000000,unrailed,0.030000,,
406.922000,0.030000,0.000000,unrailed,0.030000,,
406.923000,0.030000,-0.000000,unrailed,0.030000,,
406.924000,0.030000,0.000000,unrailed,0.030000,,
406.925000,0.030000,-0.000000,unrailed,0.030000,,
406.926000,0.030000,0.000000,unrailed,0.030000,,
406.927000,0.030000,-0.000000,unrailed,0.030000,,
406.928000,0.030000,0.000000,unrailed,0.030000,,
406.929000,0.030000,-0.000000,unrailed,0.030000,,
406.930000,0.030000,0.000000,unrailed,0.030000,,
406.931000,0.030000,-0.000000,unrailed,0.030000,,
406.932000,0.030000,0.000000,unrailed,0.030000,,
406.933000,0.030000,-0.000000,unrailed,0.030000,,
406.934000,0.030000,0.000000,unrailed,0.030000,,
406.935000,0.030000,-0.000000,unrailed,0.030000,,
406.936000,0.030000,0.000000,unrailed,0.030000,,
406.937000,0.030000,-0.000000,unrailed,0.030000,,
406.938000,0.030000,0.000000,unrailed,0.030000,,
406.939000,0.030000,-0.000000,unrailed,0.030000,,
406.940000,0.030000,0.000000,unrailed,0.030000,,
406.941000,0.030000,-0.000000,unrailed,0.030000,,
406.942000,0.030000,0.000000,unrailed,0.030000,,
406.943000,0.030000,-0.000000,unrailed,0.030000,,
406.944000,0.030000,0.000000,unrailed,0.030000,,
406.945000,0.030000,-0.000000,unrailed,0.030000,,
406.946000,0.030000,0.000000,unrailed,0.030000,,
406.947000,0.030000,-0.000000,unrailed,0.030000,,
406.948000,0.030000,0.000000,unrailed,0.030000,,
406.949000,0.030000,-0.000000,unrailed,0.030000,,
406.950000,0.030000,0.000000,unrailed,0.030000,,
406.951000,0.030000,-0.000000,unrailed,0.030000,,
406.952000,0.030000,0.000000,unrailed,0.030000,,
406.953000,0.030000,-0.000000,unrailed,0.030000,,
406.954000,0.030000,0.000000,unrailed,0.030000,,
406.955000,0.030000,-0.000000,unrailed,0.030000,,
406.956000,0.030000,0.000000,unrailed,0.030000,,
406.957000,0.030000,-0.000000,unrailed,0.030000,,
406.958000,0.030000,0.000000,unrailed,0.030000,,
406.959000,0.030000,-0.000000,unrailed,0.030000,,
406.960000,0.030000,0.000000,unrailed,0.030000,,
406.961000,0.030000,-0.000000,unrailed,0.030000,,
406.962000,0.030000,0.000000,unrailed,0.030000,,
406.963000,0.030000,-0.000000,unrailed,0.030000,,
406.964000,0.030000,0.000000,unrailed,0.030000,,
406.965000,0.030000,-0.000000,unrailed,0.030000,,
406.966000,0.030000,0.000000,unrailed,0.030000,,
406.967000,0.030000,-0.000000,unrailed,0.030000,,
406.968000,0.030000,0.000000,unrailed,0.030000,,
406.969000,0.030000,-0.000000,unrailed,0.030000,,
406.970000,0.030000,0.000000,unrailed,0.030000,,
406.971000,0.030000,-0.000000,unrailed,0.030000,,
406.972000,0.030000,0.000000,unrailed,0.030000,,
406.973000,0.030000,-0.000000,unrailed,0.030000,,
406.974000,0.030000,0.000000,unrailed,0.030000,,
406.975000,0.030000,-0.000000,unrailed,0.030000,,
406.976000,0.030000,0.000000,unrailed,0.030000,,
406.977000,0.030000,-0.000000,unrailed,0.030000,,
406.978000,0.030000,0.000000,unrailed,0.030000,,
406.979000,0.030000,-0.000000,unrailed,0.030000,,
406.980000,0.030000,0.000000,unrailed,0.030000,,
406.981000,0.030000,-0.000000,unrailed,0.030000,,
406.982000,0.030000,0.000000,unrailed,0.030000,,
406.983000,0.030000,-0.000000,unrailed,0.030000,,
406.984000,0.030000,0.000000,unrailed,0.030000,,
406.985000,0.030000,-0.000000,unrailed,0.030000,,
406.986000,0.030000,0.000000,unrailed,0.030000,,
406.987000,0.030000,-0.000000,unrailed,0.030000,,
406.988000,0.030000,0.000000,unrailed,0.030000,,
406.989000,0.030000,-0.000000,unrailed,0.030000,,
406.990000,0.030000,0.000000,unrailed,0.030000,,
406.991000,0.030000,-0.000000,unrailed,0.030000,,
406.992000,0.030000,0.000000,unrailed,0.030000,,
406.993000,0.030000,-0.000000,unrailed,0.030000,,
406.994000,0.030000,0.000000,unrailed,0.030000,,
406.995000,0.030000,-0.000000,unrailed,0.030000,,
406.996000,0.030000,0.000000,unrailed,0.030000,,
406.997000,0.030000,-0.000000,unrailed,0.030000,,
406.998000,0.030000,0.000000,unrailed,0.030000,,
406.999000,0.030000,-0.000000,unrailed,0.030000,,
407.000000,0.030000,0.000000,unrailed,0.030000,,
407.001000,0.030000,-0.000000,unrailed,0.030000,,
407.002000,0.030000,0.000000,unrailed,0.030000,,
407.003000,0.030000,-0.000000,unrailed,0.030000,,
407.004000,0.030000,0.000000,unrailed,0.030000,,
407.005000,0.030000,-0.000000,unrailed,0.030000,,
407.006000,0.030000,0.000000,unrailed,0.030000,,
407.007000,0.030000,-0.000000,unrailed,0.030000,,
407.008000,0.030000,0.000000,unrailed,0.030000,,
407.009000,0.030000,-0.000000,unrailed,0.030000,,
407.010000,0.030000,0.000000,unrailed,0.030000,,
407.011000,0.030000,-0.000000,unrailed,0.030000,,
407.012000,0.030000,0.000000,unrailed,0.030000,,
407.013000,0.030000,-0.000000,unrailed,0.030000,,
407.014000,0.030000,0.000000,unrailed,0.030000,,
407.015000,0.030000,-0.000000,unrailed,0.030000,,
407.016000,0.030000,0.000000,unrailed,0.030000,,
407.017000,0.030000,-0.000000,unrailed,0.030000,,
407.018000,0.030000,0.000000,unrailed,0.030000,,
407.019000,0.030000,-0.000000,unrailed,0.030000,,
407.020000,0.030000,0.000000,unrailed,0.030000,,
407.021000,0.030000,-0.000000,unrailed,0.030000,,
407.022000,0.030000,0.000000,unrailed,0.030000,,
407.023000,0.030000,-0.000000,unrailed,0.030000,,
407.024000,0.030000,0.000000,unrailed,0.030000,,
407.025000,0.030000,-0.000000,unrailed,0.030000,,
407.026000,0.030000,0.000000,unrailed,0.030000,,
407.027000,0.030000,-0.000000,unrailed,0.030000,,
407.028000,0.030000,0.000000,unrailed,0.030000,,
407.029000,0.030000,-0.000000,unrailed,0.030000,,
407.030000,0.030000,0.000000,unrailed,0.030000,,
407.031000,0.030000,-0.000000,unrailed,0.030000,,
407.032000,0.030000,0.000000,unrailed,0.030000,,
407.033000,0.030000,-0.000000,unrailed,0.030000,,
407.034000,0.030000,0.000000,unrailed,0.030000,,
407.035000,0.030000,-0.000000,unrailed,0.030000,,
407.036000,0.030000,0.000000,unrailed,0.030000,,
407.037000,0.030000,-0.000000,unrailed,0.030000,,
407.038000,0.030000,0.000000,unrailed,0.030000,,
407.039000,0.030000,-0.000000,unrailed,0.030000,,
407.040000,0.030000,0.000000,unrailed,0.030000,,
407.041000,0.030000,-0.000000,unrailed,0.030000,,
407.042000,0.030000,0.000000,unrailed,0.030000,,
407.043000,0.030000,-0.000000,unrailed,0.030000,,
407.044000,0.030000,0.000000,unrailed,0.030000,,
407.045000,0.030000,-0.000000,unrailed,0.030000,,
407.046000,0.030000,0.000000,unrailed,0.030000,,
407.047000,0.030000,-0.000000,unrailed,0.030000,,
407.048000,0.030000,0.000000,unrailed,0.030000,,
407.049000,0.030000,-0.000000,unrailed,0.030000,,
407.050000,0.030000,0.000000,unrailed,0.030000,,
407.051000,0.030000,-0.000000,unrailed,0.030000,,
407.052000,0.030000,0.000000,unrailed,0.030000,,
407.053000,0.030000,-0.000000,unrailed,0.030000,,
407.054000,0.030000,0.000000,unrailed,0.030000,,
407.055000,0.030000,-0.000000,unrailed,0.030000,,
407.056000,0.030000,0.000000,unrailed,0.030000,,
407.057000,0.030000,-0.000000,unrailed,0.030000,,
407.058000,0.030000,0.000000,unrailed,0.030000,,
407.059000,0.030000,-0.000000,unrailed,0.030000,,
407.060000,0.030000,0.000000,unrailed,0.030000,,
407.061000,0.030000,-0.000000,unrailed,0.030000,,
407.062000,0.030000,0.000000,unrailed,0.030000,,
407.063000,0.030000,-0.000000,unrailed,0.030000,,
407.064000,0.030000,0.000000,unrailed,0.030000,,
407.065000,0.030000,-0.000000,unrailed,0.030000,,
407.066000,0.030000,0.000000,unrailed,0.030000,,
407.067000,0.030000,-0.000000,unrailed,0.030000,,
407.068000,0.030000,0.000000,unrailed,0.030000,,
407.069000,0.030000,-0.000000,unrailed,0.030000,,
407.070000,0.030000,0.000000,unrailed,0.030000,,
407.071000,0.030000,-0.000000,unrailed,0.030000,,
407.072000,0.030000,0.000000,unrailed,0.030000,,
407.073000,0.030000,-0.000000,unrailed,0.030000,,
407.074000,0.030000,0.000000,unrailed,0.030000,,
407.075000,0.030000,-0.000000,unrailed,0.030000,,
407.076000,0.030000,0.000000,unrailed,0.030000,,
407.077000,0.030000,-0.000000,unrailed,0.030000,,
407.078000,0.030000,0.000000,unrailed,0.030000,,
407.079000,0.030000,-0.000000,unrailed,0.030000,,
407.080000,0.030000,0.000000,unrailed,0.030000,,
407.081000,0.030000,-0.000000,unrailed,0.030000,,
407.082000,0.030000,0.000000,unrailed,0.030000,,
407.083000,0.030000,-0.000000,unrailed,0.030000,,
407.084000,0.030000,0.000000,unrailed,0.030000,,
407.085000,0.030000,-0.000000,unrailed,0.030000,,
407.086000,0.030000,0.000000,unrailed,0.030000,,
407.087000,0.030000,-0.000000,unrailed,0.030000,,
407.088000,0.030000,0.000000,unrailed,0.030000,,
407.089000,0.030000,-0.000000,unrailed,0.030000,,
407.090000,0.030000,0.000000,unrailed,0.030000,,
407.091000,0.030000,-0.000000,unrailed,0.030000,,
407.092000,0.030000,0.000000,unrailed,0.030000,,
407.093000,0.030000,-0.000000,unrailed,0.030000,,
407.094000,0.030000,0.000000,unrailed,0.030000,,
407.095000,0.030000,-0.000000,unrailed,0.030000,,
407.096000,0.030000,0.000000,unrailed,0.030000,,
407.097000,0.030000,-0.000000,unrailed,0.030000,,
407.098000,0.030000,0.000000,unrailed,0.030000,,
407.099000,0.030000,-0.000000,unrailed,0.030000,,
407.100000,0.030000,0.000000,unrailed,0.030000,,
407.101000,0.030000,-0.000000,unrailed,0.030000,,
407.102000,0.030000,0.000000,unrailed,0.030000,,
407.103000,0.030000,-0.000000,unrailed,0.030000,,
407.104000,0.030000,0.000000,unrailed,0.030000,,
407.105000,0.030000,-0.000000,unrailed,0.030000,,
407.106000,0.030000,0.000000,unrailed,0.030000,,
407.107000,0.030000,-0.000000,unrailed,0.030000,,
407.108000,0.030000,0.000000,unrailed,0.030000,,
407.109000,0.030000,-0.000000,unrailed,0.030000,,
407.110000,0.030000,0.000000,unrailed,0.030000,,
407.111000,0.030000,-0.000000,unrailed,0.030000,,
407.112000,0.030000,0.000000,unrailed,0.030000,,
407.113000,0.030000,-0.000000,unrailed,0.030000,,
407.114000,0.030000,0.000000,unrailed,0.030000,,
407.115000,0.030000,-0.000000,unrailed,0.030000,,
407.116000,0.030000,0.000000,unrailed,0.030000,,
407.117000,0.030000,-0.000000,unrailed,0.030000,,
407.118000,0.030000,0.000000,unrailed,0.030000,,
407.119000,0.030000,-0.000000,unrailed,0.030000,,
407.120000,0.030000,0.000000,unrailed,0.030000,,
407.121000,0.030000,-0.000000,unrailed,0.030000,,
407.122000,0.030000,0.000000,unrailed,0.030000,,
407.123000,0.030000,-0.000000,unrailed,0.030000,,
407.124000,0.030000,0.000000,unrailed,0.030000,,
407.125000,0.030000,-0.000000,unrailed,0.030000,,
407.126000,0.030000,0.000000,unrailed,0.030000,,
407.127000,0.030000,-0.000000,unrailed,0.030000,,
407.128000,0.030000,0.000000,unrailed,0.030000,,
407.129000,0.030000,-0.000000,unrailed,0.030000,,
407.130000,0.030000,0.000000,unrailed,0.030000,,
407.131000,0.030000,-0.000000,unrailed,0.030000,,
407.132000,0.030000,0.000000,unrailed,0.030000,,
407.133000,0.030000,-0.000000,unrailed,0.030000,,
407.134000,0.030000,0.000000,unrailed,0.030000,,
407.135000,0.030000,-0.000000,unrailed,0.030000,,
407.136000,0.030000,0.000000,unrailed,0.030000,,
407.137000,0.030000,-0.000000,unrailed,0.030000,,
407.138000,0.030000,0.000000,unrailed,0.030000,,
407.139000,0.030000,-0.000000,unrailed,0.030000,,
407.140000,0.030000,0.000000,unrailed,0.030000,,
407.141000,0.030000,-0.000000,unrailed,0.030000,,
407.142000,0.030000,0.000000,unrailed,0.030000,,
407.143000,0.030000,-0.000000,unrailed,0.030000,,
407.144000,0.030000,0.000000,unrailed,0.030000,,
407.145000,0.030000,-0.000000,unrailed,0.030000,,
407.146000,0.030000,0.000000,unrailed,0.030000,,
407.147000,0.030000,-0.000000,unrailed,0.030000,,
407.148000,0.030000,0.000000,unrailed,0.030000,,
407.149000,0.030000,-0.000000,unrailed,0.030000,,
407.150000,0.030000,0.000000,unrailed,0.030000,,
407.151000,0.030000,-0.000000,unrailed,0.030000,,
407.152000,0.030000,0.000000,unrailed,0.030000,,
407.153000,0.030000,-0.000000,unrailed,0.030000,,
407.154000,0.030000,0.000000,unrailed,0.030000,,
407.155000,0.030000,-0.000000,unrailed,0.030000,,
407.156000,0.030000,0.000000,unrailed,0.030000,,
407.157000,0.030000,-0.000000,unrailed,0.030000,,
407.158000,0.030000,0.000000,unrailed,0.030000,,
407.159000,0.030000,-0.000000,unrailed,0.030000,,
407.160000,0.030000,0.000000,unrailed,0.030000,,
407.161000,0.030000,-0.000000,unrailed,0.030000,,
407.162000,0.030000,0.000000,unrailed,0.030000,,
407.163000,0.030000,-0.000000,unrailed,0.030000,,
407.164000,0.030000,0.000000,unrailed,0.030000,,
407.165000,0.030000,-0.000000,unrailed,0.030000,,
407.166000,0.030000,0.000000,unrailed,0.030000,,
407.167000,0.030000,-0.000000,unrailed,0.030000,,
407.168000,0.030000,0.000000,unrailed,0.030000,,
407.169000,0.030000,-0.000000,unrailed,0.030000,,
407.170000,0.030000,0.000000,unrailed,0.030000,,
407.171000,0.030000,-0.000000,unrailed,0.030000,,
407.172000,0.030000,0.000000,unrailed,0.030000,,
407.173000,0.030000,-0.000000,unrailed,0.030000,,
407.174000,0.030000,0.000000,unrailed,0.030000,,
407.175000,0.030000,-0.000000,unrailed,0.030000,,
407.176000,0.030000,0.000000,unrailed,0.030000,,
407.177000,0.030000,-0.000000,unrailed,0.030000,,
407.178000,0.030000,0.000000,unrailed,0.030000,,
407.179000,0.030000,-0.000000,unrailed,0.030000,,
407.180000,0.030000,0.000000,unrailed,0.030000,,
407.181000,0.030000,-0.000000,unrailed,0.030000,,
407.182000,0.030000,0.000000,unrailed,0.030000,,
407.183000,0.030000,-0.000000,unrailed,0.030000,,
407.184000,0.030000,0.000000,unrailed,0.030000,,
407.185000,0.030000,-0.000000,unrailed,0.030000,,
407.186000,0.030000,0.000000,unrailed,0.030000,,
407.187000,0.030000,-0.000000,unrailed,0.030000,,
407.188000,0.030000,0.000000,unrailed,0.030000,,
407.189000,0.030000,-0.000000,unrailed,0.030000,,
407.190000,0.030000,0.000000,unrailed,0.030000,,
407.191000,0.030000,-0.000000,unrailed,0.030000,,
407.192000,0.030000,0.000000,unrailed,0.030000,,
407.193000,0.030000,-0.000000,unrailed,0.030000,,
407.194000,0.030000,0.000000,unrailed,0.030000,,
407.195000,0.030000,-0.000000,unrailed,0.030000,,
407.196000,0.030000,0.000000,unrailed,0.030000,,
407.197000,0.030000,-0.000000,unrailed,0.030000,,
407.198000,0.030000,0.000000,unrailed,0.030000,,
407.199000,0.030000,-0.000000,unrailed,0.030000,,
407.200000,0.030000,0.000000,unrailed,0.030000,,
407.201000,0.030000,-0.000000,unrailed,0.030000,,
407.202000,0.030000,0.000000,unrailed,0.030000,,
407.203000,0.030000,-0.000000,unrailed,0.030000,,
407.204000,0.030000,0.000000,unrailed,0.030000,,
407.205000,0.030000,-0.000000,unrailed,0.030000,,
407.206000,0.030000,0.000000,unrailed,0.030000,,
407.207000,0.030000,-0.000000,unrailed,0.030000,,
407.208000,0.030000,0.000000,unrailed,0.030000,,
407.209000,0.030000,-0.000000,unrailed,0.030000,,
407.210000,0.030000,0.000000,unrailed,0.030000,,
407.211000,0.030000,-0.000000,unrailed,0.030000,,
407.212000,0.030000,0.000000,unrailed,0.030000,,
407.213000,0.030000,-0.000000,unrailed,0.030000,,
407.214000,0.030000,0.000000,unrailed,0.030000,,
407.215000,0.030000,-0.000000,unrailed,0.030000,,
407.216000,0.030000,0.000000,unrailed,0.030000,,
407.217000,0.030000,-0.000000,unrailed,0.030000,,
407.218000,0.030000,0.000000,unrailed,0.030000,,
407.219000,0.030000,-0.000000,unrailed,0.030000,,
407.220000,0.030000,0.000000,unrailed,0.030000,,
407.221000,0.030000,-0.000000,unrailed,0.030000,,
407.222000,0.030000,0.000000,unrailed,0.030000,,
407.223000,0.030000,-0.000000,unrailed,0.030000,,
407.224000,0.030000,0.000000,unrailed,0.030000,,
407.225000,0.030000,-0.000000,unrailed,0.030000,,
407.226000,0.030000,0.000000,unrailed,0.030000,,
407.227000,0.030000,-0.000000,unrailed,0.030000,,
407.228000,0.030000,0.000000,unrailed,0.030000,,
407.229000,0.030000,-0.000000,unrailed,0.030000,,
407.230000,0.030000,0.000000,unrailed,0.030000,,
407.231000,0.030000,-0.000000,unrailed,0.030000,,
407.232000,0.030000,0.000000,unrailed,0.030000,,
407.233000,0.030000,-0.000000,unrailed,0.030000,,
407.234000,0.030000,0.000000,unrailed,0.030000,,
407.235000,0.030000,-0.000000,unrailed,0.030000,,
407.236000,0.030000,0.000000,unrailed,0.030000,,
407.237000,0.030000,-0.000000,unrailed,0.030000,,
407.238000,0.030000,0.000000,unrailed,0.030000,,
407.239000,0.030000,-0.000000,unrailed,0.030000,,
407.240000,0.030000,0.000000,unrailed,0.030000,,
407.241000,0.030000,-0.000000,unrailed,0.030000,,
407.242000,0.030000,0.000000,unrailed,0.030000,,
407.243000,0.030000,-0.000000,unrailed,0.030000,,
407.244000,0.030000,0.000000,unrailed,0.030000,,
407.245000,0.030000,-0.000000,unrailed,0.030000,,
407.246000,0.030000,0.000000,unrailed,0.030000,,
407.247000,0.030000,-0.000000,unrailed,0.030000,,
407.248000,0.030000,0.000000,unrailed,0.030000,,
407.249000,0.030000,-0.000000,unrailed,0.030000,,
407.250000,0.030000,0.000000,unrailed,0.030000,,
407.251000,0.030000,-0.000000,unrailed,0.030000,,
407.252000,0.030000,0.000000,unrailed,0.030000,,
407.253000,0.030000,-0.000000,unrailed,0.030000,,
407.254000,0.030000,0.000000,unrailed,0.030000,,
407.255000,0.030000,-0.000000,unrailed,0.030000,,
407.256000,0.030000,0.000000,unrailed,0.030000,,
407.257000,0.030000,-0.000000,unrailed,0.030000,,
407.258000,0.030000,0.000000,unrailed,0.030000,,
407.259000,0.030000,-0.000000,unrailed,0.030000,,
407.260000,0.030000,0.000000,unrailed,0.030000,,
407.261000,0.030000,-0.000000,unrailed,0.030000,,
407.262000,0.030000,0.000000,unrailed,0.030000,,
407.263000,0.030000,-0.000000,unrailed,0.030000,,
407.264000,0.030000,0.000000,unrailed,0.030000,,
407.265000,0.030000,-0.000000,unrailed,0.030000,,
407.266000,0.030000,0.000000,unrailed,0.030000,,
407.267000,0.030000,-0.000000,unrailed,0.030000,,
407.268000,0.030000,0.000000,unrailed,0.030000,,
407.269000,0.030000,-0.000000,unrailed,0.030000,,
407.270000,0.030000,0.000000,unrailed,0.030000,,
407.271000,0.030000,-0.000000,unrailed,0.030000,,
407.272000,0.030000,0.000000,unrailed,0.030000,,
407.273000,0.030000,-0.000000,unrailed,0.030000,,
407.274000,0.030000,0.000000,unrailed,0.030000,,
407.275000,0.030000,-0.000000,unrailed,0.030000,,
407.276000,0.030000,0.000000,unrailed,0.030000,,
407.277000,0.030000,-0.000000,unrailed,0.030000,,
407.278000,0.030000,0.000000,unrailed,0.030000,,
407.279000,0.030000,-0.000000,unrailed,0.030000,,
407.280000,0.030000,0.000000,unrailed,0.030000,,
407.281000,0.030000,-0.000000,unrailed,0.030000,,
407.282000,0.030000,0.000000,unrailed,0.030000,,
407.283000,0.030000,-0.000000,unrailed,0.030000,,
407.284000,0.030000,0.000000,unrailed,0.030000,,
407.285000,0.030000,-0.000000,unrailed,0.030000,,
407.286000,0.030000,0.000000,unrailed,0.030000,,
407.287000,0.030000,-0.000000,unrailed,0.030000,,
407.288000,0.030000,0.000000,unrailed,0.030000,,
407.289000,0.030000,-0.000000,unrailed,0.030000,,
407.290000,0.030000,0.000000,unrailed,0.030000,,
407.291000,0.030000,-0.000000,unrailed,0.030000,,
407.292000,0.030000,0.000000,unrailed,0.030000,,
407.293000,0.030000,-0.000000,unrailed,0.030000,,
407.294000,0.030000,0.000000,unrailed,0.030000,,
407.295000,0.030000,-0.000000,unrailed,0.030000,,
407.296000,0.030000,0.000000,unrailed,0.030000,,
407.297000,0.030000,-0.000000,unrailed,0.030000,,
407.298000,0.030000,0.000000,unrailed,0.030000,,
407.299000,0.030000,-0.000000,unrailed,0.030000,,
407.300000,0.030000,0.000000,unrailed,0.030000,,
407.301000,0.030000,-0.000000,unrailed,0.030000,,
407.302000,0.030000,0.000000,unrailed,0.030000,,
407.303000,0.030000,-0.000000,unrailed,0.030000,,
407.304000,0.030000,0.000000,unrailed,0.030000,,
407.305000,0.030000,-0.000000,unrailed,0.030000,,
407.306000,0.030000,0.000000,unrailed,0.030000,,
407.307000,0.030000,-0.000000,unrailed,0.030000,,
407.308000,0.030000,0.000000,unrailed,0.030000,,
407.309000,0.030000,-0.000000,unrailed,0.030000,,
407.310000,0.030000,0.000000,unrailed,0.030000,,
407.311000,0.030000,-0.000000,unrailed,0.030000,,
407.312000,0.030000,0.000000,unrailed,0.030000,,
407.313000,0.030000,-0.000000,unrailed,0.030000,,
407.314000,0.030000,0.000000,unrailed,0.030000,,
407.315000,0.030000,-0.000000,unrailed,0.030000,,
407.316000,0.030000,0.000000,unrailed,0.030000,,
407.317000,0.030000,-0.000000,unrailed,0.030000,,
407.318000,0.030000,0.000000,unrailed,0.030000,,
407.319000,0.030000,-0.000000,unrailed,0.030000,,
407.320000,0.030000,0.000000,unrailed,0.030000,,
407.321000,0.030000,-0.000000,unrailed,0.030000,,
407.322000,0.030000,0.000000,unrailed,0.030000,,
407.323000,0.030000,-0.000000,unrailed,0.030000,,
407.324000,0.030000,0.000000,unrailed,0.030000,,
407.325000,0.030000,-0.000000,unrailed,0.030000,,
407.326000,0.030000,0.000000,unrailed,0.030000,,
407.327000,0.030000,-0.000000,unrailed,0.030000,,
407.328000,0.030000,0.000000,unrailed,0.030000,,
407.329000,0.030000,-0.000000,unrailed,0.030000,,
407.330000,0.030000,0.000000,unrailed,0.030000,,
407.331000,0.030000,-0.000000,unrailed,0.030000,,
407.332000,0.030000,0.000000,unrailed,0.030000,,
407.333000,0.030000,-0.000000,unrailed,0.030000,,
407.334000,0.030000,0.000000,unrailed,0.030000,,
407.335000,0.030000,-0.000000,unrailed,0.030000,,
407.336000,0.030000,0.000000,unrailed,0.030000,,
407.337000,0.030000,-0.000000,unrailed,0.030000,,
407.338000,0.030000,0.000000,unrailed,0.030000,,
407.339000,0.030000,-0.000000,unrailed,0.030000,,
407.340000,0.030000,0.000000,unrailed,0.030000,,
407.341000,0.030000,-0.000000,unrailed,0.030000,,
407.342000,0.030000,0.000000,unrailed,0.030000,,
407.343000,0.030000,-0.000000,unrailed,0.030000,,
407.344000,0.030000,0.000000,unrailed,0.030000,,
407.345000,0.030000,-0.000000,unrailed,0.030000,,
407.346000,0.030000,0.000000,unrailed,0.030000,,
407.347000,0.030000,-0.000000,unrailed,0.030000,,
407.348000,0.030000,0.000000,unrailed,0.030000,,
407.349000,0.030000,-0.000000,unrailed,0.030000,,
407.350000,0.030000,0.000000,unrailed,0.030000,,
407.351000,0.030000,-0.000000,unrailed,0.030000,,
407.352000,0.030000,0.000000,unrailed,0.030000,,
407.353000,0.030000,-0.000000,unrailed,0.030000,,
407.354000,0.030000,0.000000,unrailed,0.030000,,
407.355000,0.030000,-0.000000,unrailed,0.030000,,
407.356000,0.030000,0.000000,unrailed,0.030000,,
407.357000,0.030000,-0.000000,unrailed,0.030000,,
407.358000,0.030000,0.000000,unrailed,0.030000,,
407.359000,0.030000,-0.000000,unrailed,0.030000,,
407.360000,0.030000,0.000000,unrailed,0.030000,,
407.361000,0.030000,-0.000000,unrailed,0.030000,,
407.362000,0.030000,0.000000,unrailed,0.030000,,
407.363000,0.030000,-0.000000,unrailed,0.030000,,
407.364000,0.030000,0.000000,unrailed,0.030000,,
407.365000,0.030000,-0.000000,unrailed,0.030000,,
407.366000,0.030000,0.000000,unrailed,0.030000,,
407.367000,0.030000,-0.000000,unrailed,0.030000,,
407.368000,0.030000,0.000000,unrailed,0.030000,,
407.369000,0.030000,-0.000000,unrailed,0.030000,,
407.370000,0.030000,0.000000,unrailed,0.030000,,
407.371000,0.030000,-0.000000,unrailed,0.030000,,
407.372000,0.030000,0.000000,unrailed,0.030000,,
407.373000,0.030000,-0.000000,unrailed,0.030000,,
407.374000,0.030000,0.000000,unrailed,0.030000,,
407.375000,0.030000,-0.000000,unrailed,0.030000,,
407.376000,0.030000,0.000000,unrailed,0.030000,,
407.377000,0.030000,-0.000000,unrailed,0.030000,,
407.378000,0.030000,0.000000,unrailed,0.030000,,
407.379000,0.030000,-0.000000,unrailed,0.030000,,
407.380000,0.030000,0.000000,unrailed,0.030000,,
407.381000,0.030000,-0.000000,unrailed,0.030000,,
